graph_id,world,fold,node_id,comparison,primary_arm,comparator_arm,metric,primary_value,comparator_value,comparator_instances,delta
graph_00,industrial_cooling_system,0,node_000,oracle_vs_shuffle,core_oracle_estimated_weights,core_shuffled_graph,match_acc,1.0,0.35,20,0.65
graph_00,industrial_cooling_system,0,node_000,oracle_vs_shuffle,core_oracle_estimated_weights,core_shuffled_graph,gold_embedding_cosine,0.6491108969220913,0.5115954372106777,20,0.13751545971141366
graph_00,industrial_cooling_system,0,node_000,oracle_vs_shuffle,core_oracle_estimated_weights,core_shuffled_graph,mrr,0.16666666666666666,0.10435707567286515,20,0.06230959099380151
graph_00,industrial_cooling_system,0,node_000,oracle_vs_shuffle,core_oracle_estimated_weights,core_shuffled_graph,recall_at_1,0.0,0.0,20,0.0
graph_00,industrial_cooling_system,0,node_000,oracle_vs_shuffle,core_oracle_estimated_weights,core_shuffled_graph,recall_at_5,0.0,0.05,20,-0.05
graph_00,industrial_cooling_system,0,node_000,oracle_vs_shuffle,core_oracle_estimated_weights,core_shuffled_graph,exact_decode,0.0,0.0,20,0.0
graph_00,industrial_cooling_system,0,node_000,oracle_vs_reverse,core_oracle_estimated_weights,core_reversed_graph,match_acc,1.0,1.0,1,0.0
graph_00,industrial_cooling_system,0,node_000,oracle_vs_reverse,core_oracle_estimated_weights,core_reversed_graph,gold_embedding_cosine,0.6491108969220913,0.8268490929971585,1,-0.17773819607506713
graph_00,industrial_cooling_system,0,node_000,oracle_vs_reverse,core_oracle_estimated_weights,core_reversed_graph,mrr,0.16666666666666666,0.14285714285714285,1,0.023809523809523808
graph_00,industrial_cooling_system,0,node_000,oracle_vs_reverse,core_oracle_estimated_weights,core_reversed_graph,recall_at_1,0.0,0.0,1,0.0
graph_00,industrial_cooling_system,0,node_000,oracle_vs_reverse,core_oracle_estimated_weights,core_reversed_graph,recall_at_5,0.0,0.0,1,0.0
graph_00,industrial_cooling_system,0,node_000,oracle_vs_reverse,core_oracle_estimated_weights,core_reversed_graph,exact_decode,0.0,0.0,1,0.0
graph_00,industrial_cooling_system,0,node_000,oracle_vs_no_graph,core_oracle_estimated_weights,uniform,match_acc,1.0,0.0,1,1.0
graph_00,industrial_cooling_system,0,node_000,oracle_vs_no_graph,core_oracle_estimated_weights,uniform,gold_embedding_cosine,0.6491108969220913,0.9140682112787295,1,-0.26495731435663816
graph_00,industrial_cooling_system,0,node_000,oracle_vs_no_graph,core_oracle_estimated_weights,uniform,mrr,0.16666666666666666,0.06666666666666667,1,0.09999999999999999
graph_00,industrial_cooling_system,0,node_000,oracle_vs_no_graph,core_oracle_estimated_weights,uniform,recall_at_1,0.0,0.0,1,0.0
graph_00,industrial_cooling_system,0,node_000,oracle_vs_no_graph,core_oracle_estimated_weights,uniform,recall_at_5,0.0,0.0,1,0.0
graph_00,industrial_cooling_system,0,node_000,oracle_vs_no_graph,core_oracle_estimated_weights,uniform,exact_decode,0.0,0.0,1,0.0
graph_00,industrial_cooling_system,0,node_000,oracle_vs_rawcorr,core_oracle_estimated_weights,raw_correlation,match_acc,1.0,1.0,1,0.0
graph_00,industrial_cooling_system,0,node_000,oracle_vs_rawcorr,core_oracle_estimated_weights,raw_correlation,gold_embedding_cosine,0.6491108969220913,0.9070214599659662,1,-0.25791056304387483
graph_00,industrial_cooling_system,0,node_000,oracle_vs_rawcorr,core_oracle_estimated_weights,raw_correlation,mrr,0.16666666666666666,0.08333333333333333,1,0.08333333333333333
graph_00,industrial_cooling_system,0,node_000,oracle_vs_rawcorr,core_oracle_estimated_weights,raw_correlation,recall_at_1,0.0,0.0,1,0.0
graph_00,industrial_cooling_system,0,node_000,oracle_vs_rawcorr,core_oracle_estimated_weights,raw_correlation,recall_at_5,0.0,0.0,1,0.0
graph_00,industrial_cooling_system,0,node_000,oracle_vs_rawcorr,core_oracle_estimated_weights,raw_correlation,exact_decode,0.0,0.0,1,0.0
graph_00,industrial_cooling_system,0,node_007,oracle_vs_shuffle,core_oracle_estimated_weights,core_shuffled_graph,match_acc,1.0,0.65,20,0.35
graph_00,industrial_cooling_system,0,node_007,oracle_vs_shuffle,core_oracle_estimated_weights,core_shuffled_graph,gold_embedding_cosine,0.908331493067402,0.637188514872773,20,0.27114297819462907
graph_00,industrial_cooling_system,0,node_007,oracle_vs_shuffle,core_oracle_estimated_weights,core_shuffled_graph,mrr,0.25,0.22735280650721829,20,0.022647193492781714
graph_00,industrial_cooling_system,0,node_007,oracle_vs_shuffle,core_oracle_estimated_weights,core_shuffled_graph,recall_at_1,0.0,0.1,20,-0.1
graph_00,industrial_cooling_system,0,node_007,oracle_vs_shuffle,core_oracle_estimated_weights,core_shuffled_graph,recall_at_5,1.0,0.25,20,0.75
graph_00,industrial_cooling_system,0,node_007,oracle_vs_shuffle,core_oracle_estimated_weights,core_shuffled_graph,exact_decode,0.0,0.1,20,-0.1
graph_00,industrial_cooling_system,0,node_007,oracle_vs_reverse,core_oracle_estimated_weights,core_reversed_graph,match_acc,1.0,1.0,1,0.0
graph_00,industrial_cooling_system,0,node_007,oracle_vs_reverse,core_oracle_estimated_weights,core_reversed_graph,gold_embedding_cosine,0.908331493067402,0.9136810434692036,1,-0.005349550401801628
graph_00,industrial_cooling_system,0,node_007,oracle_vs_reverse,core_oracle_estimated_weights,core_reversed_graph,mrr,0.25,0.16666666666666666,1,0.08333333333333334
graph_00,industrial_cooling_system,0,node_007,oracle_vs_reverse,core_oracle_estimated_weights,core_reversed_graph,recall_at_1,0.0,0.0,1,0.0
graph_00,industrial_cooling_system,0,node_007,oracle_vs_reverse,core_oracle_estimated_weights,core_reversed_graph,recall_at_5,1.0,0.0,1,1.0
graph_00,industrial_cooling_system,0,node_007,oracle_vs_reverse,core_oracle_estimated_weights,core_reversed_graph,exact_decode,0.0,0.0,1,0.0
graph_00,industrial_cooling_system,0,node_007,oracle_vs_no_graph,core_oracle_estimated_weights,uniform,match_acc,1.0,0.0,1,1.0
graph_00,industrial_cooling_system,0,node_007,oracle_vs_no_graph,core_oracle_estimated_weights,uniform,gold_embedding_cosine,0.908331493067402,0.8997543509973142,1,0.008577142070087862
graph_00,industrial_cooling_system,0,node_007,oracle_vs_no_graph,core_oracle_estimated_weights,uniform,mrr,0.25,0.05,1,0.2
graph_00,industrial_cooling_system,0,node_007,oracle_vs_no_graph,core_oracle_estimated_weights,uniform,recall_at_1,0.0,0.0,1,0.0
graph_00,industrial_cooling_system,0,node_007,oracle_vs_no_graph,core_oracle_estimated_weights,uniform,recall_at_5,1.0,0.0,1,1.0
graph_00,industrial_cooling_system,0,node_007,oracle_vs_no_graph,core_oracle_estimated_weights,uniform,exact_decode,0.0,0.0,1,0.0
graph_00,industrial_cooling_system,0,node_007,oracle_vs_rawcorr,core_oracle_estimated_weights,raw_correlation,match_acc,1.0,1.0,1,0.0
graph_00,industrial_cooling_system,0,node_007,oracle_vs_rawcorr,core_oracle_estimated_weights,raw_correlation,gold_embedding_cosine,0.908331493067402,0.9068706331186992,1,0.0014608599487028195
graph_00,industrial_cooling_system,0,node_007,oracle_vs_rawcorr,core_oracle_estimated_weights,raw_correlation,mrr,0.25,0.05555555555555555,1,0.19444444444444445
graph_00,industrial_cooling_system,0,node_007,oracle_vs_rawcorr,core_oracle_estimated_weights,raw_correlation,recall_at_1,0.0,0.0,1,0.0
graph_00,industrial_cooling_system,0,node_007,oracle_vs_rawcorr,core_oracle_estimated_weights,raw_correlation,recall_at_5,1.0,0.0,1,1.0
graph_00,industrial_cooling_system,0,node_007,oracle_vs_rawcorr,core_oracle_estimated_weights,raw_correlation,exact_decode,0.0,0.0,1,0.0
graph_00,industrial_cooling_system,0,node_012,oracle_vs_shuffle,core_oracle_estimated_weights,core_shuffled_graph,match_acc,1.0,0.55,20,0.44999999999999996
graph_00,industrial_cooling_system,0,node_012,oracle_vs_shuffle,core_oracle_estimated_weights,core_shuffled_graph,gold_embedding_cosine,0.9270087350848031,0.7746571781835496,20,0.15235155690125346
graph_00,industrial_cooling_system,0,node_012,oracle_vs_shuffle,core_oracle_estimated_weights,core_shuffled_graph,mrr,0.3333333333333333,0.19312069874569876,20,0.14021263458763455
graph_00,industrial_cooling_system,0,node_012,oracle_vs_shuffle,core_oracle_estimated_weights,core_shuffled_graph,recall_at_1,0.0,0.0,20,0.0
graph_00,industrial_cooling_system,0,node_012,oracle_vs_shuffle,core_oracle_estimated_weights,core_shuffled_graph,recall_at_5,1.0,0.45,20,0.55
graph_00,industrial_cooling_system,0,node_012,oracle_vs_shuffle,core_oracle_estimated_weights,core_shuffled_graph,exact_decode,0.0,0.0,20,0.0
graph_00,industrial_cooling_system,0,node_012,oracle_vs_reverse,core_oracle_estimated_weights,core_reversed_graph,match_acc,1.0,1.0,1,0.0
graph_00,industrial_cooling_system,0,node_012,oracle_vs_reverse,core_oracle_estimated_weights,core_reversed_graph,gold_embedding_cosine,0.9270087350848031,0.9035087485611298,1,0.023499986523673244
graph_00,industrial_cooling_system,0,node_012,oracle_vs_reverse,core_oracle_estimated_weights,core_reversed_graph,mrr,0.3333333333333333,0.25,1,0.08333333333333331
graph_00,industrial_cooling_system,0,node_012,oracle_vs_reverse,core_oracle_estimated_weights,core_reversed_graph,recall_at_1,0.0,0.0,1,0.0
graph_00,industrial_cooling_system,0,node_012,oracle_vs_reverse,core_oracle_estimated_weights,core_reversed_graph,recall_at_5,1.0,1.0,1,0.0
graph_00,industrial_cooling_system,0,node_012,oracle_vs_reverse,core_oracle_estimated_weights,core_reversed_graph,exact_decode,0.0,0.0,1,0.0
graph_00,industrial_cooling_system,0,node_012,oracle_vs_no_graph,core_oracle_estimated_weights,uniform,match_acc,1.0,1.0,1,0.0
graph_00,industrial_cooling_system,0,node_012,oracle_vs_no_graph,core_oracle_estimated_weights,uniform,gold_embedding_cosine,0.9270087350848031,0.9250546629502872,1,0.0019540721345159273
graph_00,industrial_cooling_system,0,node_012,oracle_vs_no_graph,core_oracle_estimated_weights,uniform,mrr,0.3333333333333333,0.1111111111111111,1,0.2222222222222222
graph_00,industrial_cooling_system,0,node_012,oracle_vs_no_graph,core_oracle_estimated_weights,uniform,recall_at_1,0.0,0.0,1,0.0
graph_00,industrial_cooling_system,0,node_012,oracle_vs_no_graph,core_oracle_estimated_weights,uniform,recall_at_5,1.0,0.0,1,1.0
graph_00,industrial_cooling_system,0,node_012,oracle_vs_no_graph,core_oracle_estimated_weights,uniform,exact_decode,0.0,0.0,1,0.0
graph_00,industrial_cooling_system,0,node_012,oracle_vs_rawcorr,core_oracle_estimated_weights,raw_correlation,match_acc,1.0,1.0,1,0.0
graph_00,industrial_cooling_system,0,node_012,oracle_vs_rawcorr,core_oracle_estimated_weights,raw_correlation,gold_embedding_cosine,0.9270087350848031,0.9297508324274096,1,-0.002742097342606553
graph_00,industrial_cooling_system,0,node_012,oracle_vs_rawcorr,core_oracle_estimated_weights,raw_correlation,mrr,0.3333333333333333,0.2,1,0.1333333333333333
graph_00,industrial_cooling_system,0,node_012,oracle_vs_rawcorr,core_oracle_estimated_weights,raw_correlation,recall_at_1,0.0,0.0,1,0.0
graph_00,industrial_cooling_system,0,node_012,oracle_vs_rawcorr,core_oracle_estimated_weights,raw_correlation,recall_at_5,1.0,1.0,1,0.0
graph_00,industrial_cooling_system,0,node_012,oracle_vs_rawcorr,core_oracle_estimated_weights,raw_correlation,exact_decode,0.0,0.0,1,0.0
graph_00,industrial_cooling_system,0,node_018,oracle_vs_shuffle,core_oracle_estimated_weights,core_shuffled_graph,match_acc,1.0,0.4,20,0.6
graph_00,industrial_cooling_system,0,node_018,oracle_vs_shuffle,core_oracle_estimated_weights,core_shuffled_graph,gold_embedding_cosine,0.8780650110324725,0.8317652118768578,20,0.04629979915561466
graph_00,industrial_cooling_system,0,node_018,oracle_vs_shuffle,core_oracle_estimated_weights,core_shuffled_graph,mrr,0.25,0.13988228360906382,20,0.11011771639093618
graph_00,industrial_cooling_system,0,node_018,oracle_vs_shuffle,core_oracle_estimated_weights,core_shuffled_graph,recall_at_1,0.0,0.0,20,0.0
graph_00,industrial_cooling_system,0,node_018,oracle_vs_shuffle,core_oracle_estimated_weights,core_shuffled_graph,recall_at_5,1.0,0.3,20,0.7
graph_00,industrial_cooling_system,0,node_018,oracle_vs_shuffle,core_oracle_estimated_weights,core_shuffled_graph,exact_decode,0.0,0.0,20,0.0
graph_00,industrial_cooling_system,0,node_018,oracle_vs_reverse,core_oracle_estimated_weights,core_reversed_graph,match_acc,1.0,1.0,1,0.0
graph_00,industrial_cooling_system,0,node_018,oracle_vs_reverse,core_oracle_estimated_weights,core_reversed_graph,gold_embedding_cosine,0.8780650110324725,0.9072555159092976,1,-0.029190504876825174
graph_00,industrial_cooling_system,0,node_018,oracle_vs_reverse,core_oracle_estimated_weights,core_reversed_graph,mrr,0.25,0.3333333333333333,1,-0.08333333333333331
graph_00,industrial_cooling_system,0,node_018,oracle_vs_reverse,core_oracle_estimated_weights,core_reversed_graph,recall_at_1,0.0,0.0,1,0.0
graph_00,industrial_cooling_system,0,node_018,oracle_vs_reverse,core_oracle_estimated_weights,core_reversed_graph,recall_at_5,1.0,1.0,1,0.0
graph_00,industrial_cooling_system,0,node_018,oracle_vs_reverse,core_oracle_estimated_weights,core_reversed_graph,exact_decode,0.0,0.0,1,0.0
graph_00,industrial_cooling_system,0,node_018,oracle_vs_no_graph,core_oracle_estimated_weights,uniform,match_acc,1.0,0.0,1,1.0
graph_00,industrial_cooling_system,0,node_018,oracle_vs_no_graph,core_oracle_estimated_weights,uniform,gold_embedding_cosine,0.8780650110324725,0.9011856317361534,1,-0.023120620703680927
graph_00,industrial_cooling_system,0,node_018,oracle_vs_no_graph,core_oracle_estimated_weights,uniform,mrr,0.25,0.05263157894736842,1,0.19736842105263158
graph_00,industrial_cooling_system,0,node_018,oracle_vs_no_graph,core_oracle_estimated_weights,uniform,recall_at_1,0.0,0.0,1,0.0
graph_00,industrial_cooling_system,0,node_018,oracle_vs_no_graph,core_oracle_estimated_weights,uniform,recall_at_5,1.0,0.0,1,1.0
graph_00,industrial_cooling_system,0,node_018,oracle_vs_no_graph,core_oracle_estimated_weights,uniform,exact_decode,0.0,0.0,1,0.0
graph_00,industrial_cooling_system,0,node_018,oracle_vs_rawcorr,core_oracle_estimated_weights,raw_correlation,match_acc,1.0,1.0,1,0.0
graph_00,industrial_cooling_system,0,node_018,oracle_vs_rawcorr,core_oracle_estimated_weights,raw_correlation,gold_embedding_cosine,0.8780650110324725,0.9072702193509864,1,-0.02920520831851392
graph_00,industrial_cooling_system,0,node_018,oracle_vs_rawcorr,core_oracle_estimated_weights,raw_correlation,mrr,0.25,0.05263157894736842,1,0.19736842105263158
graph_00,industrial_cooling_system,0,node_018,oracle_vs_rawcorr,core_oracle_estimated_weights,raw_correlation,recall_at_1,0.0,0.0,1,0.0
graph_00,industrial_cooling_system,0,node_018,oracle_vs_rawcorr,core_oracle_estimated_weights,raw_correlation,recall_at_5,1.0,0.0,1,1.0
graph_00,industrial_cooling_system,0,node_018,oracle_vs_rawcorr,core_oracle_estimated_weights,raw_correlation,exact_decode,0.0,0.0,1,0.0
graph_00,industrial_cooling_system,1,node_001,oracle_vs_shuffle,core_oracle_estimated_weights,core_shuffled_graph,match_acc,1.0,0.4,20,0.6
graph_00,industrial_cooling_system,1,node_001,oracle_vs_shuffle,core_oracle_estimated_weights,core_shuffled_graph,gold_embedding_cosine,0.6094464120241153,0.7278927432530943,20,-0.11844633122897896
graph_00,industrial_cooling_system,1,node_001,oracle_vs_shuffle,core_oracle_estimated_weights,core_shuffled_graph,mrr,0.5,0.1973051948051948,20,0.3026948051948052
graph_00,industrial_cooling_system,1,node_001,oracle_vs_shuffle,core_oracle_estimated_weights,core_shuffled_graph,recall_at_1,0.0,0.0,20,0.0
graph_00,industrial_cooling_system,1,node_001,oracle_vs_shuffle,core_oracle_estimated_weights,core_shuffled_graph,recall_at_5,1.0,0.4,20,0.6
graph_00,industrial_cooling_system,1,node_001,oracle_vs_shuffle,core_oracle_estimated_weights,core_shuffled_graph,exact_decode,0.0,0.0,20,0.0
graph_00,industrial_cooling_system,1,node_001,oracle_vs_reverse,core_oracle_estimated_weights,core_reversed_graph,match_acc,1.0,1.0,1,0.0
graph_00,industrial_cooling_system,1,node_001,oracle_vs_reverse,core_oracle_estimated_weights,core_reversed_graph,gold_embedding_cosine,0.6094464120241153,0.8753109491753207,1,-0.2658645371512054
graph_00,industrial_cooling_system,1,node_001,oracle_vs_reverse,core_oracle_estimated_weights,core_reversed_graph,mrr,0.5,0.5,1,0.0
graph_00,industrial_cooling_system,1,node_001,oracle_vs_reverse,core_oracle_estimated_weights,core_reversed_graph,recall_at_1,0.0,0.0,1,0.0
graph_00,industrial_cooling_system,1,node_001,oracle_vs_reverse,core_oracle_estimated_weights,core_reversed_graph,recall_at_5,1.0,1.0,1,0.0
graph_00,industrial_cooling_system,1,node_001,oracle_vs_reverse,core_oracle_estimated_weights,core_reversed_graph,exact_decode,0.0,0.0,1,0.0
graph_00,industrial_cooling_system,1,node_001,oracle_vs_no_graph,core_oracle_estimated_weights,uniform,match_acc,1.0,1.0,1,0.0
graph_00,industrial_cooling_system,1,node_001,oracle_vs_no_graph,core_oracle_estimated_weights,uniform,gold_embedding_cosine,0.6094464120241153,0.9233904121488898,1,-0.3139440001247745
graph_00,industrial_cooling_system,1,node_001,oracle_vs_no_graph,core_oracle_estimated_weights,uniform,mrr,0.5,0.125,1,0.375
graph_00,industrial_cooling_system,1,node_001,oracle_vs_no_graph,core_oracle_estimated_weights,uniform,recall_at_1,0.0,0.0,1,0.0
graph_00,industrial_cooling_system,1,node_001,oracle_vs_no_graph,core_oracle_estimated_weights,uniform,recall_at_5,1.0,0.0,1,1.0
graph_00,industrial_cooling_system,1,node_001,oracle_vs_no_graph,core_oracle_estimated_weights,uniform,exact_decode,0.0,0.0,1,0.0
graph_00,industrial_cooling_system,1,node_001,oracle_vs_rawcorr,core_oracle_estimated_weights,raw_correlation,match_acc,1.0,1.0,1,0.0
graph_00,industrial_cooling_system,1,node_001,oracle_vs_rawcorr,core_oracle_estimated_weights,raw_correlation,gold_embedding_cosine,0.6094464120241153,0.9245158548459299,1,-0.3150694428218146
graph_00,industrial_cooling_system,1,node_001,oracle_vs_rawcorr,core_oracle_estimated_weights,raw_correlation,mrr,0.5,0.25,1,0.25
graph_00,industrial_cooling_system,1,node_001,oracle_vs_rawcorr,core_oracle_estimated_weights,raw_correlation,recall_at_1,0.0,0.0,1,0.0
graph_00,industrial_cooling_system,1,node_001,oracle_vs_rawcorr,core_oracle_estimated_weights,raw_correlation,recall_at_5,1.0,1.0,1,0.0
graph_00,industrial_cooling_system,1,node_001,oracle_vs_rawcorr,core_oracle_estimated_weights,raw_correlation,exact_decode,0.0,0.0,1,0.0
graph_00,industrial_cooling_system,1,node_008,oracle_vs_shuffle,core_oracle_estimated_weights,core_shuffled_graph,match_acc,1.0,0.4,20,0.6
graph_00,industrial_cooling_system,1,node_008,oracle_vs_shuffle,core_oracle_estimated_weights,core_shuffled_graph,gold_embedding_cosine,0.9027011829385397,0.7734297840593476,20,0.12927139887919215
graph_00,industrial_cooling_system,1,node_008,oracle_vs_shuffle,core_oracle_estimated_weights,core_shuffled_graph,mrr,0.14285714285714285,0.14677454489954492,20,-0.003917402042402068
graph_00,industrial_cooling_system,1,node_008,oracle_vs_shuffle,core_oracle_estimated_weights,core_shuffled_graph,recall_at_1,0.0,0.0,20,0.0
graph_00,industrial_cooling_system,1,node_008,oracle_vs_shuffle,core_oracle_estimated_weights,core_shuffled_graph,recall_at_5,0.0,0.2,20,-0.2
graph_00,industrial_cooling_system,1,node_008,oracle_vs_shuffle,core_oracle_estimated_weights,core_shuffled_graph,exact_decode,0.0,0.0,20,0.0
graph_00,industrial_cooling_system,1,node_008,oracle_vs_reverse,core_oracle_estimated_weights,core_reversed_graph,match_acc,1.0,1.0,1,0.0
graph_00,industrial_cooling_system,1,node_008,oracle_vs_reverse,core_oracle_estimated_weights,core_reversed_graph,gold_embedding_cosine,0.9027011829385397,0.9097780009772427,1,-0.00707681803870297
graph_00,industrial_cooling_system,1,node_008,oracle_vs_reverse,core_oracle_estimated_weights,core_reversed_graph,mrr,0.14285714285714285,0.14285714285714285,1,0.0
graph_00,industrial_cooling_system,1,node_008,oracle_vs_reverse,core_oracle_estimated_weights,core_reversed_graph,recall_at_1,0.0,0.0,1,0.0
graph_00,industrial_cooling_system,1,node_008,oracle_vs_reverse,core_oracle_estimated_weights,core_reversed_graph,recall_at_5,0.0,0.0,1,0.0
graph_00,industrial_cooling_system,1,node_008,oracle_vs_reverse,core_oracle_estimated_weights,core_reversed_graph,exact_decode,0.0,0.0,1,0.0
graph_00,industrial_cooling_system,1,node_008,oracle_vs_no_graph,core_oracle_estimated_weights,uniform,match_acc,1.0,1.0,1,0.0
graph_00,industrial_cooling_system,1,node_008,oracle_vs_no_graph,core_oracle_estimated_weights,uniform,gold_embedding_cosine,0.9027011829385397,0.9216161551730222,1,-0.018914972234482463
graph_00,industrial_cooling_system,1,node_008,oracle_vs_no_graph,core_oracle_estimated_weights,uniform,mrr,0.14285714285714285,0.1111111111111111,1,0.031746031746031744
graph_00,industrial_cooling_system,1,node_008,oracle_vs_no_graph,core_oracle_estimated_weights,uniform,recall_at_1,0.0,0.0,1,0.0
graph_00,industrial_cooling_system,1,node_008,oracle_vs_no_graph,core_oracle_estimated_weights,uniform,recall_at_5,0.0,0.0,1,0.0
graph_00,industrial_cooling_system,1,node_008,oracle_vs_no_graph,core_oracle_estimated_weights,uniform,exact_decode,0.0,0.0,1,0.0
graph_00,industrial_cooling_system,1,node_008,oracle_vs_rawcorr,core_oracle_estimated_weights,raw_correlation,match_acc,1.0,1.0,1,0.0
graph_00,industrial_cooling_system,1,node_008,oracle_vs_rawcorr,core_oracle_estimated_weights,raw_correlation,gold_embedding_cosine,0.9027011829385397,0.9230617403522718,1,-0.020360557413732105
graph_00,industrial_cooling_system,1,node_008,oracle_vs_rawcorr,core_oracle_estimated_weights,raw_correlation,mrr,0.14285714285714285,0.16666666666666666,1,-0.023809523809523808
graph_00,industrial_cooling_system,1,node_008,oracle_vs_rawcorr,core_oracle_estimated_weights,raw_correlation,recall_at_1,0.0,0.0,1,0.0
graph_00,industrial_cooling_system,1,node_008,oracle_vs_rawcorr,core_oracle_estimated_weights,raw_correlation,recall_at_5,0.0,0.0,1,0.0
graph_00,industrial_cooling_system,1,node_008,oracle_vs_rawcorr,core_oracle_estimated_weights,raw_correlation,exact_decode,0.0,0.0,1,0.0
graph_00,industrial_cooling_system,1,node_013,oracle_vs_shuffle,core_oracle_estimated_weights,core_shuffled_graph,match_acc,1.0,0.35,20,0.65
graph_00,industrial_cooling_system,1,node_013,oracle_vs_shuffle,core_oracle_estimated_weights,core_shuffled_graph,gold_embedding_cosine,0.8873130933953995,0.8340381824845116,20,0.053274910910887985
graph_00,industrial_cooling_system,1,node_013,oracle_vs_shuffle,core_oracle_estimated_weights,core_shuffled_graph,mrr,0.25,0.12846752512193688,20,0.12153247487806312
graph_00,industrial_cooling_system,1,node_013,oracle_vs_shuffle,core_oracle_estimated_weights,core_shuffled_graph,recall_at_1,0.0,0.0,20,0.0
graph_00,industrial_cooling_system,1,node_013,oracle_vs_shuffle,core_oracle_estimated_weights,core_shuffled_graph,recall_at_5,1.0,0.3,20,0.7
graph_00,industrial_cooling_system,1,node_013,oracle_vs_shuffle,core_oracle_estimated_weights,core_shuffled_graph,exact_decode,0.0,0.0,20,0.0
graph_00,industrial_cooling_system,1,node_013,oracle_vs_reverse,core_oracle_estimated_weights,core_reversed_graph,match_acc,1.0,1.0,1,0.0
graph_00,industrial_cooling_system,1,node_013,oracle_vs_reverse,core_oracle_estimated_weights,core_reversed_graph,gold_embedding_cosine,0.8873130933953995,0.7846236099441197,1,0.10268948345127982
graph_00,industrial_cooling_system,1,node_013,oracle_vs_reverse,core_oracle_estimated_weights,core_reversed_graph,mrr,0.25,0.16666666666666666,1,0.08333333333333334
graph_00,industrial_cooling_system,1,node_013,oracle_vs_reverse,core_oracle_estimated_weights,core_reversed_graph,recall_at_1,0.0,0.0,1,0.0
graph_00,industrial_cooling_system,1,node_013,oracle_vs_reverse,core_oracle_estimated_weights,core_reversed_graph,recall_at_5,1.0,0.0,1,1.0
graph_00,industrial_cooling_system,1,node_013,oracle_vs_reverse,core_oracle_estimated_weights,core_reversed_graph,exact_decode,0.0,0.0,1,0.0
graph_00,industrial_cooling_system,1,node_013,oracle_vs_no_graph,core_oracle_estimated_weights,uniform,match_acc,1.0,1.0,1,0.0
graph_00,industrial_cooling_system,1,node_013,oracle_vs_no_graph,core_oracle_estimated_weights,uniform,gold_embedding_cosine,0.8873130933953995,0.906734173293726,1,-0.01942107989832642
graph_00,industrial_cooling_system,1,node_013,oracle_vs_no_graph,core_oracle_estimated_weights,uniform,mrr,0.25,0.05,1,0.2
graph_00,industrial_cooling_system,1,node_013,oracle_vs_no_graph,core_oracle_estimated_weights,uniform,recall_at_1,0.0,0.0,1,0.0
graph_00,industrial_cooling_system,1,node_013,oracle_vs_no_graph,core_oracle_estimated_weights,uniform,recall_at_5,1.0,0.0,1,1.0
graph_00,industrial_cooling_system,1,node_013,oracle_vs_no_graph,core_oracle_estimated_weights,uniform,exact_decode,0.0,0.0,1,0.0
graph_00,industrial_cooling_system,1,node_013,oracle_vs_rawcorr,core_oracle_estimated_weights,raw_correlation,match_acc,1.0,1.0,1,0.0
graph_00,industrial_cooling_system,1,node_013,oracle_vs_rawcorr,core_oracle_estimated_weights,raw_correlation,gold_embedding_cosine,0.8873130933953995,0.9086841583371625,1,-0.021371064941762996
graph_00,industrial_cooling_system,1,node_013,oracle_vs_rawcorr,core_oracle_estimated_weights,raw_correlation,mrr,0.25,0.05555555555555555,1,0.19444444444444445
graph_00,industrial_cooling_system,1,node_013,oracle_vs_rawcorr,core_oracle_estimated_weights,raw_correlation,recall_at_1,0.0,0.0,1,0.0
graph_00,industrial_cooling_system,1,node_013,oracle_vs_rawcorr,core_oracle_estimated_weights,raw_correlation,recall_at_5,1.0,0.0,1,1.0
graph_00,industrial_cooling_system,1,node_013,oracle_vs_rawcorr,core_oracle_estimated_weights,raw_correlation,exact_decode,0.0,0.0,1,0.0
graph_00,industrial_cooling_system,1,node_019,oracle_vs_shuffle,core_oracle_estimated_weights,core_shuffled_graph,match_acc,1.0,0.5,20,0.5
graph_00,industrial_cooling_system,1,node_019,oracle_vs_shuffle,core_oracle_estimated_weights,core_shuffled_graph,gold_embedding_cosine,0.8691990565447841,0.7862610843235616,20,0.08293797222122257
graph_00,industrial_cooling_system,1,node_019,oracle_vs_shuffle,core_oracle_estimated_weights,core_shuffled_graph,mrr,0.5,0.15721301359459253,20,0.3427869864054075
graph_00,industrial_cooling_system,1,node_019,oracle_vs_shuffle,core_oracle_estimated_weights,core_shuffled_graph,recall_at_1,0.0,0.0,20,0.0
graph_00,industrial_cooling_system,1,node_019,oracle_vs_shuffle,core_oracle_estimated_weights,core_shuffled_graph,recall_at_5,1.0,0.35,20,0.65
graph_00,industrial_cooling_system,1,node_019,oracle_vs_shuffle,core_oracle_estimated_weights,core_shuffled_graph,exact_decode,0.0,0.0,20,0.0
graph_00,industrial_cooling_system,1,node_019,oracle_vs_reverse,core_oracle_estimated_weights,core_reversed_graph,match_acc,1.0,1.0,1,0.0
graph_00,industrial_cooling_system,1,node_019,oracle_vs_reverse,core_oracle_estimated_weights,core_reversed_graph,gold_embedding_cosine,0.8691990565447841,0.8956316114633589,1,-0.02643255491857477
graph_00,industrial_cooling_system,1,node_019,oracle_vs_reverse,core_oracle_estimated_weights,core_reversed_graph,mrr,0.5,0.5,1,0.0
graph_00,industrial_cooling_system,1,node_019,oracle_vs_reverse,core_oracle_estimated_weights,core_reversed_graph,recall_at_1,0.0,0.0,1,0.0
graph_00,industrial_cooling_system,1,node_019,oracle_vs_reverse,core_oracle_estimated_weights,core_reversed_graph,recall_at_5,1.0,1.0,1,0.0
graph_00,industrial_cooling_system,1,node_019,oracle_vs_reverse,core_oracle_estimated_weights,core_reversed_graph,exact_decode,0.0,0.0,1,0.0
graph_00,industrial_cooling_system,1,node_019,oracle_vs_no_graph,core_oracle_estimated_weights,uniform,match_acc,1.0,1.0,1,0.0
graph_00,industrial_cooling_system,1,node_019,oracle_vs_no_graph,core_oracle_estimated_weights,uniform,gold_embedding_cosine,0.8691990565447841,0.9068817653360656,1,-0.03768270879128144
graph_00,industrial_cooling_system,1,node_019,oracle_vs_no_graph,core_oracle_estimated_weights,uniform,mrr,0.5,0.05263157894736842,1,0.4473684210526316
graph_00,industrial_cooling_system,1,node_019,oracle_vs_no_graph,core_oracle_estimated_weights,uniform,recall_at_1,0.0,0.0,1,0.0
graph_00,industrial_cooling_system,1,node_019,oracle_vs_no_graph,core_oracle_estimated_weights,uniform,recall_at_5,1.0,0.0,1,1.0
graph_00,industrial_cooling_system,1,node_019,oracle_vs_no_graph,core_oracle_estimated_weights,uniform,exact_decode,0.0,0.0,1,0.0
graph_00,industrial_cooling_system,1,node_019,oracle_vs_rawcorr,core_oracle_estimated_weights,raw_correlation,match_acc,1.0,1.0,1,0.0
graph_00,industrial_cooling_system,1,node_019,oracle_vs_rawcorr,core_oracle_estimated_weights,raw_correlation,gold_embedding_cosine,0.8691990565447841,0.9113048662667661,1,-0.04210580972198197
graph_00,industrial_cooling_system,1,node_019,oracle_vs_rawcorr,core_oracle_estimated_weights,raw_correlation,mrr,0.5,0.06666666666666667,1,0.43333333333333335
graph_00,industrial_cooling_system,1,node_019,oracle_vs_rawcorr,core_oracle_estimated_weights,raw_correlation,recall_at_1,0.0,0.0,1,0.0
graph_00,industrial_cooling_system,1,node_019,oracle_vs_rawcorr,core_oracle_estimated_weights,raw_correlation,recall_at_5,1.0,0.0,1,1.0
graph_00,industrial_cooling_system,1,node_019,oracle_vs_rawcorr,core_oracle_estimated_weights,raw_correlation,exact_decode,0.0,0.0,1,0.0
graph_00,industrial_cooling_system,2,node_002,oracle_vs_shuffle,core_oracle_estimated_weights,core_shuffled_graph,match_acc,1.0,0.55,20,0.44999999999999996
graph_00,industrial_cooling_system,2,node_002,oracle_vs_shuffle,core_oracle_estimated_weights,core_shuffled_graph,gold_embedding_cosine,0.6988864701384181,0.7216749341394125,20,-0.022788464000994435
graph_00,industrial_cooling_system,2,node_002,oracle_vs_shuffle,core_oracle_estimated_weights,core_shuffled_graph,mrr,0.5,0.21218720821661993,20,0.28781279178338004
graph_00,industrial_cooling_system,2,node_002,oracle_vs_shuffle,core_oracle_estimated_weights,core_shuffled_graph,recall_at_1,0.0,0.0,20,0.0
graph_00,industrial_cooling_system,2,node_002,oracle_vs_shuffle,core_oracle_estimated_weights,core_shuffled_graph,recall_at_5,1.0,0.55,20,0.44999999999999996
graph_00,industrial_cooling_system,2,node_002,oracle_vs_shuffle,core_oracle_estimated_weights,core_shuffled_graph,exact_decode,0.0,0.0,20,0.0
graph_00,industrial_cooling_system,2,node_002,oracle_vs_reverse,core_oracle_estimated_weights,core_reversed_graph,match_acc,1.0,1.0,1,0.0
graph_00,industrial_cooling_system,2,node_002,oracle_vs_reverse,core_oracle_estimated_weights,core_reversed_graph,gold_embedding_cosine,0.6988864701384181,0.8938205246407365,1,-0.19493405450231838
graph_00,industrial_cooling_system,2,node_002,oracle_vs_reverse,core_oracle_estimated_weights,core_reversed_graph,mrr,0.5,0.5,1,0.0
graph_00,industrial_cooling_system,2,node_002,oracle_vs_reverse,core_oracle_estimated_weights,core_reversed_graph,recall_at_1,0.0,0.0,1,0.0
graph_00,industrial_cooling_system,2,node_002,oracle_vs_reverse,core_oracle_estimated_weights,core_reversed_graph,recall_at_5,1.0,1.0,1,0.0
graph_00,industrial_cooling_system,2,node_002,oracle_vs_reverse,core_oracle_estimated_weights,core_reversed_graph,exact_decode,0.0,0.0,1,0.0
graph_00,industrial_cooling_system,2,node_002,oracle_vs_no_graph,core_oracle_estimated_weights,uniform,match_acc,1.0,1.0,1,0.0
graph_00,industrial_cooling_system,2,node_002,oracle_vs_no_graph,core_oracle_estimated_weights,uniform,gold_embedding_cosine,0.6988864701384181,0.9231473169527963,1,-0.2242608468143782
graph_00,industrial_cooling_system,2,node_002,oracle_vs_no_graph,core_oracle_estimated_weights,uniform,mrr,0.5,0.1,1,0.4
graph_00,industrial_cooling_system,2,node_002,oracle_vs_no_graph,core_oracle_estimated_weights,uniform,recall_at_1,0.0,0.0,1,0.0
graph_00,industrial_cooling_system,2,node_002,oracle_vs_no_graph,core_oracle_estimated_weights,uniform,recall_at_5,1.0,0.0,1,1.0
graph_00,industrial_cooling_system,2,node_002,oracle_vs_no_graph,core_oracle_estimated_weights,uniform,exact_decode,0.0,0.0,1,0.0
graph_00,industrial_cooling_system,2,node_002,oracle_vs_rawcorr,core_oracle_estimated_weights,raw_correlation,match_acc,1.0,1.0,1,0.0
graph_00,industrial_cooling_system,2,node_002,oracle_vs_rawcorr,core_oracle_estimated_weights,raw_correlation,gold_embedding_cosine,0.6988864701384181,0.9265144141448267,1,-0.22762794400640862
graph_00,industrial_cooling_system,2,node_002,oracle_vs_rawcorr,core_oracle_estimated_weights,raw_correlation,mrr,0.5,0.2,1,0.3
graph_00,industrial_cooling_system,2,node_002,oracle_vs_rawcorr,core_oracle_estimated_weights,raw_correlation,recall_at_1,0.0,0.0,1,0.0
graph_00,industrial_cooling_system,2,node_002,oracle_vs_rawcorr,core_oracle_estimated_weights,raw_correlation,recall_at_5,1.0,1.0,1,0.0
graph_00,industrial_cooling_system,2,node_002,oracle_vs_rawcorr,core_oracle_estimated_weights,raw_correlation,exact_decode,0.0,0.0,1,0.0
graph_00,industrial_cooling_system,2,node_009,oracle_vs_shuffle,core_oracle_estimated_weights,core_shuffled_graph,match_acc,1.0,0.15,20,0.85
graph_00,industrial_cooling_system,2,node_009,oracle_vs_shuffle,core_oracle_estimated_weights,core_shuffled_graph,gold_embedding_cosine,0.8959090384951415,0.8026266921003058,20,0.09328234639483568
graph_00,industrial_cooling_system,2,node_009,oracle_vs_shuffle,core_oracle_estimated_weights,core_shuffled_graph,mrr,0.16666666666666666,0.14810346816925762,20,0.018563198497409034
graph_00,industrial_cooling_system,2,node_009,oracle_vs_shuffle,core_oracle_estimated_weights,core_shuffled_graph,recall_at_1,0.0,0.0,20,0.0
graph_00,industrial_cooling_system,2,node_009,oracle_vs_shuffle,core_oracle_estimated_weights,core_shuffled_graph,recall_at_5,0.0,0.3,20,-0.3
graph_00,industrial_cooling_system,2,node_009,oracle_vs_shuffle,core_oracle_estimated_weights,core_shuffled_graph,exact_decode,0.0,0.0,20,0.0
graph_00,industrial_cooling_system,2,node_009,oracle_vs_reverse,core_oracle_estimated_weights,core_reversed_graph,match_acc,1.0,1.0,1,0.0
graph_00,industrial_cooling_system,2,node_009,oracle_vs_reverse,core_oracle_estimated_weights,core_reversed_graph,gold_embedding_cosine,0.8959090384951415,0.921158424777771,1,-0.025249386282629516
graph_00,industrial_cooling_system,2,node_009,oracle_vs_reverse,core_oracle_estimated_weights,core_reversed_graph,mrr,0.16666666666666666,0.16666666666666666,1,0.0
graph_00,industrial_cooling_system,2,node_009,oracle_vs_reverse,core_oracle_estimated_weights,core_reversed_graph,recall_at_1,0.0,0.0,1,0.0
graph_00,industrial_cooling_system,2,node_009,oracle_vs_reverse,core_oracle_estimated_weights,core_reversed_graph,recall_at_5,0.0,0.0,1,0.0
graph_00,industrial_cooling_system,2,node_009,oracle_vs_reverse,core_oracle_estimated_weights,core_reversed_graph,exact_decode,0.0,0.0,1,0.0
graph_00,industrial_cooling_system,2,node_009,oracle_vs_no_graph,core_oracle_estimated_weights,uniform,match_acc,1.0,1.0,1,0.0
graph_00,industrial_cooling_system,2,node_009,oracle_vs_no_graph,core_oracle_estimated_weights,uniform,gold_embedding_cosine,0.8959090384951415,0.9192925728751579,1,-0.02338353438001639
graph_00,industrial_cooling_system,2,node_009,oracle_vs_no_graph,core_oracle_estimated_weights,uniform,mrr,0.16666666666666666,0.08333333333333333,1,0.08333333333333333
graph_00,industrial_cooling_system,2,node_009,oracle_vs_no_graph,core_oracle_estimated_weights,uniform,recall_at_1,0.0,0.0,1,0.0
graph_00,industrial_cooling_system,2,node_009,oracle_vs_no_graph,core_oracle_estimated_weights,uniform,recall_at_5,0.0,0.0,1,0.0
graph_00,industrial_cooling_system,2,node_009,oracle_vs_no_graph,core_oracle_estimated_weights,uniform,exact_decode,0.0,0.0,1,0.0
graph_00,industrial_cooling_system,2,node_009,oracle_vs_rawcorr,core_oracle_estimated_weights,raw_correlation,match_acc,1.0,1.0,1,0.0
graph_00,industrial_cooling_system,2,node_009,oracle_vs_rawcorr,core_oracle_estimated_weights,raw_correlation,gold_embedding_cosine,0.8959090384951415,0.9205925652012202,1,-0.024683526706078762
graph_00,industrial_cooling_system,2,node_009,oracle_vs_rawcorr,core_oracle_estimated_weights,raw_correlation,mrr,0.16666666666666666,0.125,1,0.04166666666666666
graph_00,industrial_cooling_system,2,node_009,oracle_vs_rawcorr,core_oracle_estimated_weights,raw_correlation,recall_at_1,0.0,0.0,1,0.0
graph_00,industrial_cooling_system,2,node_009,oracle_vs_rawcorr,core_oracle_estimated_weights,raw_correlation,recall_at_5,0.0,0.0,1,0.0
graph_00,industrial_cooling_system,2,node_009,oracle_vs_rawcorr,core_oracle_estimated_weights,raw_correlation,exact_decode,0.0,0.0,1,0.0
graph_00,industrial_cooling_system,2,node_014,oracle_vs_shuffle,core_oracle_estimated_weights,core_shuffled_graph,match_acc,1.0,0.15,20,0.85
graph_00,industrial_cooling_system,2,node_014,oracle_vs_shuffle,core_oracle_estimated_weights,core_shuffled_graph,gold_embedding_cosine,0.8540342689557618,0.8328438830938184,20,0.02119038586194344
graph_00,industrial_cooling_system,2,node_014,oracle_vs_shuffle,core_oracle_estimated_weights,core_shuffled_graph,mrr,0.06666666666666667,0.08670592479416009,20,-0.020039258127493423
graph_00,industrial_cooling_system,2,node_014,oracle_vs_shuffle,core_oracle_estimated_weights,core_shuffled_graph,recall_at_1,0.0,0.0,20,0.0
graph_00,industrial_cooling_system,2,node_014,oracle_vs_shuffle,core_oracle_estimated_weights,core_shuffled_graph,recall_at_5,0.0,0.05,20,-0.05
graph_00,industrial_cooling_system,2,node_014,oracle_vs_shuffle,core_oracle_estimated_weights,core_shuffled_graph,exact_decode,0.0,0.0,20,0.0
graph_00,industrial_cooling_system,2,node_014,oracle_vs_reverse,core_oracle_estimated_weights,core_reversed_graph,match_acc,1.0,1.0,1,0.0
graph_00,industrial_cooling_system,2,node_014,oracle_vs_reverse,core_oracle_estimated_weights,core_reversed_graph,gold_embedding_cosine,0.8540342689557618,0.8806174910802532,1,-0.02658322212449138
graph_00,industrial_cooling_system,2,node_014,oracle_vs_reverse,core_oracle_estimated_weights,core_reversed_graph,mrr,0.06666666666666667,0.07692307692307693,1,-0.010256410256410262
graph_00,industrial_cooling_system,2,node_014,oracle_vs_reverse,core_oracle_estimated_weights,core_reversed_graph,recall_at_1,0.0,0.0,1,0.0
graph_00,industrial_cooling_system,2,node_014,oracle_vs_reverse,core_oracle_estimated_weights,core_reversed_graph,recall_at_5,0.0,0.0,1,0.0
graph_00,industrial_cooling_system,2,node_014,oracle_vs_reverse,core_oracle_estimated_weights,core_reversed_graph,exact_decode,0.0,0.0,1,0.0
graph_00,industrial_cooling_system,2,node_014,oracle_vs_no_graph,core_oracle_estimated_weights,uniform,match_acc,1.0,0.0,1,1.0
graph_00,industrial_cooling_system,2,node_014,oracle_vs_no_graph,core_oracle_estimated_weights,uniform,gold_embedding_cosine,0.8540342689557618,0.9062687459902022,1,-0.052234477034440396
graph_00,industrial_cooling_system,2,node_014,oracle_vs_no_graph,core_oracle_estimated_weights,uniform,mrr,0.06666666666666667,0.05263157894736842,1,0.014035087719298248
graph_00,industrial_cooling_system,2,node_014,oracle_vs_no_graph,core_oracle_estimated_weights,uniform,recall_at_1,0.0,0.0,1,0.0
graph_00,industrial_cooling_system,2,node_014,oracle_vs_no_graph,core_oracle_estimated_weights,uniform,recall_at_5,0.0,0.0,1,0.0
graph_00,industrial_cooling_system,2,node_014,oracle_vs_no_graph,core_oracle_estimated_weights,uniform,exact_decode,0.0,0.0,1,0.0
graph_00,industrial_cooling_system,2,node_014,oracle_vs_rawcorr,core_oracle_estimated_weights,raw_correlation,match_acc,1.0,1.0,1,0.0
graph_00,industrial_cooling_system,2,node_014,oracle_vs_rawcorr,core_oracle_estimated_weights,raw_correlation,gold_embedding_cosine,0.8540342689557618,0.904602974574205,1,-0.05056870561844318
graph_00,industrial_cooling_system,2,node_014,oracle_vs_rawcorr,core_oracle_estimated_weights,raw_correlation,mrr,0.06666666666666667,0.05555555555555555,1,0.011111111111111113
graph_00,industrial_cooling_system,2,node_014,oracle_vs_rawcorr,core_oracle_estimated_weights,raw_correlation,recall_at_1,0.0,0.0,1,0.0
graph_00,industrial_cooling_system,2,node_014,oracle_vs_rawcorr,core_oracle_estimated_weights,raw_correlation,recall_at_5,0.0,0.0,1,0.0
graph_00,industrial_cooling_system,2,node_014,oracle_vs_rawcorr,core_oracle_estimated_weights,raw_correlation,exact_decode,0.0,0.0,1,0.0
graph_00,industrial_cooling_system,2,node_015,oracle_vs_shuffle,core_oracle_estimated_weights,core_shuffled_graph,match_acc,1.0,0.5,20,0.5
graph_00,industrial_cooling_system,2,node_015,oracle_vs_shuffle,core_oracle_estimated_weights,core_shuffled_graph,gold_embedding_cosine,0.9152471896298243,0.74481547793708,20,0.1704317116927443
graph_00,industrial_cooling_system,2,node_015,oracle_vs_shuffle,core_oracle_estimated_weights,core_shuffled_graph,mrr,0.3333333333333333,0.13810652067231013,20,0.19522681266102318
graph_00,industrial_cooling_system,2,node_015,oracle_vs_shuffle,core_oracle_estimated_weights,core_shuffled_graph,recall_at_1,0.0,0.0,20,0.0
graph_00,industrial_cooling_system,2,node_015,oracle_vs_shuffle,core_oracle_estimated_weights,core_shuffled_graph,recall_at_5,1.0,0.25,20,0.75
graph_00,industrial_cooling_system,2,node_015,oracle_vs_shuffle,core_oracle_estimated_weights,core_shuffled_graph,exact_decode,0.0,0.0,20,0.0
graph_00,industrial_cooling_system,2,node_015,oracle_vs_reverse,core_oracle_estimated_weights,core_reversed_graph,match_acc,1.0,1.0,1,0.0
graph_00,industrial_cooling_system,2,node_015,oracle_vs_reverse,core_oracle_estimated_weights,core_reversed_graph,gold_embedding_cosine,0.9152471896298243,0.9198722349429268,1,-0.004625045313102483
graph_00,industrial_cooling_system,2,node_015,oracle_vs_reverse,core_oracle_estimated_weights,core_reversed_graph,mrr,0.3333333333333333,0.5,1,-0.16666666666666669
graph_00,industrial_cooling_system,2,node_015,oracle_vs_reverse,core_oracle_estimated_weights,core_reversed_graph,recall_at_1,0.0,0.0,1,0.0
graph_00,industrial_cooling_system,2,node_015,oracle_vs_reverse,core_oracle_estimated_weights,core_reversed_graph,recall_at_5,1.0,1.0,1,0.0
graph_00,industrial_cooling_system,2,node_015,oracle_vs_reverse,core_oracle_estimated_weights,core_reversed_graph,exact_decode,0.0,0.0,1,0.0
graph_00,industrial_cooling_system,2,node_015,oracle_vs_no_graph,core_oracle_estimated_weights,uniform,match_acc,1.0,0.0,1,1.0
graph_00,industrial_cooling_system,2,node_015,oracle_vs_no_graph,core_oracle_estimated_weights,uniform,gold_embedding_cosine,0.9152471896298243,0.9019323877851688,1,0.0133148018446555
graph_00,industrial_cooling_system,2,node_015,oracle_vs_no_graph,core_oracle_estimated_weights,uniform,mrr,0.3333333333333333,0.05,1,0.2833333333333333
graph_00,industrial_cooling_system,2,node_015,oracle_vs_no_graph,core_oracle_estimated_weights,uniform,recall_at_1,0.0,0.0,1,0.0
graph_00,industrial_cooling_system,2,node_015,oracle_vs_no_graph,core_oracle_estimated_weights,uniform,recall_at_5,1.0,0.0,1,1.0
graph_00,industrial_cooling_system,2,node_015,oracle_vs_no_graph,core_oracle_estimated_weights,uniform,exact_decode,0.0,0.0,1,0.0
graph_00,industrial_cooling_system,2,node_015,oracle_vs_rawcorr,core_oracle_estimated_weights,raw_correlation,match_acc,1.0,1.0,1,0.0
graph_00,industrial_cooling_system,2,node_015,oracle_vs_rawcorr,core_oracle_estimated_weights,raw_correlation,gold_embedding_cosine,0.9152471896298243,0.907280177780246,1,0.007967011849578265
graph_00,industrial_cooling_system,2,node_015,oracle_vs_rawcorr,core_oracle_estimated_weights,raw_correlation,mrr,0.3333333333333333,0.05555555555555555,1,0.2777777777777778
graph_00,industrial_cooling_system,2,node_015,oracle_vs_rawcorr,core_oracle_estimated_weights,raw_correlation,recall_at_1,0.0,0.0,1,0.0
graph_00,industrial_cooling_system,2,node_015,oracle_vs_rawcorr,core_oracle_estimated_weights,raw_correlation,recall_at_5,1.0,0.0,1,1.0
graph_00,industrial_cooling_system,2,node_015,oracle_vs_rawcorr,core_oracle_estimated_weights,raw_correlation,exact_decode,0.0,0.0,1,0.0
graph_00,industrial_cooling_system,3,node_003,oracle_vs_shuffle,core_oracle_estimated_weights,core_shuffled_graph,match_acc,1.0,0.35,20,0.65
graph_00,industrial_cooling_system,3,node_003,oracle_vs_shuffle,core_oracle_estimated_weights,core_shuffled_graph,gold_embedding_cosine,0.5107206995473914,0.46685653187317006,20,0.043864167674221355
graph_00,industrial_cooling_system,3,node_003,oracle_vs_shuffle,core_oracle_estimated_weights,core_shuffled_graph,mrr,0.5,0.1641316219470244,20,0.3358683780529756
graph_00,industrial_cooling_system,3,node_003,oracle_vs_shuffle,core_oracle_estimated_weights,core_shuffled_graph,recall_at_1,0.0,0.0,20,0.0
graph_00,industrial_cooling_system,3,node_003,oracle_vs_shuffle,core_oracle_estimated_weights,core_shuffled_graph,recall_at_5,1.0,0.25,20,0.75
graph_00,industrial_cooling_system,3,node_003,oracle_vs_shuffle,core_oracle_estimated_weights,core_shuffled_graph,exact_decode,0.0,0.0,20,0.0
graph_00,industrial_cooling_system,3,node_003,oracle_vs_reverse,core_oracle_estimated_weights,core_reversed_graph,match_acc,1.0,1.0,1,0.0
graph_00,industrial_cooling_system,3,node_003,oracle_vs_reverse,core_oracle_estimated_weights,core_reversed_graph,gold_embedding_cosine,0.5107206995473914,0.8472118616955493,1,-0.3364911621481579
graph_00,industrial_cooling_system,3,node_003,oracle_vs_reverse,core_oracle_estimated_weights,core_reversed_graph,mrr,0.5,0.5,1,0.0
graph_00,industrial_cooling_system,3,node_003,oracle_vs_reverse,core_oracle_estimated_weights,core_reversed_graph,recall_at_1,0.0,0.0,1,0.0
graph_00,industrial_cooling_system,3,node_003,oracle_vs_reverse,core_oracle_estimated_weights,core_reversed_graph,recall_at_5,1.0,1.0,1,0.0
graph_00,industrial_cooling_system,3,node_003,oracle_vs_reverse,core_oracle_estimated_weights,core_reversed_graph,exact_decode,0.0,0.0,1,0.0
graph_00,industrial_cooling_system,3,node_003,oracle_vs_no_graph,core_oracle_estimated_weights,uniform,match_acc,1.0,0.0,1,1.0
graph_00,industrial_cooling_system,3,node_003,oracle_vs_no_graph,core_oracle_estimated_weights,uniform,gold_embedding_cosine,0.5107206995473914,0.9124236823069216,1,-0.4017029827595302
graph_00,industrial_cooling_system,3,node_003,oracle_vs_no_graph,core_oracle_estimated_weights,uniform,mrr,0.5,0.05555555555555555,1,0.4444444444444444
graph_00,industrial_cooling_system,3,node_003,oracle_vs_no_graph,core_oracle_estimated_weights,uniform,recall_at_1,0.0,0.0,1,0.0
graph_00,industrial_cooling_system,3,node_003,oracle_vs_no_graph,core_oracle_estimated_weights,uniform,recall_at_5,1.0,0.0,1,1.0
graph_00,industrial_cooling_system,3,node_003,oracle_vs_no_graph,core_oracle_estimated_weights,uniform,exact_decode,0.0,0.0,1,0.0
graph_00,industrial_cooling_system,3,node_003,oracle_vs_rawcorr,core_oracle_estimated_weights,raw_correlation,match_acc,1.0,0.0,1,1.0
graph_00,industrial_cooling_system,3,node_003,oracle_vs_rawcorr,core_oracle_estimated_weights,raw_correlation,gold_embedding_cosine,0.5107206995473914,0.9132398911865891,1,-0.4025191916391977
graph_00,industrial_cooling_system,3,node_003,oracle_vs_rawcorr,core_oracle_estimated_weights,raw_correlation,mrr,0.5,0.08333333333333333,1,0.4166666666666667
graph_00,industrial_cooling_system,3,node_003,oracle_vs_rawcorr,core_oracle_estimated_weights,raw_correlation,recall_at_1,0.0,0.0,1,0.0
graph_00,industrial_cooling_system,3,node_003,oracle_vs_rawcorr,core_oracle_estimated_weights,raw_correlation,recall_at_5,1.0,0.0,1,1.0
graph_00,industrial_cooling_system,3,node_003,oracle_vs_rawcorr,core_oracle_estimated_weights,raw_correlation,exact_decode,0.0,0.0,1,0.0
graph_00,industrial_cooling_system,3,node_005,oracle_vs_shuffle,core_oracle_estimated_weights,core_shuffled_graph,match_acc,1.0,0.15,20,0.85
graph_00,industrial_cooling_system,3,node_005,oracle_vs_shuffle,core_oracle_estimated_weights,core_shuffled_graph,gold_embedding_cosine,-0.64920202483532,0.24883480894222978,20,-0.8980368337775497
graph_00,industrial_cooling_system,3,node_005,oracle_vs_shuffle,core_oracle_estimated_weights,core_shuffled_graph,mrr,0.2,0.12680913234512306,20,0.07319086765487695
graph_00,industrial_cooling_system,3,node_005,oracle_vs_shuffle,core_oracle_estimated_weights,core_shuffled_graph,recall_at_1,0.0,0.0,20,0.0
graph_00,industrial_cooling_system,3,node_005,oracle_vs_shuffle,core_oracle_estimated_weights,core_shuffled_graph,recall_at_5,1.0,0.15,20,0.85
graph_00,industrial_cooling_system,3,node_005,oracle_vs_shuffle,core_oracle_estimated_weights,core_shuffled_graph,exact_decode,0.0,0.0,20,0.0
graph_00,industrial_cooling_system,3,node_005,oracle_vs_reverse,core_oracle_estimated_weights,core_reversed_graph,match_acc,1.0,0.0,1,1.0
graph_00,industrial_cooling_system,3,node_005,oracle_vs_reverse,core_oracle_estimated_weights,core_reversed_graph,gold_embedding_cosine,-0.64920202483532,0.777331439893735,1,-1.4265334647290548
graph_00,industrial_cooling_system,3,node_005,oracle_vs_reverse,core_oracle_estimated_weights,core_reversed_graph,mrr,0.2,0.16666666666666666,1,0.033333333333333354
graph_00,industrial_cooling_system,3,node_005,oracle_vs_reverse,core_oracle_estimated_weights,core_reversed_graph,recall_at_1,0.0,0.0,1,0.0
graph_00,industrial_cooling_system,3,node_005,oracle_vs_reverse,core_oracle_estimated_weights,core_reversed_graph,recall_at_5,1.0,0.0,1,1.0
graph_00,industrial_cooling_system,3,node_005,oracle_vs_reverse,core_oracle_estimated_weights,core_reversed_graph,exact_decode,0.0,0.0,1,0.0
graph_00,industrial_cooling_system,3,node_005,oracle_vs_no_graph,core_oracle_estimated_weights,uniform,match_acc,1.0,0.0,1,1.0
graph_00,industrial_cooling_system,3,node_005,oracle_vs_no_graph,core_oracle_estimated_weights,uniform,gold_embedding_cosine,-0.64920202483532,0.9246723102930625,1,-1.5738743351283824
graph_00,industrial_cooling_system,3,node_005,oracle_vs_no_graph,core_oracle_estimated_weights,uniform,mrr,0.2,0.14285714285714285,1,0.05714285714285716
graph_00,industrial_cooling_system,3,node_005,oracle_vs_no_graph,core_oracle_estimated_weights,uniform,recall_at_1,0.0,0.0,1,0.0
graph_00,industrial_cooling_system,3,node_005,oracle_vs_no_graph,core_oracle_estimated_weights,uniform,recall_at_5,1.0,0.0,1,1.0
graph_00,industrial_cooling_system,3,node_005,oracle_vs_no_graph,core_oracle_estimated_weights,uniform,exact_decode,0.0,0.0,1,0.0
graph_00,industrial_cooling_system,3,node_005,oracle_vs_rawcorr,core_oracle_estimated_weights,raw_correlation,match_acc,1.0,0.0,1,1.0
graph_00,industrial_cooling_system,3,node_005,oracle_vs_rawcorr,core_oracle_estimated_weights,raw_correlation,gold_embedding_cosine,-0.64920202483532,0.9047788196015948,1,-1.5539808444369148
graph_00,industrial_cooling_system,3,node_005,oracle_vs_rawcorr,core_oracle_estimated_weights,raw_correlation,mrr,0.2,0.14285714285714285,1,0.05714285714285716
graph_00,industrial_cooling_system,3,node_005,oracle_vs_rawcorr,core_oracle_estimated_weights,raw_correlation,recall_at_1,0.0,0.0,1,0.0
graph_00,industrial_cooling_system,3,node_005,oracle_vs_rawcorr,core_oracle_estimated_weights,raw_correlation,recall_at_5,1.0,0.0,1,1.0
graph_00,industrial_cooling_system,3,node_005,oracle_vs_rawcorr,core_oracle_estimated_weights,raw_correlation,exact_decode,0.0,0.0,1,0.0
graph_00,industrial_cooling_system,3,node_010,oracle_vs_shuffle,core_oracle_estimated_weights,core_shuffled_graph,match_acc,1.0,0.3,20,0.7
graph_00,industrial_cooling_system,3,node_010,oracle_vs_shuffle,core_oracle_estimated_weights,core_shuffled_graph,gold_embedding_cosine,0.8239024236918701,0.7638246643849567,20,0.06007775930691339
graph_00,industrial_cooling_system,3,node_010,oracle_vs_shuffle,core_oracle_estimated_weights,core_shuffled_graph,mrr,0.2,0.12145888833388833,20,0.07854111166611168
graph_00,industrial_cooling_system,3,node_010,oracle_vs_shuffle,core_oracle_estimated_weights,core_shuffled_graph,recall_at_1,0.0,0.0,20,0.0
graph_00,industrial_cooling_system,3,node_010,oracle_vs_shuffle,core_oracle_estimated_weights,core_shuffled_graph,recall_at_5,1.0,0.2,20,0.8
graph_00,industrial_cooling_system,3,node_010,oracle_vs_shuffle,core_oracle_estimated_weights,core_shuffled_graph,exact_decode,0.0,0.0,20,0.0
graph_00,industrial_cooling_system,3,node_010,oracle_vs_reverse,core_oracle_estimated_weights,core_reversed_graph,match_acc,1.0,1.0,1,0.0
graph_00,industrial_cooling_system,3,node_010,oracle_vs_reverse,core_oracle_estimated_weights,core_reversed_graph,gold_embedding_cosine,0.8239024236918701,0.7829262462607035,1,0.04097617743116655
graph_00,industrial_cooling_system,3,node_010,oracle_vs_reverse,core_oracle_estimated_weights,core_reversed_graph,mrr,0.2,0.25,1,-0.04999999999999999
graph_00,industrial_cooling_system,3,node_010,oracle_vs_reverse,core_oracle_estimated_weights,core_reversed_graph,recall_at_1,0.0,0.0,1,0.0
graph_00,industrial_cooling_system,3,node_010,oracle_vs_reverse,core_oracle_estimated_weights,core_reversed_graph,recall_at_5,1.0,1.0,1,0.0
graph_00,industrial_cooling_system,3,node_010,oracle_vs_reverse,core_oracle_estimated_weights,core_reversed_graph,exact_decode,0.0,0.0,1,0.0
graph_00,industrial_cooling_system,3,node_010,oracle_vs_no_graph,core_oracle_estimated_weights,uniform,match_acc,1.0,0.0,1,1.0
graph_00,industrial_cooling_system,3,node_010,oracle_vs_no_graph,core_oracle_estimated_weights,uniform,gold_embedding_cosine,0.8239024236918701,0.9141077786919353,1,-0.09020535500006521
graph_00,industrial_cooling_system,3,node_010,oracle_vs_no_graph,core_oracle_estimated_weights,uniform,mrr,0.2,0.06666666666666667,1,0.13333333333333336
graph_00,industrial_cooling_system,3,node_010,oracle_vs_no_graph,core_oracle_estimated_weights,uniform,recall_at_1,0.0,0.0,1,0.0
graph_00,industrial_cooling_system,3,node_010,oracle_vs_no_graph,core_oracle_estimated_weights,uniform,recall_at_5,1.0,0.0,1,1.0
graph_00,industrial_cooling_system,3,node_010,oracle_vs_no_graph,core_oracle_estimated_weights,uniform,exact_decode,0.0,0.0,1,0.0
graph_00,industrial_cooling_system,3,node_010,oracle_vs_rawcorr,core_oracle_estimated_weights,raw_correlation,match_acc,1.0,0.0,1,1.0
graph_00,industrial_cooling_system,3,node_010,oracle_vs_rawcorr,core_oracle_estimated_weights,raw_correlation,gold_embedding_cosine,0.8239024236918701,0.91408377879927,1,-0.0901813551074
graph_00,industrial_cooling_system,3,node_010,oracle_vs_rawcorr,core_oracle_estimated_weights,raw_correlation,mrr,0.2,0.07692307692307693,1,0.12307692307692308
graph_00,industrial_cooling_system,3,node_010,oracle_vs_rawcorr,core_oracle_estimated_weights,raw_correlation,recall_at_1,0.0,0.0,1,0.0
graph_00,industrial_cooling_system,3,node_010,oracle_vs_rawcorr,core_oracle_estimated_weights,raw_correlation,recall_at_5,1.0,0.0,1,1.0
graph_00,industrial_cooling_system,3,node_010,oracle_vs_rawcorr,core_oracle_estimated_weights,raw_correlation,exact_decode,0.0,0.0,1,0.0
graph_00,industrial_cooling_system,3,node_016,oracle_vs_shuffle,core_oracle_estimated_weights,core_shuffled_graph,match_acc,1.0,0.1,20,0.9
graph_00,industrial_cooling_system,3,node_016,oracle_vs_shuffle,core_oracle_estimated_weights,core_shuffled_graph,gold_embedding_cosine,-0.46880685410535744,0.7630011850801868,20,-1.2318080391855442
graph_00,industrial_cooling_system,3,node_016,oracle_vs_shuffle,core_oracle_estimated_weights,core_shuffled_graph,mrr,0.3333333333333333,0.14464972527472528,20,0.18868360805860804
graph_00,industrial_cooling_system,3,node_016,oracle_vs_shuffle,core_oracle_estimated_weights,core_shuffled_graph,recall_at_1,0.0,0.0,20,0.0
graph_00,industrial_cooling_system,3,node_016,oracle_vs_shuffle,core_oracle_estimated_weights,core_shuffled_graph,recall_at_5,1.0,0.25,20,0.75
graph_00,industrial_cooling_system,3,node_016,oracle_vs_shuffle,core_oracle_estimated_weights,core_shuffled_graph,exact_decode,0.0,0.0,20,0.0
graph_00,industrial_cooling_system,3,node_016,oracle_vs_reverse,core_oracle_estimated_weights,core_reversed_graph,match_acc,1.0,0.0,1,1.0
graph_00,industrial_cooling_system,3,node_016,oracle_vs_reverse,core_oracle_estimated_weights,core_reversed_graph,gold_embedding_cosine,-0.46880685410535744,0.8160548032744314,1,-1.2848616573797889
graph_00,industrial_cooling_system,3,node_016,oracle_vs_reverse,core_oracle_estimated_weights,core_reversed_graph,mrr,0.3333333333333333,0.125,1,0.20833333333333331
graph_00,industrial_cooling_system,3,node_016,oracle_vs_reverse,core_oracle_estimated_weights,core_reversed_graph,recall_at_1,0.0,0.0,1,0.0
graph_00,industrial_cooling_system,3,node_016,oracle_vs_reverse,core_oracle_estimated_weights,core_reversed_graph,recall_at_5,1.0,0.0,1,1.0
graph_00,industrial_cooling_system,3,node_016,oracle_vs_reverse,core_oracle_estimated_weights,core_reversed_graph,exact_decode,0.0,0.0,1,0.0
graph_00,industrial_cooling_system,3,node_016,oracle_vs_no_graph,core_oracle_estimated_weights,uniform,match_acc,1.0,0.0,1,1.0
graph_00,industrial_cooling_system,3,node_016,oracle_vs_no_graph,core_oracle_estimated_weights,uniform,gold_embedding_cosine,-0.46880685410535744,0.9124873746258125,1,-1.38129422873117
graph_00,industrial_cooling_system,3,node_016,oracle_vs_no_graph,core_oracle_estimated_weights,uniform,mrr,0.3333333333333333,0.058823529411764705,1,0.2745098039215686
graph_00,industrial_cooling_system,3,node_016,oracle_vs_no_graph,core_oracle_estimated_weights,uniform,recall_at_1,0.0,0.0,1,0.0
graph_00,industrial_cooling_system,3,node_016,oracle_vs_no_graph,core_oracle_estimated_weights,uniform,recall_at_5,1.0,0.0,1,1.0
graph_00,industrial_cooling_system,3,node_016,oracle_vs_no_graph,core_oracle_estimated_weights,uniform,exact_decode,0.0,0.0,1,0.0
graph_00,industrial_cooling_system,3,node_016,oracle_vs_rawcorr,core_oracle_estimated_weights,raw_correlation,match_acc,1.0,0.0,1,1.0
graph_00,industrial_cooling_system,3,node_016,oracle_vs_rawcorr,core_oracle_estimated_weights,raw_correlation,gold_embedding_cosine,-0.46880685410535744,0.9139856487841744,1,-1.3827925028895318
graph_00,industrial_cooling_system,3,node_016,oracle_vs_rawcorr,core_oracle_estimated_weights,raw_correlation,mrr,0.3333333333333333,0.07142857142857142,1,0.26190476190476186
graph_00,industrial_cooling_system,3,node_016,oracle_vs_rawcorr,core_oracle_estimated_weights,raw_correlation,recall_at_1,0.0,0.0,1,0.0
graph_00,industrial_cooling_system,3,node_016,oracle_vs_rawcorr,core_oracle_estimated_weights,raw_correlation,recall_at_5,1.0,0.0,1,1.0
graph_00,industrial_cooling_system,3,node_016,oracle_vs_rawcorr,core_oracle_estimated_weights,raw_correlation,exact_decode,0.0,0.0,1,0.0
graph_00,industrial_cooling_system,4,node_004,oracle_vs_shuffle,core_oracle_estimated_weights,core_shuffled_graph,match_acc,1.0,0.3,20,0.7
graph_00,industrial_cooling_system,4,node_004,oracle_vs_shuffle,core_oracle_estimated_weights,core_shuffled_graph,gold_embedding_cosine,0.5433320669457815,0.687969169017444,20,-0.14463710207166247
graph_00,industrial_cooling_system,4,node_004,oracle_vs_shuffle,core_oracle_estimated_weights,core_shuffled_graph,mrr,0.3333333333333333,0.164629884004884,20,0.16870344932844933
graph_00,industrial_cooling_system,4,node_004,oracle_vs_shuffle,core_oracle_estimated_weights,core_shuffled_graph,recall_at_1,0.0,0.0,20,0.0
graph_00,industrial_cooling_system,4,node_004,oracle_vs_shuffle,core_oracle_estimated_weights,core_shuffled_graph,recall_at_5,1.0,0.35,20,0.65
graph_00,industrial_cooling_system,4,node_004,oracle_vs_shuffle,core_oracle_estimated_weights,core_shuffled_graph,exact_decode,0.0,0.0,20,0.0
graph_00,industrial_cooling_system,4,node_004,oracle_vs_reverse,core_oracle_estimated_weights,core_reversed_graph,match_acc,1.0,1.0,1,0.0
graph_00,industrial_cooling_system,4,node_004,oracle_vs_reverse,core_oracle_estimated_weights,core_reversed_graph,gold_embedding_cosine,0.5433320669457815,0.8310022005489722,1,-0.2876701336031907
graph_00,industrial_cooling_system,4,node_004,oracle_vs_reverse,core_oracle_estimated_weights,core_reversed_graph,mrr,0.3333333333333333,0.25,1,0.08333333333333331
graph_00,industrial_cooling_system,4,node_004,oracle_vs_reverse,core_oracle_estimated_weights,core_reversed_graph,recall_at_1,0.0,0.0,1,0.0
graph_00,industrial_cooling_system,4,node_004,oracle_vs_reverse,core_oracle_estimated_weights,core_reversed_graph,recall_at_5,1.0,1.0,1,0.0
graph_00,industrial_cooling_system,4,node_004,oracle_vs_reverse,core_oracle_estimated_weights,core_reversed_graph,exact_decode,0.0,0.0,1,0.0
graph_00,industrial_cooling_system,4,node_004,oracle_vs_no_graph,core_oracle_estimated_weights,uniform,match_acc,1.0,0.0,1,1.0
graph_00,industrial_cooling_system,4,node_004,oracle_vs_no_graph,core_oracle_estimated_weights,uniform,gold_embedding_cosine,0.5433320669457815,0.9148099855968823,1,-0.3714779186511008
graph_00,industrial_cooling_system,4,node_004,oracle_vs_no_graph,core_oracle_estimated_weights,uniform,mrr,0.3333333333333333,0.0625,1,0.2708333333333333
graph_00,industrial_cooling_system,4,node_004,oracle_vs_no_graph,core_oracle_estimated_weights,uniform,recall_at_1,0.0,0.0,1,0.0
graph_00,industrial_cooling_system,4,node_004,oracle_vs_no_graph,core_oracle_estimated_weights,uniform,recall_at_5,1.0,0.0,1,1.0
graph_00,industrial_cooling_system,4,node_004,oracle_vs_no_graph,core_oracle_estimated_weights,uniform,exact_decode,0.0,0.0,1,0.0
graph_00,industrial_cooling_system,4,node_004,oracle_vs_rawcorr,core_oracle_estimated_weights,raw_correlation,match_acc,1.0,1.0,1,0.0
graph_00,industrial_cooling_system,4,node_004,oracle_vs_rawcorr,core_oracle_estimated_weights,raw_correlation,gold_embedding_cosine,0.5433320669457815,0.9063249036636833,1,-0.36299283671790183
graph_00,industrial_cooling_system,4,node_004,oracle_vs_rawcorr,core_oracle_estimated_weights,raw_correlation,mrr,0.3333333333333333,0.1,1,0.2333333333333333
graph_00,industrial_cooling_system,4,node_004,oracle_vs_rawcorr,core_oracle_estimated_weights,raw_correlation,recall_at_1,0.0,0.0,1,0.0
graph_00,industrial_cooling_system,4,node_004,oracle_vs_rawcorr,core_oracle_estimated_weights,raw_correlation,recall_at_5,1.0,0.0,1,1.0
graph_00,industrial_cooling_system,4,node_004,oracle_vs_rawcorr,core_oracle_estimated_weights,raw_correlation,exact_decode,0.0,0.0,1,0.0
graph_00,industrial_cooling_system,4,node_006,oracle_vs_shuffle,core_oracle_estimated_weights,core_shuffled_graph,match_acc,1.0,0.65,20,0.35
graph_00,industrial_cooling_system,4,node_006,oracle_vs_shuffle,core_oracle_estimated_weights,core_shuffled_graph,gold_embedding_cosine,0.9150282547660485,0.8248658693292408,20,0.09016238543680777
graph_00,industrial_cooling_system,4,node_006,oracle_vs_shuffle,core_oracle_estimated_weights,core_shuffled_graph,mrr,0.25,0.18166666666666667,20,0.06833333333333333
graph_00,industrial_cooling_system,4,node_006,oracle_vs_shuffle,core_oracle_estimated_weights,core_shuffled_graph,recall_at_1,0.0,0.0,20,0.0
graph_00,industrial_cooling_system,4,node_006,oracle_vs_shuffle,core_oracle_estimated_weights,core_shuffled_graph,recall_at_5,1.0,0.5,20,0.5
graph_00,industrial_cooling_system,4,node_006,oracle_vs_shuffle,core_oracle_estimated_weights,core_shuffled_graph,exact_decode,0.0,0.0,20,0.0
graph_00,industrial_cooling_system,4,node_006,oracle_vs_reverse,core_oracle_estimated_weights,core_reversed_graph,match_acc,1.0,1.0,1,0.0
graph_00,industrial_cooling_system,4,node_006,oracle_vs_reverse,core_oracle_estimated_weights,core_reversed_graph,gold_embedding_cosine,0.9150282547660485,0.9304564938441788,1,-0.01542823907813029
graph_00,industrial_cooling_system,4,node_006,oracle_vs_reverse,core_oracle_estimated_weights,core_reversed_graph,mrr,0.25,0.25,1,0.0
graph_00,industrial_cooling_system,4,node_006,oracle_vs_reverse,core_oracle_estimated_weights,core_reversed_graph,recall_at_1,0.0,0.0,1,0.0
graph_00,industrial_cooling_system,4,node_006,oracle_vs_reverse,core_oracle_estimated_weights,core_reversed_graph,recall_at_5,1.0,1.0,1,0.0
graph_00,industrial_cooling_system,4,node_006,oracle_vs_reverse,core_oracle_estimated_weights,core_reversed_graph,exact_decode,0.0,0.0,1,0.0
graph_00,industrial_cooling_system,4,node_006,oracle_vs_no_graph,core_oracle_estimated_weights,uniform,match_acc,1.0,0.0,1,1.0
graph_00,industrial_cooling_system,4,node_006,oracle_vs_no_graph,core_oracle_estimated_weights,uniform,gold_embedding_cosine,0.9150282547660485,0.9185157171994712,1,-0.0034874624334226834
graph_00,industrial_cooling_system,4,node_006,oracle_vs_no_graph,core_oracle_estimated_weights,uniform,mrr,0.25,0.08333333333333333,1,0.16666666666666669
graph_00,industrial_cooling_system,4,node_006,oracle_vs_no_graph,core_oracle_estimated_weights,uniform,recall_at_1,0.0,0.0,1,0.0
graph_00,industrial_cooling_system,4,node_006,oracle_vs_no_graph,core_oracle_estimated_weights,uniform,recall_at_5,1.0,0.0,1,1.0
graph_00,industrial_cooling_system,4,node_006,oracle_vs_no_graph,core_oracle_estimated_weights,uniform,exact_decode,0.0,0.0,1,0.0
graph_00,industrial_cooling_system,4,node_006,oracle_vs_rawcorr,core_oracle_estimated_weights,raw_correlation,match_acc,1.0,1.0,1,0.0
graph_00,industrial_cooling_system,4,node_006,oracle_vs_rawcorr,core_oracle_estimated_weights,raw_correlation,gold_embedding_cosine,0.9150282547660485,0.9251992913542582,1,-0.010171036588209614
graph_00,industrial_cooling_system,4,node_006,oracle_vs_rawcorr,core_oracle_estimated_weights,raw_correlation,mrr,0.25,0.14285714285714285,1,0.10714285714285715
graph_00,industrial_cooling_system,4,node_006,oracle_vs_rawcorr,core_oracle_estimated_weights,raw_correlation,recall_at_1,0.0,0.0,1,0.0
graph_00,industrial_cooling_system,4,node_006,oracle_vs_rawcorr,core_oracle_estimated_weights,raw_correlation,recall_at_5,1.0,0.0,1,1.0
graph_00,industrial_cooling_system,4,node_006,oracle_vs_rawcorr,core_oracle_estimated_weights,raw_correlation,exact_decode,0.0,0.0,1,0.0
graph_00,industrial_cooling_system,4,node_011,oracle_vs_shuffle,core_oracle_estimated_weights,core_shuffled_graph,match_acc,1.0,0.45,20,0.55
graph_00,industrial_cooling_system,4,node_011,oracle_vs_shuffle,core_oracle_estimated_weights,core_shuffled_graph,gold_embedding_cosine,0.9320496959694478,0.7773313505693207,20,0.15471834540012708
graph_00,industrial_cooling_system,4,node_011,oracle_vs_shuffle,core_oracle_estimated_weights,core_shuffled_graph,mrr,0.25,0.2078291847041847,20,0.04217081529581529
graph_00,industrial_cooling_system,4,node_011,oracle_vs_shuffle,core_oracle_estimated_weights,core_shuffled_graph,recall_at_1,0.0,0.0,20,0.0
graph_00,industrial_cooling_system,4,node_011,oracle_vs_shuffle,core_oracle_estimated_weights,core_shuffled_graph,recall_at_5,1.0,0.45,20,0.55
graph_00,industrial_cooling_system,4,node_011,oracle_vs_shuffle,core_oracle_estimated_weights,core_shuffled_graph,exact_decode,0.0,0.0,20,0.0
graph_00,industrial_cooling_system,4,node_011,oracle_vs_reverse,core_oracle_estimated_weights,core_reversed_graph,match_acc,1.0,1.0,1,0.0
graph_00,industrial_cooling_system,4,node_011,oracle_vs_reverse,core_oracle_estimated_weights,core_reversed_graph,gold_embedding_cosine,0.9320496959694478,0.769218867919897,1,0.16283082804955074
graph_00,industrial_cooling_system,4,node_011,oracle_vs_reverse,core_oracle_estimated_weights,core_reversed_graph,mrr,0.25,0.3333333333333333,1,-0.08333333333333331
graph_00,industrial_cooling_system,4,node_011,oracle_vs_reverse,core_oracle_estimated_weights,core_reversed_graph,recall_at_1,0.0,0.0,1,0.0
graph_00,industrial_cooling_system,4,node_011,oracle_vs_reverse,core_oracle_estimated_weights,core_reversed_graph,recall_at_5,1.0,1.0,1,0.0
graph_00,industrial_cooling_system,4,node_011,oracle_vs_reverse,core_oracle_estimated_weights,core_reversed_graph,exact_decode,0.0,0.0,1,0.0
graph_00,industrial_cooling_system,4,node_011,oracle_vs_no_graph,core_oracle_estimated_weights,uniform,match_acc,1.0,0.0,1,1.0
graph_00,industrial_cooling_system,4,node_011,oracle_vs_no_graph,core_oracle_estimated_weights,uniform,gold_embedding_cosine,0.9320496959694478,0.9263128812057742,1,0.005736814763673603
graph_00,industrial_cooling_system,4,node_011,oracle_vs_no_graph,core_oracle_estimated_weights,uniform,mrr,0.25,0.16666666666666666,1,0.08333333333333334
graph_00,industrial_cooling_system,4,node_011,oracle_vs_no_graph,core_oracle_estimated_weights,uniform,recall_at_1,0.0,0.0,1,0.0
graph_00,industrial_cooling_system,4,node_011,oracle_vs_no_graph,core_oracle_estimated_weights,uniform,recall_at_5,1.0,0.0,1,1.0
graph_00,industrial_cooling_system,4,node_011,oracle_vs_no_graph,core_oracle_estimated_weights,uniform,exact_decode,0.0,0.0,1,0.0
graph_00,industrial_cooling_system,4,node_011,oracle_vs_rawcorr,core_oracle_estimated_weights,raw_correlation,match_acc,1.0,1.0,1,0.0
graph_00,industrial_cooling_system,4,node_011,oracle_vs_rawcorr,core_oracle_estimated_weights,raw_correlation,gold_embedding_cosine,0.9320496959694478,0.9287277051974352,1,0.003321990772012562
graph_00,industrial_cooling_system,4,node_011,oracle_vs_rawcorr,core_oracle_estimated_weights,raw_correlation,mrr,0.25,0.25,1,0.0
graph_00,industrial_cooling_system,4,node_011,oracle_vs_rawcorr,core_oracle_estimated_weights,raw_correlation,recall_at_1,0.0,0.0,1,0.0
graph_00,industrial_cooling_system,4,node_011,oracle_vs_rawcorr,core_oracle_estimated_weights,raw_correlation,recall_at_5,1.0,1.0,1,0.0
graph_00,industrial_cooling_system,4,node_011,oracle_vs_rawcorr,core_oracle_estimated_weights,raw_correlation,exact_decode,0.0,0.0,1,0.0
graph_00,industrial_cooling_system,4,node_017,oracle_vs_shuffle,core_oracle_estimated_weights,core_shuffled_graph,match_acc,1.0,0.35,20,0.65
graph_00,industrial_cooling_system,4,node_017,oracle_vs_shuffle,core_oracle_estimated_weights,core_shuffled_graph,gold_embedding_cosine,0.9095472740111428,0.6972677942192748,20,0.212279479791868
graph_00,industrial_cooling_system,4,node_017,oracle_vs_shuffle,core_oracle_estimated_weights,core_shuffled_graph,mrr,0.16666666666666666,0.10234179412778484,20,0.06432487253888182
graph_00,industrial_cooling_system,4,node_017,oracle_vs_shuffle,core_oracle_estimated_weights,core_shuffled_graph,recall_at_1,0.0,0.0,20,0.0
graph_00,industrial_cooling_system,4,node_017,oracle_vs_shuffle,core_oracle_estimated_weights,core_shuffled_graph,recall_at_5,0.0,0.05,20,-0.05
graph_00,industrial_cooling_system,4,node_017,oracle_vs_shuffle,core_oracle_estimated_weights,core_shuffled_graph,exact_decode,0.0,0.0,20,0.0
graph_00,industrial_cooling_system,4,node_017,oracle_vs_reverse,core_oracle_estimated_weights,core_reversed_graph,match_acc,1.0,1.0,1,0.0
graph_00,industrial_cooling_system,4,node_017,oracle_vs_reverse,core_oracle_estimated_weights,core_reversed_graph,gold_embedding_cosine,0.9095472740111428,0.8877626658451011,1,0.021784608166041664
graph_00,industrial_cooling_system,4,node_017,oracle_vs_reverse,core_oracle_estimated_weights,core_reversed_graph,mrr,0.16666666666666666,0.14285714285714285,1,0.023809523809523808
graph_00,industrial_cooling_system,4,node_017,oracle_vs_reverse,core_oracle_estimated_weights,core_reversed_graph,recall_at_1,0.0,0.0,1,0.0
graph_00,industrial_cooling_system,4,node_017,oracle_vs_reverse,core_oracle_estimated_weights,core_reversed_graph,recall_at_5,0.0,0.0,1,0.0
graph_00,industrial_cooling_system,4,node_017,oracle_vs_reverse,core_oracle_estimated_weights,core_reversed_graph,exact_decode,0.0,0.0,1,0.0
graph_00,industrial_cooling_system,4,node_017,oracle_vs_no_graph,core_oracle_estimated_weights,uniform,match_acc,1.0,1.0,1,0.0
graph_00,industrial_cooling_system,4,node_017,oracle_vs_no_graph,core_oracle_estimated_weights,uniform,gold_embedding_cosine,0.9095472740111428,0.9068417091275394,1,0.0027055648836034063
graph_00,industrial_cooling_system,4,node_017,oracle_vs_no_graph,core_oracle_estimated_weights,uniform,mrr,0.16666666666666666,0.05,1,0.11666666666666665
graph_00,industrial_cooling_system,4,node_017,oracle_vs_no_graph,core_oracle_estimated_weights,uniform,recall_at_1,0.0,0.0,1,0.0
graph_00,industrial_cooling_system,4,node_017,oracle_vs_no_graph,core_oracle_estimated_weights,uniform,recall_at_5,0.0,0.0,1,0.0
graph_00,industrial_cooling_system,4,node_017,oracle_vs_no_graph,core_oracle_estimated_weights,uniform,exact_decode,0.0,0.0,1,0.0
graph_00,industrial_cooling_system,4,node_017,oracle_vs_rawcorr,core_oracle_estimated_weights,raw_correlation,match_acc,1.0,1.0,1,0.0
graph_00,industrial_cooling_system,4,node_017,oracle_vs_rawcorr,core_oracle_estimated_weights,raw_correlation,gold_embedding_cosine,0.9095472740111428,0.9087113581826493,1,0.0008359158284935164
graph_00,industrial_cooling_system,4,node_017,oracle_vs_rawcorr,core_oracle_estimated_weights,raw_correlation,mrr,0.16666666666666666,0.05555555555555555,1,0.1111111111111111
graph_00,industrial_cooling_system,4,node_017,oracle_vs_rawcorr,core_oracle_estimated_weights,raw_correlation,recall_at_1,0.0,0.0,1,0.0
graph_00,industrial_cooling_system,4,node_017,oracle_vs_rawcorr,core_oracle_estimated_weights,raw_correlation,recall_at_5,0.0,0.0,1,0.0
graph_00,industrial_cooling_system,4,node_017,oracle_vs_rawcorr,core_oracle_estimated_weights,raw_correlation,exact_decode,0.0,0.0,1,0.0
graph_01,logistics_and_delivery_system,0,node_000,oracle_vs_shuffle,core_oracle_estimated_weights,core_shuffled_graph,match_acc,1.0,0.55,20,0.44999999999999996
graph_01,logistics_and_delivery_system,0,node_000,oracle_vs_shuffle,core_oracle_estimated_weights,core_shuffled_graph,gold_embedding_cosine,0.7870518749729799,0.577067685898524,20,0.20998418907445593
graph_01,logistics_and_delivery_system,0,node_000,oracle_vs_shuffle,core_oracle_estimated_weights,core_shuffled_graph,mrr,0.5,0.16412878787878787,20,0.3358712121212121
graph_01,logistics_and_delivery_system,0,node_000,oracle_vs_shuffle,core_oracle_estimated_weights,core_shuffled_graph,recall_at_1,0.0,0.0,20,0.0
graph_01,logistics_and_delivery_system,0,node_000,oracle_vs_shuffle,core_oracle_estimated_weights,core_shuffled_graph,recall_at_5,1.0,0.35,20,0.65
graph_01,logistics_and_delivery_system,0,node_000,oracle_vs_shuffle,core_oracle_estimated_weights,core_shuffled_graph,exact_decode,0.0,0.0,20,0.0
graph_01,logistics_and_delivery_system,0,node_000,oracle_vs_reverse,core_oracle_estimated_weights,core_reversed_graph,match_acc,1.0,1.0,1,0.0
graph_01,logistics_and_delivery_system,0,node_000,oracle_vs_reverse,core_oracle_estimated_weights,core_reversed_graph,gold_embedding_cosine,0.7870518749729799,0.88177447770756,1,-0.09472260273458011
graph_01,logistics_and_delivery_system,0,node_000,oracle_vs_reverse,core_oracle_estimated_weights,core_reversed_graph,mrr,0.5,0.3333333333333333,1,0.16666666666666669
graph_01,logistics_and_delivery_system,0,node_000,oracle_vs_reverse,core_oracle_estimated_weights,core_reversed_graph,recall_at_1,0.0,0.0,1,0.0
graph_01,logistics_and_delivery_system,0,node_000,oracle_vs_reverse,core_oracle_estimated_weights,core_reversed_graph,recall_at_5,1.0,1.0,1,0.0
graph_01,logistics_and_delivery_system,0,node_000,oracle_vs_reverse,core_oracle_estimated_weights,core_reversed_graph,exact_decode,0.0,0.0,1,0.0
graph_01,logistics_and_delivery_system,0,node_000,oracle_vs_no_graph,core_oracle_estimated_weights,uniform,match_acc,1.0,0.0,1,1.0
graph_01,logistics_and_delivery_system,0,node_000,oracle_vs_no_graph,core_oracle_estimated_weights,uniform,gold_embedding_cosine,0.7870518749729799,0.9148260939437814,1,-0.12777421897080155
graph_01,logistics_and_delivery_system,0,node_000,oracle_vs_no_graph,core_oracle_estimated_weights,uniform,mrr,0.5,0.05555555555555555,1,0.4444444444444444
graph_01,logistics_and_delivery_system,0,node_000,oracle_vs_no_graph,core_oracle_estimated_weights,uniform,recall_at_1,0.0,0.0,1,0.0
graph_01,logistics_and_delivery_system,0,node_000,oracle_vs_no_graph,core_oracle_estimated_weights,uniform,recall_at_5,1.0,0.0,1,1.0
graph_01,logistics_and_delivery_system,0,node_000,oracle_vs_no_graph,core_oracle_estimated_weights,uniform,exact_decode,0.0,0.0,1,0.0
graph_01,logistics_and_delivery_system,0,node_000,oracle_vs_rawcorr,core_oracle_estimated_weights,raw_correlation,match_acc,1.0,1.0,1,0.0
graph_01,logistics_and_delivery_system,0,node_000,oracle_vs_rawcorr,core_oracle_estimated_weights,raw_correlation,gold_embedding_cosine,0.7870518749729799,0.916721390841607,1,-0.12966951586862707
graph_01,logistics_and_delivery_system,0,node_000,oracle_vs_rawcorr,core_oracle_estimated_weights,raw_correlation,mrr,0.5,0.1111111111111111,1,0.3888888888888889
graph_01,logistics_and_delivery_system,0,node_000,oracle_vs_rawcorr,core_oracle_estimated_weights,raw_correlation,recall_at_1,0.0,0.0,1,0.0
graph_01,logistics_and_delivery_system,0,node_000,oracle_vs_rawcorr,core_oracle_estimated_weights,raw_correlation,recall_at_5,1.0,0.0,1,1.0
graph_01,logistics_and_delivery_system,0,node_000,oracle_vs_rawcorr,core_oracle_estimated_weights,raw_correlation,exact_decode,0.0,0.0,1,0.0
graph_01,logistics_and_delivery_system,0,node_006,oracle_vs_shuffle,core_oracle_estimated_weights,core_shuffled_graph,match_acc,1.0,0.5,20,0.5
graph_01,logistics_and_delivery_system,0,node_006,oracle_vs_shuffle,core_oracle_estimated_weights,core_shuffled_graph,gold_embedding_cosine,0.8863824287233429,0.7685554654613457,20,0.11782696326199726
graph_01,logistics_and_delivery_system,0,node_006,oracle_vs_shuffle,core_oracle_estimated_weights,core_shuffled_graph,mrr,0.2,0.16725940725940727,20,0.03274059274059274
graph_01,logistics_and_delivery_system,0,node_006,oracle_vs_shuffle,core_oracle_estimated_weights,core_shuffled_graph,recall_at_1,0.0,0.0,20,0.0
graph_01,logistics_and_delivery_system,0,node_006,oracle_vs_shuffle,core_oracle_estimated_weights,core_shuffled_graph,recall_at_5,1.0,0.4,20,0.6
graph_01,logistics_and_delivery_system,0,node_006,oracle_vs_shuffle,core_oracle_estimated_weights,core_shuffled_graph,exact_decode,0.0,0.0,20,0.0
graph_01,logistics_and_delivery_system,0,node_006,oracle_vs_reverse,core_oracle_estimated_weights,core_reversed_graph,match_acc,1.0,1.0,1,0.0
graph_01,logistics_and_delivery_system,0,node_006,oracle_vs_reverse,core_oracle_estimated_weights,core_reversed_graph,gold_embedding_cosine,0.8863824287233429,0.8588398828522847,1,0.0275425458710582
graph_01,logistics_and_delivery_system,0,node_006,oracle_vs_reverse,core_oracle_estimated_weights,core_reversed_graph,mrr,0.2,0.16666666666666666,1,0.033333333333333354
graph_01,logistics_and_delivery_system,0,node_006,oracle_vs_reverse,core_oracle_estimated_weights,core_reversed_graph,recall_at_1,0.0,0.0,1,0.0
graph_01,logistics_and_delivery_system,0,node_006,oracle_vs_reverse,core_oracle_estimated_weights,core_reversed_graph,recall_at_5,1.0,0.0,1,1.0
graph_01,logistics_and_delivery_system,0,node_006,oracle_vs_reverse,core_oracle_estimated_weights,core_reversed_graph,exact_decode,0.0,0.0,1,0.0
graph_01,logistics_and_delivery_system,0,node_006,oracle_vs_no_graph,core_oracle_estimated_weights,uniform,match_acc,1.0,0.0,1,1.0
graph_01,logistics_and_delivery_system,0,node_006,oracle_vs_no_graph,core_oracle_estimated_weights,uniform,gold_embedding_cosine,0.8863824287233429,0.9281886991214041,1,-0.041806270398061174
graph_01,logistics_and_delivery_system,0,node_006,oracle_vs_no_graph,core_oracle_estimated_weights,uniform,mrr,0.2,0.14285714285714285,1,0.05714285714285716
graph_01,logistics_and_delivery_system,0,node_006,oracle_vs_no_graph,core_oracle_estimated_weights,uniform,recall_at_1,0.0,0.0,1,0.0
graph_01,logistics_and_delivery_system,0,node_006,oracle_vs_no_graph,core_oracle_estimated_weights,uniform,recall_at_5,1.0,0.0,1,1.0
graph_01,logistics_and_delivery_system,0,node_006,oracle_vs_no_graph,core_oracle_estimated_weights,uniform,exact_decode,0.0,0.0,1,0.0
graph_01,logistics_and_delivery_system,0,node_006,oracle_vs_rawcorr,core_oracle_estimated_weights,raw_correlation,match_acc,1.0,1.0,1,0.0
graph_01,logistics_and_delivery_system,0,node_006,oracle_vs_rawcorr,core_oracle_estimated_weights,raw_correlation,gold_embedding_cosine,0.8863824287233429,0.9254997344643525,1,-0.03911730574100958
graph_01,logistics_and_delivery_system,0,node_006,oracle_vs_rawcorr,core_oracle_estimated_weights,raw_correlation,mrr,0.2,0.14285714285714285,1,0.05714285714285716
graph_01,logistics_and_delivery_system,0,node_006,oracle_vs_rawcorr,core_oracle_estimated_weights,raw_correlation,recall_at_1,0.0,0.0,1,0.0
graph_01,logistics_and_delivery_system,0,node_006,oracle_vs_rawcorr,core_oracle_estimated_weights,raw_correlation,recall_at_5,1.0,0.0,1,1.0
graph_01,logistics_and_delivery_system,0,node_006,oracle_vs_rawcorr,core_oracle_estimated_weights,raw_correlation,exact_decode,0.0,0.0,1,0.0
graph_01,logistics_and_delivery_system,0,node_013,oracle_vs_shuffle,core_oracle_estimated_weights,core_shuffled_graph,match_acc,0.0,0.35,20,-0.35
graph_01,logistics_and_delivery_system,0,node_013,oracle_vs_shuffle,core_oracle_estimated_weights,core_shuffled_graph,gold_embedding_cosine,0.9052015786065739,0.8660979392050013,20,0.039103639401572576
graph_01,logistics_and_delivery_system,0,node_013,oracle_vs_shuffle,core_oracle_estimated_weights,core_shuffled_graph,mrr,0.2,0.1475979575979576,20,0.05240204240204241
graph_01,logistics_and_delivery_system,0,node_013,oracle_vs_shuffle,core_oracle_estimated_weights,core_shuffled_graph,recall_at_1,0.0,0.0,20,0.0
graph_01,logistics_and_delivery_system,0,node_013,oracle_vs_shuffle,core_oracle_estimated_weights,core_shuffled_graph,recall_at_5,1.0,0.2,20,0.8
graph_01,logistics_and_delivery_system,0,node_013,oracle_vs_shuffle,core_oracle_estimated_weights,core_shuffled_graph,exact_decode,0.0,0.0,20,0.0
graph_01,logistics_and_delivery_system,0,node_013,oracle_vs_reverse,core_oracle_estimated_weights,core_reversed_graph,match_acc,0.0,1.0,1,-1.0
graph_01,logistics_and_delivery_system,0,node_013,oracle_vs_reverse,core_oracle_estimated_weights,core_reversed_graph,gold_embedding_cosine,0.9052015786065739,0.9125448624614637,1,-0.007343283854889804
graph_01,logistics_and_delivery_system,0,node_013,oracle_vs_reverse,core_oracle_estimated_weights,core_reversed_graph,mrr,0.2,0.2,1,0.0
graph_01,logistics_and_delivery_system,0,node_013,oracle_vs_reverse,core_oracle_estimated_weights,core_reversed_graph,recall_at_1,0.0,0.0,1,0.0
graph_01,logistics_and_delivery_system,0,node_013,oracle_vs_reverse,core_oracle_estimated_weights,core_reversed_graph,recall_at_5,1.0,1.0,1,0.0
graph_01,logistics_and_delivery_system,0,node_013,oracle_vs_reverse,core_oracle_estimated_weights,core_reversed_graph,exact_decode,0.0,0.0,1,0.0
graph_01,logistics_and_delivery_system,0,node_013,oracle_vs_no_graph,core_oracle_estimated_weights,uniform,match_acc,0.0,0.0,1,0.0
graph_01,logistics_and_delivery_system,0,node_013,oracle_vs_no_graph,core_oracle_estimated_weights,uniform,gold_embedding_cosine,0.9052015786065739,0.9267912625711577,1,-0.021589683964583828
graph_01,logistics_and_delivery_system,0,node_013,oracle_vs_no_graph,core_oracle_estimated_weights,uniform,mrr,0.2,0.1111111111111111,1,0.0888888888888889
graph_01,logistics_and_delivery_system,0,node_013,oracle_vs_no_graph,core_oracle_estimated_weights,uniform,recall_at_1,0.0,0.0,1,0.0
graph_01,logistics_and_delivery_system,0,node_013,oracle_vs_no_graph,core_oracle_estimated_weights,uniform,recall_at_5,1.0,0.0,1,1.0
graph_01,logistics_and_delivery_system,0,node_013,oracle_vs_no_graph,core_oracle_estimated_weights,uniform,exact_decode,0.0,0.0,1,0.0
graph_01,logistics_and_delivery_system,0,node_013,oracle_vs_rawcorr,core_oracle_estimated_weights,raw_correlation,match_acc,0.0,0.0,1,0.0
graph_01,logistics_and_delivery_system,0,node_013,oracle_vs_rawcorr,core_oracle_estimated_weights,raw_correlation,gold_embedding_cosine,0.9052015786065739,0.9324231892875136,1,-0.027221610680939645
graph_01,logistics_and_delivery_system,0,node_013,oracle_vs_rawcorr,core_oracle_estimated_weights,raw_correlation,mrr,0.2,0.2,1,0.0
graph_01,logistics_and_delivery_system,0,node_013,oracle_vs_rawcorr,core_oracle_estimated_weights,raw_correlation,recall_at_1,0.0,0.0,1,0.0
graph_01,logistics_and_delivery_system,0,node_013,oracle_vs_rawcorr,core_oracle_estimated_weights,raw_correlation,recall_at_5,1.0,1.0,1,0.0
graph_01,logistics_and_delivery_system,0,node_013,oracle_vs_rawcorr,core_oracle_estimated_weights,raw_correlation,exact_decode,0.0,0.0,1,0.0
graph_01,logistics_and_delivery_system,0,node_019,oracle_vs_shuffle,core_oracle_estimated_weights,core_shuffled_graph,match_acc,0.0,0.15,20,-0.15
graph_01,logistics_and_delivery_system,0,node_019,oracle_vs_shuffle,core_oracle_estimated_weights,core_shuffled_graph,gold_embedding_cosine,0.8937361087230199,0.8139601730431701,20,0.07977593567984975
graph_01,logistics_and_delivery_system,0,node_019,oracle_vs_shuffle,core_oracle_estimated_weights,core_shuffled_graph,mrr,0.1111111111111111,0.07775665704264775,20,0.03335445406846335
graph_01,logistics_and_delivery_system,0,node_019,oracle_vs_shuffle,core_oracle_estimated_weights,core_shuffled_graph,recall_at_1,0.0,0.0,20,0.0
graph_01,logistics_and_delivery_system,0,node_019,oracle_vs_shuffle,core_oracle_estimated_weights,core_shuffled_graph,recall_at_5,0.0,0.0,20,0.0
graph_01,logistics_and_delivery_system,0,node_019,oracle_vs_shuffle,core_oracle_estimated_weights,core_shuffled_graph,exact_decode,0.0,0.0,20,0.0
graph_01,logistics_and_delivery_system,0,node_019,oracle_vs_reverse,core_oracle_estimated_weights,core_reversed_graph,match_acc,0.0,1.0,1,-1.0
graph_01,logistics_and_delivery_system,0,node_019,oracle_vs_reverse,core_oracle_estimated_weights,core_reversed_graph,gold_embedding_cosine,0.8937361087230199,0.8573375359843793,1,0.036398572738640556
graph_01,logistics_and_delivery_system,0,node_019,oracle_vs_reverse,core_oracle_estimated_weights,core_reversed_graph,mrr,0.1111111111111111,0.125,1,-0.013888888888888895
graph_01,logistics_and_delivery_system,0,node_019,oracle_vs_reverse,core_oracle_estimated_weights,core_reversed_graph,recall_at_1,0.0,0.0,1,0.0
graph_01,logistics_and_delivery_system,0,node_019,oracle_vs_reverse,core_oracle_estimated_weights,core_reversed_graph,recall_at_5,0.0,0.0,1,0.0
graph_01,logistics_and_delivery_system,0,node_019,oracle_vs_reverse,core_oracle_estimated_weights,core_reversed_graph,exact_decode,0.0,0.0,1,0.0
graph_01,logistics_and_delivery_system,0,node_019,oracle_vs_no_graph,core_oracle_estimated_weights,uniform,match_acc,0.0,0.0,1,0.0
graph_01,logistics_and_delivery_system,0,node_019,oracle_vs_no_graph,core_oracle_estimated_weights,uniform,gold_embedding_cosine,0.8937361087230199,0.9018774511372529,1,-0.008141342414233033
graph_01,logistics_and_delivery_system,0,node_019,oracle_vs_no_graph,core_oracle_estimated_weights,uniform,mrr,0.1111111111111111,0.05,1,0.0611111111111111
graph_01,logistics_and_delivery_system,0,node_019,oracle_vs_no_graph,core_oracle_estimated_weights,uniform,recall_at_1,0.0,0.0,1,0.0
graph_01,logistics_and_delivery_system,0,node_019,oracle_vs_no_graph,core_oracle_estimated_weights,uniform,recall_at_5,0.0,0.0,1,0.0
graph_01,logistics_and_delivery_system,0,node_019,oracle_vs_no_graph,core_oracle_estimated_weights,uniform,exact_decode,0.0,0.0,1,0.0
graph_01,logistics_and_delivery_system,0,node_019,oracle_vs_rawcorr,core_oracle_estimated_weights,raw_correlation,match_acc,0.0,0.0,1,0.0
graph_01,logistics_and_delivery_system,0,node_019,oracle_vs_rawcorr,core_oracle_estimated_weights,raw_correlation,gold_embedding_cosine,0.8937361087230199,0.9026782983944727,1,-0.008942189671452772
graph_01,logistics_and_delivery_system,0,node_019,oracle_vs_rawcorr,core_oracle_estimated_weights,raw_correlation,mrr,0.1111111111111111,0.05,1,0.0611111111111111
graph_01,logistics_and_delivery_system,0,node_019,oracle_vs_rawcorr,core_oracle_estimated_weights,raw_correlation,recall_at_1,0.0,0.0,1,0.0
graph_01,logistics_and_delivery_system,0,node_019,oracle_vs_rawcorr,core_oracle_estimated_weights,raw_correlation,recall_at_5,0.0,0.0,1,0.0
graph_01,logistics_and_delivery_system,0,node_019,oracle_vs_rawcorr,core_oracle_estimated_weights,raw_correlation,exact_decode,0.0,0.0,1,0.0
graph_01,logistics_and_delivery_system,1,node_001,oracle_vs_shuffle,core_oracle_estimated_weights,core_shuffled_graph,match_acc,1.0,0.5,20,0.5
graph_01,logistics_and_delivery_system,1,node_001,oracle_vs_shuffle,core_oracle_estimated_weights,core_shuffled_graph,gold_embedding_cosine,0.6996833732875681,0.5820510856310215,20,0.11763228765654665
graph_01,logistics_and_delivery_system,1,node_001,oracle_vs_shuffle,core_oracle_estimated_weights,core_shuffled_graph,mrr,0.3333333333333333,0.1962266644174539,20,0.13710666891587941
graph_01,logistics_and_delivery_system,1,node_001,oracle_vs_shuffle,core_oracle_estimated_weights,core_shuffled_graph,recall_at_1,0.0,0.05,20,-0.05
graph_01,logistics_and_delivery_system,1,node_001,oracle_vs_shuffle,core_oracle_estimated_weights,core_shuffled_graph,recall_at_5,1.0,0.35,20,0.65
graph_01,logistics_and_delivery_system,1,node_001,oracle_vs_shuffle,core_oracle_estimated_weights,core_shuffled_graph,exact_decode,0.0,0.05,20,-0.05
graph_01,logistics_and_delivery_system,1,node_001,oracle_vs_reverse,core_oracle_estimated_weights,core_reversed_graph,match_acc,1.0,1.0,1,0.0
graph_01,logistics_and_delivery_system,1,node_001,oracle_vs_reverse,core_oracle_estimated_weights,core_reversed_graph,gold_embedding_cosine,0.6996833732875681,0.9255580973625483,1,-0.22587472407498022
graph_01,logistics_and_delivery_system,1,node_001,oracle_vs_reverse,core_oracle_estimated_weights,core_reversed_graph,mrr,0.3333333333333333,0.25,1,0.08333333333333331
graph_01,logistics_and_delivery_system,1,node_001,oracle_vs_reverse,core_oracle_estimated_weights,core_reversed_graph,recall_at_1,0.0,0.0,1,0.0
graph_01,logistics_and_delivery_system,1,node_001,oracle_vs_reverse,core_oracle_estimated_weights,core_reversed_graph,recall_at_5,1.0,1.0,1,0.0
graph_01,logistics_and_delivery_system,1,node_001,oracle_vs_reverse,core_oracle_estimated_weights,core_reversed_graph,exact_decode,0.0,0.0,1,0.0
graph_01,logistics_and_delivery_system,1,node_001,oracle_vs_no_graph,core_oracle_estimated_weights,uniform,match_acc,1.0,0.0,1,1.0
graph_01,logistics_and_delivery_system,1,node_001,oracle_vs_no_graph,core_oracle_estimated_weights,uniform,gold_embedding_cosine,0.6996833732875681,0.9066319017063567,1,-0.20694852841878852
graph_01,logistics_and_delivery_system,1,node_001,oracle_vs_no_graph,core_oracle_estimated_weights,uniform,mrr,0.3333333333333333,0.05263157894736842,1,0.2807017543859649
graph_01,logistics_and_delivery_system,1,node_001,oracle_vs_no_graph,core_oracle_estimated_weights,uniform,recall_at_1,0.0,0.0,1,0.0
graph_01,logistics_and_delivery_system,1,node_001,oracle_vs_no_graph,core_oracle_estimated_weights,uniform,recall_at_5,1.0,0.0,1,1.0
graph_01,logistics_and_delivery_system,1,node_001,oracle_vs_no_graph,core_oracle_estimated_weights,uniform,exact_decode,0.0,0.0,1,0.0
graph_01,logistics_and_delivery_system,1,node_001,oracle_vs_rawcorr,core_oracle_estimated_weights,raw_correlation,match_acc,1.0,1.0,1,0.0
graph_01,logistics_and_delivery_system,1,node_001,oracle_vs_rawcorr,core_oracle_estimated_weights,raw_correlation,gold_embedding_cosine,0.6996833732875681,0.9170026872422886,1,-0.21731931395472048
graph_01,logistics_and_delivery_system,1,node_001,oracle_vs_rawcorr,core_oracle_estimated_weights,raw_correlation,mrr,0.3333333333333333,0.09090909090909091,1,0.2424242424242424
graph_01,logistics_and_delivery_system,1,node_001,oracle_vs_rawcorr,core_oracle_estimated_weights,raw_correlation,recall_at_1,0.0,0.0,1,0.0
graph_01,logistics_and_delivery_system,1,node_001,oracle_vs_rawcorr,core_oracle_estimated_weights,raw_correlation,recall_at_5,1.0,0.0,1,1.0
graph_01,logistics_and_delivery_system,1,node_001,oracle_vs_rawcorr,core_oracle_estimated_weights,raw_correlation,exact_decode,0.0,0.0,1,0.0
graph_01,logistics_and_delivery_system,1,node_007,oracle_vs_shuffle,core_oracle_estimated_weights,core_shuffled_graph,match_acc,1.0,0.25,20,0.75
graph_01,logistics_and_delivery_system,1,node_007,oracle_vs_shuffle,core_oracle_estimated_weights,core_shuffled_graph,gold_embedding_cosine,0.8833567506696052,0.6963435156991447,20,0.18701323497046052
graph_01,logistics_and_delivery_system,1,node_007,oracle_vs_shuffle,core_oracle_estimated_weights,core_shuffled_graph,mrr,0.2,0.11083349248790426,20,0.08916650751209575
graph_01,logistics_and_delivery_system,1,node_007,oracle_vs_shuffle,core_oracle_estimated_weights,core_shuffled_graph,recall_at_1,0.0,0.0,20,0.0
graph_01,logistics_and_delivery_system,1,node_007,oracle_vs_shuffle,core_oracle_estimated_weights,core_shuffled_graph,recall_at_5,1.0,0.05,20,0.95
graph_01,logistics_and_delivery_system,1,node_007,oracle_vs_shuffle,core_oracle_estimated_weights,core_shuffled_graph,exact_decode,0.0,0.0,20,0.0
graph_01,logistics_and_delivery_system,1,node_007,oracle_vs_reverse,core_oracle_estimated_weights,core_reversed_graph,match_acc,1.0,1.0,1,0.0
graph_01,logistics_and_delivery_system,1,node_007,oracle_vs_reverse,core_oracle_estimated_weights,core_reversed_graph,gold_embedding_cosine,0.8833567506696052,0.8987940263752792,1,-0.015437275705673992
graph_01,logistics_and_delivery_system,1,node_007,oracle_vs_reverse,core_oracle_estimated_weights,core_reversed_graph,mrr,0.2,0.09090909090909091,1,0.1090909090909091
graph_01,logistics_and_delivery_system,1,node_007,oracle_vs_reverse,core_oracle_estimated_weights,core_reversed_graph,recall_at_1,0.0,0.0,1,0.0
graph_01,logistics_and_delivery_system,1,node_007,oracle_vs_reverse,core_oracle_estimated_weights,core_reversed_graph,recall_at_5,1.0,0.0,1,1.0
graph_01,logistics_and_delivery_system,1,node_007,oracle_vs_reverse,core_oracle_estimated_weights,core_reversed_graph,exact_decode,0.0,0.0,1,0.0
graph_01,logistics_and_delivery_system,1,node_007,oracle_vs_no_graph,core_oracle_estimated_weights,uniform,match_acc,1.0,0.0,1,1.0
graph_01,logistics_and_delivery_system,1,node_007,oracle_vs_no_graph,core_oracle_estimated_weights,uniform,gold_embedding_cosine,0.8833567506696052,0.9165832819248191,1,-0.03322653125521391
graph_01,logistics_and_delivery_system,1,node_007,oracle_vs_no_graph,core_oracle_estimated_weights,uniform,mrr,0.2,0.0625,1,0.1375
graph_01,logistics_and_delivery_system,1,node_007,oracle_vs_no_graph,core_oracle_estimated_weights,uniform,recall_at_1,0.0,0.0,1,0.0
graph_01,logistics_and_delivery_system,1,node_007,oracle_vs_no_graph,core_oracle_estimated_weights,uniform,recall_at_5,1.0,0.0,1,1.0
graph_01,logistics_and_delivery_system,1,node_007,oracle_vs_no_graph,core_oracle_estimated_weights,uniform,exact_decode,0.0,0.0,1,0.0
graph_01,logistics_and_delivery_system,1,node_007,oracle_vs_rawcorr,core_oracle_estimated_weights,raw_correlation,match_acc,1.0,1.0,1,0.0
graph_01,logistics_and_delivery_system,1,node_007,oracle_vs_rawcorr,core_oracle_estimated_weights,raw_correlation,gold_embedding_cosine,0.8833567506696052,0.9121671569064906,1,-0.028810406236885466
graph_01,logistics_and_delivery_system,1,node_007,oracle_vs_rawcorr,core_oracle_estimated_weights,raw_correlation,mrr,0.2,0.08333333333333333,1,0.11666666666666668
graph_01,logistics_and_delivery_system,1,node_007,oracle_vs_rawcorr,core_oracle_estimated_weights,raw_correlation,recall_at_1,0.0,0.0,1,0.0
graph_01,logistics_and_delivery_system,1,node_007,oracle_vs_rawcorr,core_oracle_estimated_weights,raw_correlation,recall_at_5,1.0,0.0,1,1.0
graph_01,logistics_and_delivery_system,1,node_007,oracle_vs_rawcorr,core_oracle_estimated_weights,raw_correlation,exact_decode,0.0,0.0,1,0.0
graph_01,logistics_and_delivery_system,1,node_014,oracle_vs_shuffle,core_oracle_estimated_weights,core_shuffled_graph,match_acc,1.0,0.35,20,0.65
graph_01,logistics_and_delivery_system,1,node_014,oracle_vs_shuffle,core_oracle_estimated_weights,core_shuffled_graph,gold_embedding_cosine,0.9021046005928477,0.8369487976406098,20,0.06515580295223788
graph_01,logistics_and_delivery_system,1,node_014,oracle_vs_shuffle,core_oracle_estimated_weights,core_shuffled_graph,mrr,0.3333333333333333,0.22258574758574756,20,0.11074758574758575
graph_01,logistics_and_delivery_system,1,node_014,oracle_vs_shuffle,core_oracle_estimated_weights,core_shuffled_graph,recall_at_1,0.0,0.0,20,0.0
graph_01,logistics_and_delivery_system,1,node_014,oracle_vs_shuffle,core_oracle_estimated_weights,core_shuffled_graph,recall_at_5,1.0,0.45,20,0.55
graph_01,logistics_and_delivery_system,1,node_014,oracle_vs_shuffle,core_oracle_estimated_weights,core_shuffled_graph,exact_decode,0.0,0.0,20,0.0
graph_01,logistics_and_delivery_system,1,node_014,oracle_vs_reverse,core_oracle_estimated_weights,core_reversed_graph,match_acc,1.0,1.0,1,0.0
graph_01,logistics_and_delivery_system,1,node_014,oracle_vs_reverse,core_oracle_estimated_weights,core_reversed_graph,gold_embedding_cosine,0.9021046005928477,0.941371698838352,1,-0.03926709824550434
graph_01,logistics_and_delivery_system,1,node_014,oracle_vs_reverse,core_oracle_estimated_weights,core_reversed_graph,mrr,0.3333333333333333,0.3333333333333333,1,0.0
graph_01,logistics_and_delivery_system,1,node_014,oracle_vs_reverse,core_oracle_estimated_weights,core_reversed_graph,recall_at_1,0.0,0.0,1,0.0
graph_01,logistics_and_delivery_system,1,node_014,oracle_vs_reverse,core_oracle_estimated_weights,core_reversed_graph,recall_at_5,1.0,1.0,1,0.0
graph_01,logistics_and_delivery_system,1,node_014,oracle_vs_reverse,core_oracle_estimated_weights,core_reversed_graph,exact_decode,0.0,0.0,1,0.0
graph_01,logistics_and_delivery_system,1,node_014,oracle_vs_no_graph,core_oracle_estimated_weights,uniform,match_acc,1.0,0.0,1,1.0
graph_01,logistics_and_delivery_system,1,node_014,oracle_vs_no_graph,core_oracle_estimated_weights,uniform,gold_embedding_cosine,0.9021046005928477,0.9371287426597075,1,-0.035024142066859776
graph_01,logistics_and_delivery_system,1,node_014,oracle_vs_no_graph,core_oracle_estimated_weights,uniform,mrr,0.3333333333333333,0.3333333333333333,1,0.0
graph_01,logistics_and_delivery_system,1,node_014,oracle_vs_no_graph,core_oracle_estimated_weights,uniform,recall_at_1,0.0,0.0,1,0.0
graph_01,logistics_and_delivery_system,1,node_014,oracle_vs_no_graph,core_oracle_estimated_weights,uniform,recall_at_5,1.0,1.0,1,0.0
graph_01,logistics_and_delivery_system,1,node_014,oracle_vs_no_graph,core_oracle_estimated_weights,uniform,exact_decode,0.0,0.0,1,0.0
graph_01,logistics_and_delivery_system,1,node_014,oracle_vs_rawcorr,core_oracle_estimated_weights,raw_correlation,match_acc,1.0,1.0,1,0.0
graph_01,logistics_and_delivery_system,1,node_014,oracle_vs_rawcorr,core_oracle_estimated_weights,raw_correlation,gold_embedding_cosine,0.9021046005928477,0.9360542611902172,1,-0.03394966059736948
graph_01,logistics_and_delivery_system,1,node_014,oracle_vs_rawcorr,core_oracle_estimated_weights,raw_correlation,mrr,0.3333333333333333,0.3333333333333333,1,0.0
graph_01,logistics_and_delivery_system,1,node_014,oracle_vs_rawcorr,core_oracle_estimated_weights,raw_correlation,recall_at_1,0.0,0.0,1,0.0
graph_01,logistics_and_delivery_system,1,node_014,oracle_vs_rawcorr,core_oracle_estimated_weights,raw_correlation,recall_at_5,1.0,1.0,1,0.0
graph_01,logistics_and_delivery_system,1,node_014,oracle_vs_rawcorr,core_oracle_estimated_weights,raw_correlation,exact_decode,0.0,0.0,1,0.0
graph_01,logistics_and_delivery_system,1,node_017,oracle_vs_shuffle,core_oracle_estimated_weights,core_shuffled_graph,match_acc,1.0,0.15,20,0.85
graph_01,logistics_and_delivery_system,1,node_017,oracle_vs_shuffle,core_oracle_estimated_weights,core_shuffled_graph,gold_embedding_cosine,0.874711745758555,0.8061687518449686,20,0.06854299391358643
graph_01,logistics_and_delivery_system,1,node_017,oracle_vs_shuffle,core_oracle_estimated_weights,core_shuffled_graph,mrr,0.1111111111111111,0.09738853252011147,20,0.013722578590999637
graph_01,logistics_and_delivery_system,1,node_017,oracle_vs_shuffle,core_oracle_estimated_weights,core_shuffled_graph,recall_at_1,0.0,0.0,20,0.0
graph_01,logistics_and_delivery_system,1,node_017,oracle_vs_shuffle,core_oracle_estimated_weights,core_shuffled_graph,recall_at_5,0.0,0.0,20,0.0
graph_01,logistics_and_delivery_system,1,node_017,oracle_vs_shuffle,core_oracle_estimated_weights,core_shuffled_graph,exact_decode,0.0,0.0,20,0.0
graph_01,logistics_and_delivery_system,1,node_017,oracle_vs_reverse,core_oracle_estimated_weights,core_reversed_graph,match_acc,1.0,1.0,1,0.0
graph_01,logistics_and_delivery_system,1,node_017,oracle_vs_reverse,core_oracle_estimated_weights,core_reversed_graph,gold_embedding_cosine,0.874711745758555,0.8942392104427493,1,-0.019527464684194307
graph_01,logistics_and_delivery_system,1,node_017,oracle_vs_reverse,core_oracle_estimated_weights,core_reversed_graph,mrr,0.1111111111111111,0.1,1,0.0111111111111111
graph_01,logistics_and_delivery_system,1,node_017,oracle_vs_reverse,core_oracle_estimated_weights,core_reversed_graph,recall_at_1,0.0,0.0,1,0.0
graph_01,logistics_and_delivery_system,1,node_017,oracle_vs_reverse,core_oracle_estimated_weights,core_reversed_graph,recall_at_5,0.0,0.0,1,0.0
graph_01,logistics_and_delivery_system,1,node_017,oracle_vs_reverse,core_oracle_estimated_weights,core_reversed_graph,exact_decode,0.0,0.0,1,0.0
graph_01,logistics_and_delivery_system,1,node_017,oracle_vs_no_graph,core_oracle_estimated_weights,uniform,match_acc,1.0,1.0,1,0.0
graph_01,logistics_and_delivery_system,1,node_017,oracle_vs_no_graph,core_oracle_estimated_weights,uniform,gold_embedding_cosine,0.874711745758555,0.9166902023338787,1,-0.04197845657532362
graph_01,logistics_and_delivery_system,1,node_017,oracle_vs_no_graph,core_oracle_estimated_weights,uniform,mrr,0.1111111111111111,0.06666666666666667,1,0.04444444444444444
graph_01,logistics_and_delivery_system,1,node_017,oracle_vs_no_graph,core_oracle_estimated_weights,uniform,recall_at_1,0.0,0.0,1,0.0
graph_01,logistics_and_delivery_system,1,node_017,oracle_vs_no_graph,core_oracle_estimated_weights,uniform,recall_at_5,0.0,0.0,1,0.0
graph_01,logistics_and_delivery_system,1,node_017,oracle_vs_no_graph,core_oracle_estimated_weights,uniform,exact_decode,0.0,0.0,1,0.0
graph_01,logistics_and_delivery_system,1,node_017,oracle_vs_rawcorr,core_oracle_estimated_weights,raw_correlation,match_acc,1.0,1.0,1,0.0
graph_01,logistics_and_delivery_system,1,node_017,oracle_vs_rawcorr,core_oracle_estimated_weights,raw_correlation,gold_embedding_cosine,0.874711745758555,0.9181115567191235,1,-0.04339981096056844
graph_01,logistics_and_delivery_system,1,node_017,oracle_vs_rawcorr,core_oracle_estimated_weights,raw_correlation,mrr,0.1111111111111111,0.07142857142857142,1,0.03968253968253968
graph_01,logistics_and_delivery_system,1,node_017,oracle_vs_rawcorr,core_oracle_estimated_weights,raw_correlation,recall_at_1,0.0,0.0,1,0.0
graph_01,logistics_and_delivery_system,1,node_017,oracle_vs_rawcorr,core_oracle_estimated_weights,raw_correlation,recall_at_5,0.0,0.0,1,0.0
graph_01,logistics_and_delivery_system,1,node_017,oracle_vs_rawcorr,core_oracle_estimated_weights,raw_correlation,exact_decode,0.0,0.0,1,0.0
graph_01,logistics_and_delivery_system,2,node_002,oracle_vs_shuffle,core_oracle_estimated_weights,core_shuffled_graph,match_acc,0.0,0.15,20,-0.15
graph_01,logistics_and_delivery_system,2,node_002,oracle_vs_shuffle,core_oracle_estimated_weights,core_shuffled_graph,gold_embedding_cosine,0.436062300144534,0.7047617223912306,20,-0.2686994222466966
graph_01,logistics_and_delivery_system,2,node_002,oracle_vs_shuffle,core_oracle_estimated_weights,core_shuffled_graph,mrr,0.09090909090909091,0.09025668775668777,20,0.0006524031524031415
graph_01,logistics_and_delivery_system,2,node_002,oracle_vs_shuffle,core_oracle_estimated_weights,core_shuffled_graph,recall_at_1,0.0,0.0,20,0.0
graph_01,logistics_and_delivery_system,2,node_002,oracle_vs_shuffle,core_oracle_estimated_weights,core_shuffled_graph,recall_at_5,0.0,0.0,20,0.0
graph_01,logistics_and_delivery_system,2,node_002,oracle_vs_shuffle,core_oracle_estimated_weights,core_shuffled_graph,exact_decode,0.0,0.0,20,0.0
graph_01,logistics_and_delivery_system,2,node_002,oracle_vs_reverse,core_oracle_estimated_weights,core_reversed_graph,match_acc,0.0,0.0,1,0.0
graph_01,logistics_and_delivery_system,2,node_002,oracle_vs_reverse,core_oracle_estimated_weights,core_reversed_graph,gold_embedding_cosine,0.436062300144534,0.8500856175740475,1,-0.41402331742951354
graph_01,logistics_and_delivery_system,2,node_002,oracle_vs_reverse,core_oracle_estimated_weights,core_reversed_graph,mrr,0.09090909090909091,0.07142857142857142,1,0.019480519480519487
graph_01,logistics_and_delivery_system,2,node_002,oracle_vs_reverse,core_oracle_estimated_weights,core_reversed_graph,recall_at_1,0.0,0.0,1,0.0
graph_01,logistics_and_delivery_system,2,node_002,oracle_vs_reverse,core_oracle_estimated_weights,core_reversed_graph,recall_at_5,0.0,0.0,1,0.0
graph_01,logistics_and_delivery_system,2,node_002,oracle_vs_reverse,core_oracle_estimated_weights,core_reversed_graph,exact_decode,0.0,0.0,1,0.0
graph_01,logistics_and_delivery_system,2,node_002,oracle_vs_no_graph,core_oracle_estimated_weights,uniform,match_acc,0.0,0.0,1,0.0
graph_01,logistics_and_delivery_system,2,node_002,oracle_vs_no_graph,core_oracle_estimated_weights,uniform,gold_embedding_cosine,0.436062300144534,0.9044162239546848,1,-0.4683539238101508
graph_01,logistics_and_delivery_system,2,node_002,oracle_vs_no_graph,core_oracle_estimated_weights,uniform,mrr,0.09090909090909091,0.05,1,0.04090909090909091
graph_01,logistics_and_delivery_system,2,node_002,oracle_vs_no_graph,core_oracle_estimated_weights,uniform,recall_at_1,0.0,0.0,1,0.0
graph_01,logistics_and_delivery_system,2,node_002,oracle_vs_no_graph,core_oracle_estimated_weights,uniform,recall_at_5,0.0,0.0,1,0.0
graph_01,logistics_and_delivery_system,2,node_002,oracle_vs_no_graph,core_oracle_estimated_weights,uniform,exact_decode,0.0,0.0,1,0.0
graph_01,logistics_and_delivery_system,2,node_002,oracle_vs_rawcorr,core_oracle_estimated_weights,raw_correlation,match_acc,0.0,0.0,1,0.0
graph_01,logistics_and_delivery_system,2,node_002,oracle_vs_rawcorr,core_oracle_estimated_weights,raw_correlation,gold_embedding_cosine,0.436062300144534,0.8911429927969925,1,-0.4550806926524585
graph_01,logistics_and_delivery_system,2,node_002,oracle_vs_rawcorr,core_oracle_estimated_weights,raw_correlation,mrr,0.09090909090909091,0.06666666666666667,1,0.024242424242424246
graph_01,logistics_and_delivery_system,2,node_002,oracle_vs_rawcorr,core_oracle_estimated_weights,raw_correlation,recall_at_1,0.0,0.0,1,0.0
graph_01,logistics_and_delivery_system,2,node_002,oracle_vs_rawcorr,core_oracle_estimated_weights,raw_correlation,recall_at_5,0.0,0.0,1,0.0
graph_01,logistics_and_delivery_system,2,node_002,oracle_vs_rawcorr,core_oracle_estimated_weights,raw_correlation,exact_decode,0.0,0.0,1,0.0
graph_01,logistics_and_delivery_system,2,node_008,oracle_vs_shuffle,core_oracle_estimated_weights,core_shuffled_graph,match_acc,1.0,0.2,20,0.8
graph_01,logistics_and_delivery_system,2,node_008,oracle_vs_shuffle,core_oracle_estimated_weights,core_shuffled_graph,gold_embedding_cosine,0.916237286390668,0.7149829895807234,20,0.20125429680994467
graph_01,logistics_and_delivery_system,2,node_008,oracle_vs_shuffle,core_oracle_estimated_weights,core_shuffled_graph,mrr,0.3333333333333333,0.15647997835497834,20,0.17685335497835497
graph_01,logistics_and_delivery_system,2,node_008,oracle_vs_shuffle,core_oracle_estimated_weights,core_shuffled_graph,recall_at_1,0.0,0.0,20,0.0
graph_01,logistics_and_delivery_system,2,node_008,oracle_vs_shuffle,core_oracle_estimated_weights,core_shuffled_graph,recall_at_5,1.0,0.35,20,0.65
graph_01,logistics_and_delivery_system,2,node_008,oracle_vs_shuffle,core_oracle_estimated_weights,core_shuffled_graph,exact_decode,0.0,0.0,20,0.0
graph_01,logistics_and_delivery_system,2,node_008,oracle_vs_reverse,core_oracle_estimated_weights,core_reversed_graph,match_acc,1.0,0.0,1,1.0
graph_01,logistics_and_delivery_system,2,node_008,oracle_vs_reverse,core_oracle_estimated_weights,core_reversed_graph,gold_embedding_cosine,0.916237286390668,0.8789798382440759,1,0.037257448146592154
graph_01,logistics_and_delivery_system,2,node_008,oracle_vs_reverse,core_oracle_estimated_weights,core_reversed_graph,mrr,0.3333333333333333,0.1111111111111111,1,0.2222222222222222
graph_01,logistics_and_delivery_system,2,node_008,oracle_vs_reverse,core_oracle_estimated_weights,core_reversed_graph,recall_at_1,0.0,0.0,1,0.0
graph_01,logistics_and_delivery_system,2,node_008,oracle_vs_reverse,core_oracle_estimated_weights,core_reversed_graph,recall_at_5,1.0,0.0,1,1.0
graph_01,logistics_and_delivery_system,2,node_008,oracle_vs_reverse,core_oracle_estimated_weights,core_reversed_graph,exact_decode,0.0,0.0,1,0.0
graph_01,logistics_and_delivery_system,2,node_008,oracle_vs_no_graph,core_oracle_estimated_weights,uniform,match_acc,1.0,0.0,1,1.0
graph_01,logistics_and_delivery_system,2,node_008,oracle_vs_no_graph,core_oracle_estimated_weights,uniform,gold_embedding_cosine,0.916237286390668,0.9226256611344772,1,-0.006388374743809155
graph_01,logistics_and_delivery_system,2,node_008,oracle_vs_no_graph,core_oracle_estimated_weights,uniform,mrr,0.3333333333333333,0.1,1,0.2333333333333333
graph_01,logistics_and_delivery_system,2,node_008,oracle_vs_no_graph,core_oracle_estimated_weights,uniform,recall_at_1,0.0,0.0,1,0.0
graph_01,logistics_and_delivery_system,2,node_008,oracle_vs_no_graph,core_oracle_estimated_weights,uniform,recall_at_5,1.0,0.0,1,1.0
graph_01,logistics_and_delivery_system,2,node_008,oracle_vs_no_graph,core_oracle_estimated_weights,uniform,exact_decode,0.0,0.0,1,0.0
graph_01,logistics_and_delivery_system,2,node_008,oracle_vs_rawcorr,core_oracle_estimated_weights,raw_correlation,match_acc,1.0,0.0,1,1.0
graph_01,logistics_and_delivery_system,2,node_008,oracle_vs_rawcorr,core_oracle_estimated_weights,raw_correlation,gold_embedding_cosine,0.916237286390668,0.9241645559781924,1,-0.007927269587524322
graph_01,logistics_and_delivery_system,2,node_008,oracle_vs_rawcorr,core_oracle_estimated_weights,raw_correlation,mrr,0.3333333333333333,0.1,1,0.2333333333333333
graph_01,logistics_and_delivery_system,2,node_008,oracle_vs_rawcorr,core_oracle_estimated_weights,raw_correlation,recall_at_1,0.0,0.0,1,0.0
graph_01,logistics_and_delivery_system,2,node_008,oracle_vs_rawcorr,core_oracle_estimated_weights,raw_correlation,recall_at_5,1.0,0.0,1,1.0
graph_01,logistics_and_delivery_system,2,node_008,oracle_vs_rawcorr,core_oracle_estimated_weights,raw_correlation,exact_decode,0.0,0.0,1,0.0
graph_01,logistics_and_delivery_system,2,node_012,oracle_vs_shuffle,core_oracle_estimated_weights,core_shuffled_graph,match_acc,1.0,0.7,20,0.30000000000000004
graph_01,logistics_and_delivery_system,2,node_012,oracle_vs_shuffle,core_oracle_estimated_weights,core_shuffled_graph,gold_embedding_cosine,0.894213734608594,0.5971579808824875,20,0.2970557537261065
graph_01,logistics_and_delivery_system,2,node_012,oracle_vs_shuffle,core_oracle_estimated_weights,core_shuffled_graph,mrr,0.25,0.14192476232917406,20,0.10807523767082594
graph_01,logistics_and_delivery_system,2,node_012,oracle_vs_shuffle,core_oracle_estimated_weights,core_shuffled_graph,recall_at_1,0.0,0.0,20,0.0
graph_01,logistics_and_delivery_system,2,node_012,oracle_vs_shuffle,core_oracle_estimated_weights,core_shuffled_graph,recall_at_5,1.0,0.3,20,0.7
graph_01,logistics_and_delivery_system,2,node_012,oracle_vs_shuffle,core_oracle_estimated_weights,core_shuffled_graph,exact_decode,0.0,0.0,20,0.0
graph_01,logistics_and_delivery_system,2,node_012,oracle_vs_reverse,core_oracle_estimated_weights,core_reversed_graph,match_acc,1.0,1.0,1,0.0
graph_01,logistics_and_delivery_system,2,node_012,oracle_vs_reverse,core_oracle_estimated_weights,core_reversed_graph,gold_embedding_cosine,0.894213734608594,0.8887705957641872,1,0.005443138844406836
graph_01,logistics_and_delivery_system,2,node_012,oracle_vs_reverse,core_oracle_estimated_weights,core_reversed_graph,mrr,0.25,0.25,1,0.0
graph_01,logistics_and_delivery_system,2,node_012,oracle_vs_reverse,core_oracle_estimated_weights,core_reversed_graph,recall_at_1,0.0,0.0,1,0.0
graph_01,logistics_and_delivery_system,2,node_012,oracle_vs_reverse,core_oracle_estimated_weights,core_reversed_graph,recall_at_5,1.0,1.0,1,0.0
graph_01,logistics_and_delivery_system,2,node_012,oracle_vs_reverse,core_oracle_estimated_weights,core_reversed_graph,exact_decode,0.0,0.0,1,0.0
graph_01,logistics_and_delivery_system,2,node_012,oracle_vs_no_graph,core_oracle_estimated_weights,uniform,match_acc,1.0,0.0,1,1.0
graph_01,logistics_and_delivery_system,2,node_012,oracle_vs_no_graph,core_oracle_estimated_weights,uniform,gold_embedding_cosine,0.894213734608594,0.9125473052707463,1,-0.018333570662152354
graph_01,logistics_and_delivery_system,2,node_012,oracle_vs_no_graph,core_oracle_estimated_weights,uniform,mrr,0.25,0.0625,1,0.1875
graph_01,logistics_and_delivery_system,2,node_012,oracle_vs_no_graph,core_oracle_estimated_weights,uniform,recall_at_1,0.0,0.0,1,0.0
graph_01,logistics_and_delivery_system,2,node_012,oracle_vs_no_graph,core_oracle_estimated_weights,uniform,recall_at_5,1.0,0.0,1,1.0
graph_01,logistics_and_delivery_system,2,node_012,oracle_vs_no_graph,core_oracle_estimated_weights,uniform,exact_decode,0.0,0.0,1,0.0
graph_01,logistics_and_delivery_system,2,node_012,oracle_vs_rawcorr,core_oracle_estimated_weights,raw_correlation,match_acc,1.0,1.0,1,0.0
graph_01,logistics_and_delivery_system,2,node_012,oracle_vs_rawcorr,core_oracle_estimated_weights,raw_correlation,gold_embedding_cosine,0.894213734608594,0.9170992884389506,1,-0.02288555383035662
graph_01,logistics_and_delivery_system,2,node_012,oracle_vs_rawcorr,core_oracle_estimated_weights,raw_correlation,mrr,0.25,0.08333333333333333,1,0.16666666666666669
graph_01,logistics_and_delivery_system,2,node_012,oracle_vs_rawcorr,core_oracle_estimated_weights,raw_correlation,recall_at_1,0.0,0.0,1,0.0
graph_01,logistics_and_delivery_system,2,node_012,oracle_vs_rawcorr,core_oracle_estimated_weights,raw_correlation,recall_at_5,1.0,0.0,1,1.0
graph_01,logistics_and_delivery_system,2,node_012,oracle_vs_rawcorr,core_oracle_estimated_weights,raw_correlation,exact_decode,0.0,0.0,1,0.0
graph_01,logistics_and_delivery_system,2,node_018,oracle_vs_shuffle,core_oracle_estimated_weights,core_shuffled_graph,match_acc,0.0,0.35,20,-0.35
graph_01,logistics_and_delivery_system,2,node_018,oracle_vs_shuffle,core_oracle_estimated_weights,core_shuffled_graph,gold_embedding_cosine,0.905045262213978,0.8520038319673022,20,0.053041430246675736
graph_01,logistics_and_delivery_system,2,node_018,oracle_vs_shuffle,core_oracle_estimated_weights,core_shuffled_graph,mrr,0.1,0.09418356862435809,20,0.005816431375641917
graph_01,logistics_and_delivery_system,2,node_018,oracle_vs_shuffle,core_oracle_estimated_weights,core_shuffled_graph,recall_at_1,0.0,0.0,20,0.0
graph_01,logistics_and_delivery_system,2,node_018,oracle_vs_shuffle,core_oracle_estimated_weights,core_shuffled_graph,recall_at_5,0.0,0.05,20,-0.05
graph_01,logistics_and_delivery_system,2,node_018,oracle_vs_shuffle,core_oracle_estimated_weights,core_shuffled_graph,exact_decode,0.0,0.0,20,0.0
graph_01,logistics_and_delivery_system,2,node_018,oracle_vs_reverse,core_oracle_estimated_weights,core_reversed_graph,match_acc,0.0,0.0,1,0.0
graph_01,logistics_and_delivery_system,2,node_018,oracle_vs_reverse,core_oracle_estimated_weights,core_reversed_graph,gold_embedding_cosine,0.905045262213978,0.8998291787420348,1,0.005216083471943134
graph_01,logistics_and_delivery_system,2,node_018,oracle_vs_reverse,core_oracle_estimated_weights,core_reversed_graph,mrr,0.1,0.1111111111111111,1,-0.0111111111111111
graph_01,logistics_and_delivery_system,2,node_018,oracle_vs_reverse,core_oracle_estimated_weights,core_reversed_graph,recall_at_1,0.0,0.0,1,0.0
graph_01,logistics_and_delivery_system,2,node_018,oracle_vs_reverse,core_oracle_estimated_weights,core_reversed_graph,recall_at_5,0.0,0.0,1,0.0
graph_01,logistics_and_delivery_system,2,node_018,oracle_vs_reverse,core_oracle_estimated_weights,core_reversed_graph,exact_decode,0.0,0.0,1,0.0
graph_01,logistics_and_delivery_system,2,node_018,oracle_vs_no_graph,core_oracle_estimated_weights,uniform,match_acc,0.0,1.0,1,-1.0
graph_01,logistics_and_delivery_system,2,node_018,oracle_vs_no_graph,core_oracle_estimated_weights,uniform,gold_embedding_cosine,0.905045262213978,0.9128235789630343,1,-0.00777831674905638
graph_01,logistics_and_delivery_system,2,node_018,oracle_vs_no_graph,core_oracle_estimated_weights,uniform,mrr,0.1,0.06666666666666667,1,0.03333333333333334
graph_01,logistics_and_delivery_system,2,node_018,oracle_vs_no_graph,core_oracle_estimated_weights,uniform,recall_at_1,0.0,0.0,1,0.0
graph_01,logistics_and_delivery_system,2,node_018,oracle_vs_no_graph,core_oracle_estimated_weights,uniform,recall_at_5,0.0,0.0,1,0.0
graph_01,logistics_and_delivery_system,2,node_018,oracle_vs_no_graph,core_oracle_estimated_weights,uniform,exact_decode,0.0,0.0,1,0.0
graph_01,logistics_and_delivery_system,2,node_018,oracle_vs_rawcorr,core_oracle_estimated_weights,raw_correlation,match_acc,0.0,0.0,1,0.0
graph_01,logistics_and_delivery_system,2,node_018,oracle_vs_rawcorr,core_oracle_estimated_weights,raw_correlation,gold_embedding_cosine,0.905045262213978,0.9131552900321891,1,-0.00811002781821113
graph_01,logistics_and_delivery_system,2,node_018,oracle_vs_rawcorr,core_oracle_estimated_weights,raw_correlation,mrr,0.1,0.07142857142857142,1,0.02857142857142858
graph_01,logistics_and_delivery_system,2,node_018,oracle_vs_rawcorr,core_oracle_estimated_weights,raw_correlation,recall_at_1,0.0,0.0,1,0.0
graph_01,logistics_and_delivery_system,2,node_018,oracle_vs_rawcorr,core_oracle_estimated_weights,raw_correlation,recall_at_5,0.0,0.0,1,0.0
graph_01,logistics_and_delivery_system,2,node_018,oracle_vs_rawcorr,core_oracle_estimated_weights,raw_correlation,exact_decode,0.0,0.0,1,0.0
graph_01,logistics_and_delivery_system,3,node_003,oracle_vs_shuffle,core_oracle_estimated_weights,core_shuffled_graph,match_acc,0.0,0.55,20,-0.55
graph_01,logistics_and_delivery_system,3,node_003,oracle_vs_shuffle,core_oracle_estimated_weights,core_shuffled_graph,gold_embedding_cosine,0.6820880634456576,0.566717136418093,20,0.11537092702756468
graph_01,logistics_and_delivery_system,3,node_003,oracle_vs_shuffle,core_oracle_estimated_weights,core_shuffled_graph,mrr,0.125,0.177754884004884,20,-0.05275488400488401
graph_01,logistics_and_delivery_system,3,node_003,oracle_vs_shuffle,core_oracle_estimated_weights,core_shuffled_graph,recall_at_1,0.0,0.0,20,0.0
graph_01,logistics_and_delivery_system,3,node_003,oracle_vs_shuffle,core_oracle_estimated_weights,core_shuffled_graph,recall_at_5,0.0,0.5,20,-0.5
graph_01,logistics_and_delivery_system,3,node_003,oracle_vs_shuffle,core_oracle_estimated_weights,core_shuffled_graph,exact_decode,0.0,0.0,20,0.0
graph_01,logistics_and_delivery_system,3,node_003,oracle_vs_reverse,core_oracle_estimated_weights,core_reversed_graph,match_acc,0.0,1.0,1,-1.0
graph_01,logistics_and_delivery_system,3,node_003,oracle_vs_reverse,core_oracle_estimated_weights,core_reversed_graph,gold_embedding_cosine,0.6820880634456576,0.9056419397911437,1,-0.22355387634548607
graph_01,logistics_and_delivery_system,3,node_003,oracle_vs_reverse,core_oracle_estimated_weights,core_reversed_graph,mrr,0.125,0.3333333333333333,1,-0.20833333333333331
graph_01,logistics_and_delivery_system,3,node_003,oracle_vs_reverse,core_oracle_estimated_weights,core_reversed_graph,recall_at_1,0.0,0.0,1,0.0
graph_01,logistics_and_delivery_system,3,node_003,oracle_vs_reverse,core_oracle_estimated_weights,core_reversed_graph,recall_at_5,0.0,1.0,1,-1.0
graph_01,logistics_and_delivery_system,3,node_003,oracle_vs_reverse,core_oracle_estimated_weights,core_reversed_graph,exact_decode,0.0,0.0,1,0.0
graph_01,logistics_and_delivery_system,3,node_003,oracle_vs_no_graph,core_oracle_estimated_weights,uniform,match_acc,0.0,0.0,1,0.0
graph_01,logistics_and_delivery_system,3,node_003,oracle_vs_no_graph,core_oracle_estimated_weights,uniform,gold_embedding_cosine,0.6820880634456576,0.9151838975217524,1,-0.2330958340760948
graph_01,logistics_and_delivery_system,3,node_003,oracle_vs_no_graph,core_oracle_estimated_weights,uniform,mrr,0.125,0.058823529411764705,1,0.0661764705882353
graph_01,logistics_and_delivery_system,3,node_003,oracle_vs_no_graph,core_oracle_estimated_weights,uniform,recall_at_1,0.0,0.0,1,0.0
graph_01,logistics_and_delivery_system,3,node_003,oracle_vs_no_graph,core_oracle_estimated_weights,uniform,recall_at_5,0.0,0.0,1,0.0
graph_01,logistics_and_delivery_system,3,node_003,oracle_vs_no_graph,core_oracle_estimated_weights,uniform,exact_decode,0.0,0.0,1,0.0
graph_01,logistics_and_delivery_system,3,node_003,oracle_vs_rawcorr,core_oracle_estimated_weights,raw_correlation,match_acc,0.0,0.0,1,0.0
graph_01,logistics_and_delivery_system,3,node_003,oracle_vs_rawcorr,core_oracle_estimated_weights,raw_correlation,gold_embedding_cosine,0.6820880634456576,0.9120966021313826,1,-0.2300085386857249
graph_01,logistics_and_delivery_system,3,node_003,oracle_vs_rawcorr,core_oracle_estimated_weights,raw_correlation,mrr,0.125,0.07692307692307693,1,0.04807692307692307
graph_01,logistics_and_delivery_system,3,node_003,oracle_vs_rawcorr,core_oracle_estimated_weights,raw_correlation,recall_at_1,0.0,0.0,1,0.0
graph_01,logistics_and_delivery_system,3,node_003,oracle_vs_rawcorr,core_oracle_estimated_weights,raw_correlation,recall_at_5,0.0,0.0,1,0.0
graph_01,logistics_and_delivery_system,3,node_003,oracle_vs_rawcorr,core_oracle_estimated_weights,raw_correlation,exact_decode,0.0,0.0,1,0.0
graph_01,logistics_and_delivery_system,3,node_009,oracle_vs_shuffle,core_oracle_estimated_weights,core_shuffled_graph,match_acc,0.0,0.25,20,-0.25
graph_01,logistics_and_delivery_system,3,node_009,oracle_vs_shuffle,core_oracle_estimated_weights,core_shuffled_graph,gold_embedding_cosine,0.8615575316934683,0.8568329994915356,20,0.004724532201932696
graph_01,logistics_and_delivery_system,3,node_009,oracle_vs_shuffle,core_oracle_estimated_weights,core_shuffled_graph,mrr,0.09090909090909091,0.13765928515928516,20,-0.04675019425019425
graph_01,logistics_and_delivery_system,3,node_009,oracle_vs_shuffle,core_oracle_estimated_weights,core_shuffled_graph,recall_at_1,0.0,0.0,20,0.0
graph_01,logistics_and_delivery_system,3,node_009,oracle_vs_shuffle,core_oracle_estimated_weights,core_shuffled_graph,recall_at_5,0.0,0.15,20,-0.15
graph_01,logistics_and_delivery_system,3,node_009,oracle_vs_shuffle,core_oracle_estimated_weights,core_shuffled_graph,exact_decode,0.0,0.0,20,0.0
graph_01,logistics_and_delivery_system,3,node_009,oracle_vs_reverse,core_oracle_estimated_weights,core_reversed_graph,match_acc,0.0,0.0,1,0.0
graph_01,logistics_and_delivery_system,3,node_009,oracle_vs_reverse,core_oracle_estimated_weights,core_reversed_graph,gold_embedding_cosine,0.8615575316934683,0.8391229609632328,1,0.02243457073023547
graph_01,logistics_and_delivery_system,3,node_009,oracle_vs_reverse,core_oracle_estimated_weights,core_reversed_graph,mrr,0.09090909090909091,0.058823529411764705,1,0.03208556149732621
graph_01,logistics_and_delivery_system,3,node_009,oracle_vs_reverse,core_oracle_estimated_weights,core_reversed_graph,recall_at_1,0.0,0.0,1,0.0
graph_01,logistics_and_delivery_system,3,node_009,oracle_vs_reverse,core_oracle_estimated_weights,core_reversed_graph,recall_at_5,0.0,0.0,1,0.0
graph_01,logistics_and_delivery_system,3,node_009,oracle_vs_reverse,core_oracle_estimated_weights,core_reversed_graph,exact_decode,0.0,0.0,1,0.0
graph_01,logistics_and_delivery_system,3,node_009,oracle_vs_no_graph,core_oracle_estimated_weights,uniform,match_acc,0.0,1.0,1,-1.0
graph_01,logistics_and_delivery_system,3,node_009,oracle_vs_no_graph,core_oracle_estimated_weights,uniform,gold_embedding_cosine,0.8615575316934683,0.9254722402047714,1,-0.0639147085113031
graph_01,logistics_and_delivery_system,3,node_009,oracle_vs_no_graph,core_oracle_estimated_weights,uniform,mrr,0.09090909090909091,0.09090909090909091,1,0.0
graph_01,logistics_and_delivery_system,3,node_009,oracle_vs_no_graph,core_oracle_estimated_weights,uniform,recall_at_1,0.0,0.0,1,0.0
graph_01,logistics_and_delivery_system,3,node_009,oracle_vs_no_graph,core_oracle_estimated_weights,uniform,recall_at_5,0.0,0.0,1,0.0
graph_01,logistics_and_delivery_system,3,node_009,oracle_vs_no_graph,core_oracle_estimated_weights,uniform,exact_decode,0.0,0.0,1,0.0
graph_01,logistics_and_delivery_system,3,node_009,oracle_vs_rawcorr,core_oracle_estimated_weights,raw_correlation,match_acc,0.0,1.0,1,-1.0
graph_01,logistics_and_delivery_system,3,node_009,oracle_vs_rawcorr,core_oracle_estimated_weights,raw_correlation,gold_embedding_cosine,0.8615575316934683,0.925157668798012,1,-0.06360013710454371
graph_01,logistics_and_delivery_system,3,node_009,oracle_vs_rawcorr,core_oracle_estimated_weights,raw_correlation,mrr,0.09090909090909091,0.1111111111111111,1,-0.020202020202020193
graph_01,logistics_and_delivery_system,3,node_009,oracle_vs_rawcorr,core_oracle_estimated_weights,raw_correlation,recall_at_1,0.0,0.0,1,0.0
graph_01,logistics_and_delivery_system,3,node_009,oracle_vs_rawcorr,core_oracle_estimated_weights,raw_correlation,recall_at_5,0.0,0.0,1,0.0
graph_01,logistics_and_delivery_system,3,node_009,oracle_vs_rawcorr,core_oracle_estimated_weights,raw_correlation,exact_decode,0.0,0.0,1,0.0
graph_01,logistics_and_delivery_system,3,node_015,oracle_vs_shuffle,core_oracle_estimated_weights,core_shuffled_graph,match_acc,0.0,0.45,20,-0.45
graph_01,logistics_and_delivery_system,3,node_015,oracle_vs_shuffle,core_oracle_estimated_weights,core_shuffled_graph,gold_embedding_cosine,0.908377183573662,0.8028340856447891,20,0.10554309792887295
graph_01,logistics_and_delivery_system,3,node_015,oracle_vs_shuffle,core_oracle_estimated_weights,core_shuffled_graph,mrr,0.3333333333333333,0.19474081474081475,20,0.13859251859251856
graph_01,logistics_and_delivery_system,3,node_015,oracle_vs_shuffle,core_oracle_estimated_weights,core_shuffled_graph,recall_at_1,0.0,0.0,20,0.0
graph_01,logistics_and_delivery_system,3,node_015,oracle_vs_shuffle,core_oracle_estimated_weights,core_shuffled_graph,recall_at_5,1.0,0.6,20,0.4
graph_01,logistics_and_delivery_system,3,node_015,oracle_vs_shuffle,core_oracle_estimated_weights,core_shuffled_graph,exact_decode,0.0,0.0,20,0.0
graph_01,logistics_and_delivery_system,3,node_015,oracle_vs_reverse,core_oracle_estimated_weights,core_reversed_graph,match_acc,0.0,1.0,1,-1.0
graph_01,logistics_and_delivery_system,3,node_015,oracle_vs_reverse,core_oracle_estimated_weights,core_reversed_graph,gold_embedding_cosine,0.908377183573662,0.9125104786056603,1,-0.004133295031998219
graph_01,logistics_and_delivery_system,3,node_015,oracle_vs_reverse,core_oracle_estimated_weights,core_reversed_graph,mrr,0.3333333333333333,0.25,1,0.08333333333333331
graph_01,logistics_and_delivery_system,3,node_015,oracle_vs_reverse,core_oracle_estimated_weights,core_reversed_graph,recall_at_1,0.0,0.0,1,0.0
graph_01,logistics_and_delivery_system,3,node_015,oracle_vs_reverse,core_oracle_estimated_weights,core_reversed_graph,recall_at_5,1.0,1.0,1,0.0
graph_01,logistics_and_delivery_system,3,node_015,oracle_vs_reverse,core_oracle_estimated_weights,core_reversed_graph,exact_decode,0.0,0.0,1,0.0
graph_01,logistics_and_delivery_system,3,node_015,oracle_vs_no_graph,core_oracle_estimated_weights,uniform,match_acc,0.0,0.0,1,0.0
graph_01,logistics_and_delivery_system,3,node_015,oracle_vs_no_graph,core_oracle_estimated_weights,uniform,gold_embedding_cosine,0.908377183573662,0.9302746340626623,1,-0.02189745048900027
graph_01,logistics_and_delivery_system,3,node_015,oracle_vs_no_graph,core_oracle_estimated_weights,uniform,mrr,0.3333333333333333,0.14285714285714285,1,0.19047619047619047
graph_01,logistics_and_delivery_system,3,node_015,oracle_vs_no_graph,core_oracle_estimated_weights,uniform,recall_at_1,0.0,0.0,1,0.0
graph_01,logistics_and_delivery_system,3,node_015,oracle_vs_no_graph,core_oracle_estimated_weights,uniform,recall_at_5,1.0,0.0,1,1.0
graph_01,logistics_and_delivery_system,3,node_015,oracle_vs_no_graph,core_oracle_estimated_weights,uniform,exact_decode,0.0,0.0,1,0.0
graph_01,logistics_and_delivery_system,3,node_015,oracle_vs_rawcorr,core_oracle_estimated_weights,raw_correlation,match_acc,0.0,0.0,1,0.0
graph_01,logistics_and_delivery_system,3,node_015,oracle_vs_rawcorr,core_oracle_estimated_weights,raw_correlation,gold_embedding_cosine,0.908377183573662,0.9342125858376056,1,-0.02583540226394354
graph_01,logistics_and_delivery_system,3,node_015,oracle_vs_rawcorr,core_oracle_estimated_weights,raw_correlation,mrr,0.3333333333333333,0.3333333333333333,1,0.0
graph_01,logistics_and_delivery_system,3,node_015,oracle_vs_rawcorr,core_oracle_estimated_weights,raw_correlation,recall_at_1,0.0,0.0,1,0.0
graph_01,logistics_and_delivery_system,3,node_015,oracle_vs_rawcorr,core_oracle_estimated_weights,raw_correlation,recall_at_5,1.0,1.0,1,0.0
graph_01,logistics_and_delivery_system,3,node_015,oracle_vs_rawcorr,core_oracle_estimated_weights,raw_correlation,exact_decode,0.0,0.0,1,0.0
graph_01,logistics_and_delivery_system,3,node_016,oracle_vs_shuffle,core_oracle_estimated_weights,core_shuffled_graph,match_acc,0.0,0.35,20,-0.35
graph_01,logistics_and_delivery_system,3,node_016,oracle_vs_shuffle,core_oracle_estimated_weights,core_shuffled_graph,gold_embedding_cosine,0.8932935605255174,0.8523363811289458,20,0.04095717939657162
graph_01,logistics_and_delivery_system,3,node_016,oracle_vs_shuffle,core_oracle_estimated_weights,core_shuffled_graph,mrr,0.14285714285714285,0.1004623796825809,20,0.04239476317456195
graph_01,logistics_and_delivery_system,3,node_016,oracle_vs_shuffle,core_oracle_estimated_weights,core_shuffled_graph,recall_at_1,0.0,0.0,20,0.0
graph_01,logistics_and_delivery_system,3,node_016,oracle_vs_shuffle,core_oracle_estimated_weights,core_shuffled_graph,recall_at_5,0.0,0.1,20,-0.1
graph_01,logistics_and_delivery_system,3,node_016,oracle_vs_shuffle,core_oracle_estimated_weights,core_shuffled_graph,exact_decode,0.0,0.0,20,0.0
graph_01,logistics_and_delivery_system,3,node_016,oracle_vs_reverse,core_oracle_estimated_weights,core_reversed_graph,match_acc,0.0,0.0,1,0.0
graph_01,logistics_and_delivery_system,3,node_016,oracle_vs_reverse,core_oracle_estimated_weights,core_reversed_graph,gold_embedding_cosine,0.8932935605255174,0.8252956870691022,1,0.06799787345641528
graph_01,logistics_and_delivery_system,3,node_016,oracle_vs_reverse,core_oracle_estimated_weights,core_reversed_graph,mrr,0.14285714285714285,0.1111111111111111,1,0.031746031746031744
graph_01,logistics_and_delivery_system,3,node_016,oracle_vs_reverse,core_oracle_estimated_weights,core_reversed_graph,recall_at_1,0.0,0.0,1,0.0
graph_01,logistics_and_delivery_system,3,node_016,oracle_vs_reverse,core_oracle_estimated_weights,core_reversed_graph,recall_at_5,0.0,0.0,1,0.0
graph_01,logistics_and_delivery_system,3,node_016,oracle_vs_reverse,core_oracle_estimated_weights,core_reversed_graph,exact_decode,0.0,0.0,1,0.0
graph_01,logistics_and_delivery_system,3,node_016,oracle_vs_no_graph,core_oracle_estimated_weights,uniform,match_acc,0.0,1.0,1,-1.0
graph_01,logistics_and_delivery_system,3,node_016,oracle_vs_no_graph,core_oracle_estimated_weights,uniform,gold_embedding_cosine,0.8932935605255174,0.9099959802491102,1,-0.016702419723592765
graph_01,logistics_and_delivery_system,3,node_016,oracle_vs_no_graph,core_oracle_estimated_weights,uniform,mrr,0.14285714285714285,0.05263157894736842,1,0.09022556390977443
graph_01,logistics_and_delivery_system,3,node_016,oracle_vs_no_graph,core_oracle_estimated_weights,uniform,recall_at_1,0.0,0.0,1,0.0
graph_01,logistics_and_delivery_system,3,node_016,oracle_vs_no_graph,core_oracle_estimated_weights,uniform,recall_at_5,0.0,0.0,1,0.0
graph_01,logistics_and_delivery_system,3,node_016,oracle_vs_no_graph,core_oracle_estimated_weights,uniform,exact_decode,0.0,0.0,1,0.0
graph_01,logistics_and_delivery_system,3,node_016,oracle_vs_rawcorr,core_oracle_estimated_weights,raw_correlation,match_acc,0.0,1.0,1,-1.0
graph_01,logistics_and_delivery_system,3,node_016,oracle_vs_rawcorr,core_oracle_estimated_weights,raw_correlation,gold_embedding_cosine,0.8932935605255174,0.9118559314312421,1,-0.018562370905724657
graph_01,logistics_and_delivery_system,3,node_016,oracle_vs_rawcorr,core_oracle_estimated_weights,raw_correlation,mrr,0.14285714285714285,0.05555555555555555,1,0.0873015873015873
graph_01,logistics_and_delivery_system,3,node_016,oracle_vs_rawcorr,core_oracle_estimated_weights,raw_correlation,recall_at_1,0.0,0.0,1,0.0
graph_01,logistics_and_delivery_system,3,node_016,oracle_vs_rawcorr,core_oracle_estimated_weights,raw_correlation,recall_at_5,0.0,0.0,1,0.0
graph_01,logistics_and_delivery_system,3,node_016,oracle_vs_rawcorr,core_oracle_estimated_weights,raw_correlation,exact_decode,0.0,0.0,1,0.0
graph_01,logistics_and_delivery_system,4,node_004,oracle_vs_shuffle,core_oracle_estimated_weights,core_shuffled_graph,match_acc,1.0,0.4,20,0.6
graph_01,logistics_and_delivery_system,4,node_004,oracle_vs_shuffle,core_oracle_estimated_weights,core_shuffled_graph,gold_embedding_cosine,0.5763365962463112,0.6030132857169919,20,-0.026676689470680692
graph_01,logistics_and_delivery_system,4,node_004,oracle_vs_shuffle,core_oracle_estimated_weights,core_shuffled_graph,mrr,0.2,0.17078575728537032,20,0.02921424271462969
graph_01,logistics_and_delivery_system,4,node_004,oracle_vs_shuffle,core_oracle_estimated_weights,core_shuffled_graph,recall_at_1,0.0,0.0,20,0.0
graph_01,logistics_and_delivery_system,4,node_004,oracle_vs_shuffle,core_oracle_estimated_weights,core_shuffled_graph,recall_at_5,1.0,0.3,20,0.7
graph_01,logistics_and_delivery_system,4,node_004,oracle_vs_shuffle,core_oracle_estimated_weights,core_shuffled_graph,exact_decode,0.0,0.0,20,0.0
graph_01,logistics_and_delivery_system,4,node_004,oracle_vs_reverse,core_oracle_estimated_weights,core_reversed_graph,match_acc,1.0,1.0,1,0.0
graph_01,logistics_and_delivery_system,4,node_004,oracle_vs_reverse,core_oracle_estimated_weights,core_reversed_graph,gold_embedding_cosine,0.5763365962463112,0.8834656824811309,1,-0.3071290862348197
graph_01,logistics_and_delivery_system,4,node_004,oracle_vs_reverse,core_oracle_estimated_weights,core_reversed_graph,mrr,0.2,0.125,1,0.07500000000000001
graph_01,logistics_and_delivery_system,4,node_004,oracle_vs_reverse,core_oracle_estimated_weights,core_reversed_graph,recall_at_1,0.0,0.0,1,0.0
graph_01,logistics_and_delivery_system,4,node_004,oracle_vs_reverse,core_oracle_estimated_weights,core_reversed_graph,recall_at_5,1.0,0.0,1,1.0
graph_01,logistics_and_delivery_system,4,node_004,oracle_vs_reverse,core_oracle_estimated_weights,core_reversed_graph,exact_decode,0.0,0.0,1,0.0
graph_01,logistics_and_delivery_system,4,node_004,oracle_vs_no_graph,core_oracle_estimated_weights,uniform,match_acc,1.0,0.0,1,1.0
graph_01,logistics_and_delivery_system,4,node_004,oracle_vs_no_graph,core_oracle_estimated_weights,uniform,gold_embedding_cosine,0.5763365962463112,0.9083382433524543,1,-0.3320016471061431
graph_01,logistics_and_delivery_system,4,node_004,oracle_vs_no_graph,core_oracle_estimated_weights,uniform,mrr,0.2,0.05263157894736842,1,0.1473684210526316
graph_01,logistics_and_delivery_system,4,node_004,oracle_vs_no_graph,core_oracle_estimated_weights,uniform,recall_at_1,0.0,0.0,1,0.0
graph_01,logistics_and_delivery_system,4,node_004,oracle_vs_no_graph,core_oracle_estimated_weights,uniform,recall_at_5,1.0,0.0,1,1.0
graph_01,logistics_and_delivery_system,4,node_004,oracle_vs_no_graph,core_oracle_estimated_weights,uniform,exact_decode,0.0,0.0,1,0.0
graph_01,logistics_and_delivery_system,4,node_004,oracle_vs_rawcorr,core_oracle_estimated_weights,raw_correlation,match_acc,1.0,1.0,1,0.0
graph_01,logistics_and_delivery_system,4,node_004,oracle_vs_rawcorr,core_oracle_estimated_weights,raw_correlation,gold_embedding_cosine,0.5763365962463112,0.907360764745307,1,-0.33102416849899585
graph_01,logistics_and_delivery_system,4,node_004,oracle_vs_rawcorr,core_oracle_estimated_weights,raw_correlation,mrr,0.2,0.07142857142857142,1,0.1285714285714286
graph_01,logistics_and_delivery_system,4,node_004,oracle_vs_rawcorr,core_oracle_estimated_weights,raw_correlation,recall_at_1,0.0,0.0,1,0.0
graph_01,logistics_and_delivery_system,4,node_004,oracle_vs_rawcorr,core_oracle_estimated_weights,raw_correlation,recall_at_5,1.0,0.0,1,1.0
graph_01,logistics_and_delivery_system,4,node_004,oracle_vs_rawcorr,core_oracle_estimated_weights,raw_correlation,exact_decode,0.0,0.0,1,0.0
graph_01,logistics_and_delivery_system,4,node_005,oracle_vs_shuffle,core_oracle_estimated_weights,core_shuffled_graph,match_acc,1.0,0.4,20,0.6
graph_01,logistics_and_delivery_system,4,node_005,oracle_vs_shuffle,core_oracle_estimated_weights,core_shuffled_graph,gold_embedding_cosine,0.5336327120000188,0.6327746683112785,20,-0.09914195631125966
graph_01,logistics_and_delivery_system,4,node_005,oracle_vs_shuffle,core_oracle_estimated_weights,core_shuffled_graph,mrr,0.14285714285714285,0.08424489618568565,20,0.0586122466714572
graph_01,logistics_and_delivery_system,4,node_005,oracle_vs_shuffle,core_oracle_estimated_weights,core_shuffled_graph,recall_at_1,0.0,0.0,20,0.0
graph_01,logistics_and_delivery_system,4,node_005,oracle_vs_shuffle,core_oracle_estimated_weights,core_shuffled_graph,recall_at_5,0.0,0.0,20,0.0
graph_01,logistics_and_delivery_system,4,node_005,oracle_vs_shuffle,core_oracle_estimated_weights,core_shuffled_graph,exact_decode,0.0,0.0,20,0.0
graph_01,logistics_and_delivery_system,4,node_005,oracle_vs_reverse,core_oracle_estimated_weights,core_reversed_graph,match_acc,1.0,1.0,1,0.0
graph_01,logistics_and_delivery_system,4,node_005,oracle_vs_reverse,core_oracle_estimated_weights,core_reversed_graph,gold_embedding_cosine,0.5336327120000188,0.8380727042712874,1,-0.3044399922712686
graph_01,logistics_and_delivery_system,4,node_005,oracle_vs_reverse,core_oracle_estimated_weights,core_reversed_graph,mrr,0.14285714285714285,0.08333333333333333,1,0.05952380952380952
graph_01,logistics_and_delivery_system,4,node_005,oracle_vs_reverse,core_oracle_estimated_weights,core_reversed_graph,recall_at_1,0.0,0.0,1,0.0
graph_01,logistics_and_delivery_system,4,node_005,oracle_vs_reverse,core_oracle_estimated_weights,core_reversed_graph,recall_at_5,0.0,0.0,1,0.0
graph_01,logistics_and_delivery_system,4,node_005,oracle_vs_reverse,core_oracle_estimated_weights,core_reversed_graph,exact_decode,0.0,0.0,1,0.0
graph_01,logistics_and_delivery_system,4,node_005,oracle_vs_no_graph,core_oracle_estimated_weights,uniform,match_acc,1.0,0.0,1,1.0
graph_01,logistics_and_delivery_system,4,node_005,oracle_vs_no_graph,core_oracle_estimated_weights,uniform,gold_embedding_cosine,0.5336327120000188,0.8912032030930952,1,-0.35757049109307637
graph_01,logistics_and_delivery_system,4,node_005,oracle_vs_no_graph,core_oracle_estimated_weights,uniform,mrr,0.14285714285714285,0.05,1,0.09285714285714285
graph_01,logistics_and_delivery_system,4,node_005,oracle_vs_no_graph,core_oracle_estimated_weights,uniform,recall_at_1,0.0,0.0,1,0.0
graph_01,logistics_and_delivery_system,4,node_005,oracle_vs_no_graph,core_oracle_estimated_weights,uniform,recall_at_5,0.0,0.0,1,0.0
graph_01,logistics_and_delivery_system,4,node_005,oracle_vs_no_graph,core_oracle_estimated_weights,uniform,exact_decode,0.0,0.0,1,0.0
graph_01,logistics_and_delivery_system,4,node_005,oracle_vs_rawcorr,core_oracle_estimated_weights,raw_correlation,match_acc,1.0,1.0,1,0.0
graph_01,logistics_and_delivery_system,4,node_005,oracle_vs_rawcorr,core_oracle_estimated_weights,raw_correlation,gold_embedding_cosine,0.5336327120000188,0.8930977291972644,1,-0.35946501719724555
graph_01,logistics_and_delivery_system,4,node_005,oracle_vs_rawcorr,core_oracle_estimated_weights,raw_correlation,mrr,0.14285714285714285,0.05555555555555555,1,0.0873015873015873
graph_01,logistics_and_delivery_system,4,node_005,oracle_vs_rawcorr,core_oracle_estimated_weights,raw_correlation,recall_at_1,0.0,0.0,1,0.0
graph_01,logistics_and_delivery_system,4,node_005,oracle_vs_rawcorr,core_oracle_estimated_weights,raw_correlation,recall_at_5,0.0,0.0,1,0.0
graph_01,logistics_and_delivery_system,4,node_005,oracle_vs_rawcorr,core_oracle_estimated_weights,raw_correlation,exact_decode,0.0,0.0,1,0.0
graph_01,logistics_and_delivery_system,4,node_010,oracle_vs_shuffle,core_oracle_estimated_weights,core_shuffled_graph,match_acc,0.0,0.2,20,-0.2
graph_01,logistics_and_delivery_system,4,node_010,oracle_vs_shuffle,core_oracle_estimated_weights,core_shuffled_graph,gold_embedding_cosine,0.8868046189560996,0.8526762336620097,20,0.0341283852940899
graph_01,logistics_and_delivery_system,4,node_010,oracle_vs_shuffle,core_oracle_estimated_weights,core_shuffled_graph,mrr,0.125,0.15537448662448664,20,-0.030374486624486635
graph_01,logistics_and_delivery_system,4,node_010,oracle_vs_shuffle,core_oracle_estimated_weights,core_shuffled_graph,recall_at_1,0.0,0.0,20,0.0
graph_01,logistics_and_delivery_system,4,node_010,oracle_vs_shuffle,core_oracle_estimated_weights,core_shuffled_graph,recall_at_5,0.0,0.25,20,-0.25
graph_01,logistics_and_delivery_system,4,node_010,oracle_vs_shuffle,core_oracle_estimated_weights,core_shuffled_graph,exact_decode,0.0,0.0,20,0.0
graph_01,logistics_and_delivery_system,4,node_010,oracle_vs_reverse,core_oracle_estimated_weights,core_reversed_graph,match_acc,0.0,0.0,1,0.0
graph_01,logistics_and_delivery_system,4,node_010,oracle_vs_reverse,core_oracle_estimated_weights,core_reversed_graph,gold_embedding_cosine,0.8868046189560996,0.9161916564291115,1,-0.029387037473011857
graph_01,logistics_and_delivery_system,4,node_010,oracle_vs_reverse,core_oracle_estimated_weights,core_reversed_graph,mrr,0.125,0.125,1,0.0
graph_01,logistics_and_delivery_system,4,node_010,oracle_vs_reverse,core_oracle_estimated_weights,core_reversed_graph,recall_at_1,0.0,0.0,1,0.0
graph_01,logistics_and_delivery_system,4,node_010,oracle_vs_reverse,core_oracle_estimated_weights,core_reversed_graph,recall_at_5,0.0,0.0,1,0.0
graph_01,logistics_and_delivery_system,4,node_010,oracle_vs_reverse,core_oracle_estimated_weights,core_reversed_graph,exact_decode,0.0,0.0,1,0.0
graph_01,logistics_and_delivery_system,4,node_010,oracle_vs_no_graph,core_oracle_estimated_weights,uniform,match_acc,0.0,0.0,1,0.0
graph_01,logistics_and_delivery_system,4,node_010,oracle_vs_no_graph,core_oracle_estimated_weights,uniform,gold_embedding_cosine,0.8868046189560996,0.9268818791176748,1,-0.0400772601615752
graph_01,logistics_and_delivery_system,4,node_010,oracle_vs_no_graph,core_oracle_estimated_weights,uniform,mrr,0.125,0.1,1,0.024999999999999994
graph_01,logistics_and_delivery_system,4,node_010,oracle_vs_no_graph,core_oracle_estimated_weights,uniform,recall_at_1,0.0,0.0,1,0.0
graph_01,logistics_and_delivery_system,4,node_010,oracle_vs_no_graph,core_oracle_estimated_weights,uniform,recall_at_5,0.0,0.0,1,0.0
graph_01,logistics_and_delivery_system,4,node_010,oracle_vs_no_graph,core_oracle_estimated_weights,uniform,exact_decode,0.0,0.0,1,0.0
graph_01,logistics_and_delivery_system,4,node_010,oracle_vs_rawcorr,core_oracle_estimated_weights,raw_correlation,match_acc,0.0,0.0,1,0.0
graph_01,logistics_and_delivery_system,4,node_010,oracle_vs_rawcorr,core_oracle_estimated_weights,raw_correlation,gold_embedding_cosine,0.8868046189560996,0.9287596400603961,1,-0.0419550211042965
graph_01,logistics_and_delivery_system,4,node_010,oracle_vs_rawcorr,core_oracle_estimated_weights,raw_correlation,mrr,0.125,0.125,1,0.0
graph_01,logistics_and_delivery_system,4,node_010,oracle_vs_rawcorr,core_oracle_estimated_weights,raw_correlation,recall_at_1,0.0,0.0,1,0.0
graph_01,logistics_and_delivery_system,4,node_010,oracle_vs_rawcorr,core_oracle_estimated_weights,raw_correlation,recall_at_5,0.0,0.0,1,0.0
graph_01,logistics_and_delivery_system,4,node_010,oracle_vs_rawcorr,core_oracle_estimated_weights,raw_correlation,exact_decode,0.0,0.0,1,0.0
graph_01,logistics_and_delivery_system,4,node_011,oracle_vs_shuffle,core_oracle_estimated_weights,core_shuffled_graph,match_acc,0.0,0.45,20,-0.45
graph_01,logistics_and_delivery_system,4,node_011,oracle_vs_shuffle,core_oracle_estimated_weights,core_shuffled_graph,gold_embedding_cosine,0.9058140475489355,0.8669138044048168,20,0.03890024314411866
graph_01,logistics_and_delivery_system,4,node_011,oracle_vs_shuffle,core_oracle_estimated_weights,core_shuffled_graph,mrr,0.16666666666666666,0.24824404761904764,20,-0.08157738095238098
graph_01,logistics_and_delivery_system,4,node_011,oracle_vs_shuffle,core_oracle_estimated_weights,core_shuffled_graph,recall_at_1,0.0,0.0,20,0.0
graph_01,logistics_and_delivery_system,4,node_011,oracle_vs_shuffle,core_oracle_estimated_weights,core_shuffled_graph,recall_at_5,0.0,0.6,20,-0.6
graph_01,logistics_and_delivery_system,4,node_011,oracle_vs_shuffle,core_oracle_estimated_weights,core_shuffled_graph,exact_decode,0.0,0.0,20,0.0
graph_01,logistics_and_delivery_system,4,node_011,oracle_vs_reverse,core_oracle_estimated_weights,core_reversed_graph,match_acc,0.0,0.0,1,0.0
graph_01,logistics_and_delivery_system,4,node_011,oracle_vs_reverse,core_oracle_estimated_weights,core_reversed_graph,gold_embedding_cosine,0.9058140475489355,0.8813650621488442,1,0.024448985400091217
graph_01,logistics_and_delivery_system,4,node_011,oracle_vs_reverse,core_oracle_estimated_weights,core_reversed_graph,mrr,0.16666666666666666,0.14285714285714285,1,0.023809523809523808
graph_01,logistics_and_delivery_system,4,node_011,oracle_vs_reverse,core_oracle_estimated_weights,core_reversed_graph,recall_at_1,0.0,0.0,1,0.0
graph_01,logistics_and_delivery_system,4,node_011,oracle_vs_reverse,core_oracle_estimated_weights,core_reversed_graph,recall_at_5,0.0,0.0,1,0.0
graph_01,logistics_and_delivery_system,4,node_011,oracle_vs_reverse,core_oracle_estimated_weights,core_reversed_graph,exact_decode,0.0,0.0,1,0.0
graph_01,logistics_and_delivery_system,4,node_011,oracle_vs_no_graph,core_oracle_estimated_weights,uniform,match_acc,0.0,0.0,1,0.0
graph_01,logistics_and_delivery_system,4,node_011,oracle_vs_no_graph,core_oracle_estimated_weights,uniform,gold_embedding_cosine,0.9058140475489355,0.9343336659754069,1,-0.028519618426471438
graph_01,logistics_and_delivery_system,4,node_011,oracle_vs_no_graph,core_oracle_estimated_weights,uniform,mrr,0.16666666666666666,0.2,1,-0.033333333333333354
graph_01,logistics_and_delivery_system,4,node_011,oracle_vs_no_graph,core_oracle_estimated_weights,uniform,recall_at_1,0.0,0.0,1,0.0
graph_01,logistics_and_delivery_system,4,node_011,oracle_vs_no_graph,core_oracle_estimated_weights,uniform,recall_at_5,0.0,1.0,1,-1.0
graph_01,logistics_and_delivery_system,4,node_011,oracle_vs_no_graph,core_oracle_estimated_weights,uniform,exact_decode,0.0,0.0,1,0.0
graph_01,logistics_and_delivery_system,4,node_011,oracle_vs_rawcorr,core_oracle_estimated_weights,raw_correlation,match_acc,0.0,0.0,1,0.0
graph_01,logistics_and_delivery_system,4,node_011,oracle_vs_rawcorr,core_oracle_estimated_weights,raw_correlation,gold_embedding_cosine,0.9058140475489355,0.937767397819273,1,-0.03195335027033752
graph_01,logistics_and_delivery_system,4,node_011,oracle_vs_rawcorr,core_oracle_estimated_weights,raw_correlation,mrr,0.16666666666666666,0.16666666666666666,1,0.0
graph_01,logistics_and_delivery_system,4,node_011,oracle_vs_rawcorr,core_oracle_estimated_weights,raw_correlation,recall_at_1,0.0,0.0,1,0.0
graph_01,logistics_and_delivery_system,4,node_011,oracle_vs_rawcorr,core_oracle_estimated_weights,raw_correlation,recall_at_5,0.0,0.0,1,0.0
graph_01,logistics_and_delivery_system,4,node_011,oracle_vs_rawcorr,core_oracle_estimated_weights,raw_correlation,exact_decode,0.0,0.0,1,0.0
graph_02,water_treatment_system,0,node_000,oracle_vs_shuffle,core_oracle_estimated_weights,core_shuffled_graph,match_acc,0.0,0.3,20,-0.3
graph_02,water_treatment_system,0,node_000,oracle_vs_shuffle,core_oracle_estimated_weights,core_shuffled_graph,gold_embedding_cosine,0.6919995804449258,0.6877183244449748,20,0.004281255999950995
graph_02,water_treatment_system,0,node_000,oracle_vs_shuffle,core_oracle_estimated_weights,core_shuffled_graph,mrr,0.1111111111111111,0.1750831807081807,20,-0.06397206959706961
graph_02,water_treatment_system,0,node_000,oracle_vs_shuffle,core_oracle_estimated_weights,core_shuffled_graph,recall_at_1,0.0,0.0,20,0.0
graph_02,water_treatment_system,0,node_000,oracle_vs_shuffle,core_oracle_estimated_weights,core_shuffled_graph,recall_at_5,0.0,0.35,20,-0.35
graph_02,water_treatment_system,0,node_000,oracle_vs_shuffle,core_oracle_estimated_weights,core_shuffled_graph,exact_decode,0.0,0.0,20,0.0
graph_02,water_treatment_system,0,node_000,oracle_vs_reverse,core_oracle_estimated_weights,core_reversed_graph,match_acc,0.0,0.0,1,0.0
graph_02,water_treatment_system,0,node_000,oracle_vs_reverse,core_oracle_estimated_weights,core_reversed_graph,gold_embedding_cosine,0.6919995804449258,0.8926635848489508,1,-0.200664004404025
graph_02,water_treatment_system,0,node_000,oracle_vs_reverse,core_oracle_estimated_weights,core_reversed_graph,mrr,0.1111111111111111,0.1,1,0.0111111111111111
graph_02,water_treatment_system,0,node_000,oracle_vs_reverse,core_oracle_estimated_weights,core_reversed_graph,recall_at_1,0.0,0.0,1,0.0
graph_02,water_treatment_system,0,node_000,oracle_vs_reverse,core_oracle_estimated_weights,core_reversed_graph,recall_at_5,0.0,0.0,1,0.0
graph_02,water_treatment_system,0,node_000,oracle_vs_reverse,core_oracle_estimated_weights,core_reversed_graph,exact_decode,0.0,0.0,1,0.0
graph_02,water_treatment_system,0,node_000,oracle_vs_no_graph,core_oracle_estimated_weights,uniform,match_acc,0.0,0.0,1,0.0
graph_02,water_treatment_system,0,node_000,oracle_vs_no_graph,core_oracle_estimated_weights,uniform,gold_embedding_cosine,0.6919995804449258,0.9317468109888482,1,-0.23974723054392233
graph_02,water_treatment_system,0,node_000,oracle_vs_no_graph,core_oracle_estimated_weights,uniform,mrr,0.1111111111111111,0.25,1,-0.1388888888888889
graph_02,water_treatment_system,0,node_000,oracle_vs_no_graph,core_oracle_estimated_weights,uniform,recall_at_1,0.0,0.0,1,0.0
graph_02,water_treatment_system,0,node_000,oracle_vs_no_graph,core_oracle_estimated_weights,uniform,recall_at_5,0.0,1.0,1,-1.0
graph_02,water_treatment_system,0,node_000,oracle_vs_no_graph,core_oracle_estimated_weights,uniform,exact_decode,0.0,0.0,1,0.0
graph_02,water_treatment_system,0,node_000,oracle_vs_rawcorr,core_oracle_estimated_weights,raw_correlation,match_acc,0.0,0.0,1,0.0
graph_02,water_treatment_system,0,node_000,oracle_vs_rawcorr,core_oracle_estimated_weights,raw_correlation,gold_embedding_cosine,0.6919995804449258,0.9296103092914823,1,-0.23761072884655643
graph_02,water_treatment_system,0,node_000,oracle_vs_rawcorr,core_oracle_estimated_weights,raw_correlation,mrr,0.1111111111111111,0.14285714285714285,1,-0.031746031746031744
graph_02,water_treatment_system,0,node_000,oracle_vs_rawcorr,core_oracle_estimated_weights,raw_correlation,recall_at_1,0.0,0.0,1,0.0
graph_02,water_treatment_system,0,node_000,oracle_vs_rawcorr,core_oracle_estimated_weights,raw_correlation,recall_at_5,0.0,0.0,1,0.0
graph_02,water_treatment_system,0,node_000,oracle_vs_rawcorr,core_oracle_estimated_weights,raw_correlation,exact_decode,0.0,0.0,1,0.0
graph_02,water_treatment_system,0,node_008,oracle_vs_shuffle,core_oracle_estimated_weights,core_shuffled_graph,match_acc,0.0,0.25,20,-0.25
graph_02,water_treatment_system,0,node_008,oracle_vs_shuffle,core_oracle_estimated_weights,core_shuffled_graph,gold_embedding_cosine,0.8842663267182104,0.8223149653767653,20,0.06195136134144508
graph_02,water_treatment_system,0,node_008,oracle_vs_shuffle,core_oracle_estimated_weights,core_shuffled_graph,mrr,0.2,0.1751984126984127,20,0.024801587301587324
graph_02,water_treatment_system,0,node_008,oracle_vs_shuffle,core_oracle_estimated_weights,core_shuffled_graph,recall_at_1,0.0,0.0,20,0.0
graph_02,water_treatment_system,0,node_008,oracle_vs_shuffle,core_oracle_estimated_weights,core_shuffled_graph,recall_at_5,1.0,0.4,20,0.6
graph_02,water_treatment_system,0,node_008,oracle_vs_shuffle,core_oracle_estimated_weights,core_shuffled_graph,exact_decode,0.0,0.0,20,0.0
graph_02,water_treatment_system,0,node_008,oracle_vs_reverse,core_oracle_estimated_weights,core_reversed_graph,match_acc,0.0,0.0,1,0.0
graph_02,water_treatment_system,0,node_008,oracle_vs_reverse,core_oracle_estimated_weights,core_reversed_graph,gold_embedding_cosine,0.8842663267182104,0.8806604898710629,1,0.0036058368471474367
graph_02,water_treatment_system,0,node_008,oracle_vs_reverse,core_oracle_estimated_weights,core_reversed_graph,mrr,0.2,0.16666666666666666,1,0.033333333333333354
graph_02,water_treatment_system,0,node_008,oracle_vs_reverse,core_oracle_estimated_weights,core_reversed_graph,recall_at_1,0.0,0.0,1,0.0
graph_02,water_treatment_system,0,node_008,oracle_vs_reverse,core_oracle_estimated_weights,core_reversed_graph,recall_at_5,1.0,0.0,1,1.0
graph_02,water_treatment_system,0,node_008,oracle_vs_reverse,core_oracle_estimated_weights,core_reversed_graph,exact_decode,0.0,0.0,1,0.0
graph_02,water_treatment_system,0,node_008,oracle_vs_no_graph,core_oracle_estimated_weights,uniform,match_acc,0.0,0.0,1,0.0
graph_02,water_treatment_system,0,node_008,oracle_vs_no_graph,core_oracle_estimated_weights,uniform,gold_embedding_cosine,0.8842663267182104,0.9277850407031214,1,-0.04351871398491103
graph_02,water_treatment_system,0,node_008,oracle_vs_no_graph,core_oracle_estimated_weights,uniform,mrr,0.2,0.14285714285714285,1,0.05714285714285716
graph_02,water_treatment_system,0,node_008,oracle_vs_no_graph,core_oracle_estimated_weights,uniform,recall_at_1,0.0,0.0,1,0.0
graph_02,water_treatment_system,0,node_008,oracle_vs_no_graph,core_oracle_estimated_weights,uniform,recall_at_5,1.0,0.0,1,1.0
graph_02,water_treatment_system,0,node_008,oracle_vs_no_graph,core_oracle_estimated_weights,uniform,exact_decode,0.0,0.0,1,0.0
graph_02,water_treatment_system,0,node_008,oracle_vs_rawcorr,core_oracle_estimated_weights,raw_correlation,match_acc,0.0,1.0,1,-1.0
graph_02,water_treatment_system,0,node_008,oracle_vs_rawcorr,core_oracle_estimated_weights,raw_correlation,gold_embedding_cosine,0.8842663267182104,0.9258290046971713,1,-0.04156267797896096
graph_02,water_treatment_system,0,node_008,oracle_vs_rawcorr,core_oracle_estimated_weights,raw_correlation,mrr,0.2,0.1111111111111111,1,0.0888888888888889
graph_02,water_treatment_system,0,node_008,oracle_vs_rawcorr,core_oracle_estimated_weights,raw_correlation,recall_at_1,0.0,0.0,1,0.0
graph_02,water_treatment_system,0,node_008,oracle_vs_rawcorr,core_oracle_estimated_weights,raw_correlation,recall_at_5,1.0,0.0,1,1.0
graph_02,water_treatment_system,0,node_008,oracle_vs_rawcorr,core_oracle_estimated_weights,raw_correlation,exact_decode,0.0,0.0,1,0.0
graph_02,water_treatment_system,0,node_014,oracle_vs_shuffle,core_oracle_estimated_weights,core_shuffled_graph,match_acc,0.0,0.25,20,-0.25
graph_02,water_treatment_system,0,node_014,oracle_vs_shuffle,core_oracle_estimated_weights,core_shuffled_graph,gold_embedding_cosine,0.9019346347850709,0.8361151348506954,20,0.06581949993437541
graph_02,water_treatment_system,0,node_014,oracle_vs_shuffle,core_oracle_estimated_weights,core_shuffled_graph,mrr,0.2,0.18712217821737948,20,0.012877821782620535
graph_02,water_treatment_system,0,node_014,oracle_vs_shuffle,core_oracle_estimated_weights,core_shuffled_graph,recall_at_1,0.0,0.0,20,0.0
graph_02,water_treatment_system,0,node_014,oracle_vs_shuffle,core_oracle_estimated_weights,core_shuffled_graph,recall_at_5,1.0,0.3,20,0.7
graph_02,water_treatment_system,0,node_014,oracle_vs_shuffle,core_oracle_estimated_weights,core_shuffled_graph,exact_decode,0.0,0.0,20,0.0
graph_02,water_treatment_system,0,node_014,oracle_vs_reverse,core_oracle_estimated_weights,core_reversed_graph,match_acc,0.0,0.0,1,0.0
graph_02,water_treatment_system,0,node_014,oracle_vs_reverse,core_oracle_estimated_weights,core_reversed_graph,gold_embedding_cosine,0.9019346347850709,0.8783109571805192,1,0.02362367760455164
graph_02,water_treatment_system,0,node_014,oracle_vs_reverse,core_oracle_estimated_weights,core_reversed_graph,mrr,0.2,0.25,1,-0.04999999999999999
graph_02,water_treatment_system,0,node_014,oracle_vs_reverse,core_oracle_estimated_weights,core_reversed_graph,recall_at_1,0.0,0.0,1,0.0
graph_02,water_treatment_system,0,node_014,oracle_vs_reverse,core_oracle_estimated_weights,core_reversed_graph,recall_at_5,1.0,1.0,1,0.0
graph_02,water_treatment_system,0,node_014,oracle_vs_reverse,core_oracle_estimated_weights,core_reversed_graph,exact_decode,0.0,0.0,1,0.0
graph_02,water_treatment_system,0,node_014,oracle_vs_no_graph,core_oracle_estimated_weights,uniform,match_acc,0.0,0.0,1,0.0
graph_02,water_treatment_system,0,node_014,oracle_vs_no_graph,core_oracle_estimated_weights,uniform,gold_embedding_cosine,0.9019346347850709,0.9272210860714531,1,-0.025286451286382294
graph_02,water_treatment_system,0,node_014,oracle_vs_no_graph,core_oracle_estimated_weights,uniform,mrr,0.2,0.125,1,0.07500000000000001
graph_02,water_treatment_system,0,node_014,oracle_vs_no_graph,core_oracle_estimated_weights,uniform,recall_at_1,0.0,0.0,1,0.0
graph_02,water_treatment_system,0,node_014,oracle_vs_no_graph,core_oracle_estimated_weights,uniform,recall_at_5,1.0,0.0,1,1.0
graph_02,water_treatment_system,0,node_014,oracle_vs_no_graph,core_oracle_estimated_weights,uniform,exact_decode,0.0,0.0,1,0.0
graph_02,water_treatment_system,0,node_014,oracle_vs_rawcorr,core_oracle_estimated_weights,raw_correlation,match_acc,0.0,0.0,1,0.0
graph_02,water_treatment_system,0,node_014,oracle_vs_rawcorr,core_oracle_estimated_weights,raw_correlation,gold_embedding_cosine,0.9019346347850709,0.9260015024110495,1,-0.02406686762597865
graph_02,water_treatment_system,0,node_014,oracle_vs_rawcorr,core_oracle_estimated_weights,raw_correlation,mrr,0.2,0.1111111111111111,1,0.0888888888888889
graph_02,water_treatment_system,0,node_014,oracle_vs_rawcorr,core_oracle_estimated_weights,raw_correlation,recall_at_1,0.0,0.0,1,0.0
graph_02,water_treatment_system,0,node_014,oracle_vs_rawcorr,core_oracle_estimated_weights,raw_correlation,recall_at_5,1.0,0.0,1,1.0
graph_02,water_treatment_system,0,node_014,oracle_vs_rawcorr,core_oracle_estimated_weights,raw_correlation,exact_decode,0.0,0.0,1,0.0
graph_02,water_treatment_system,0,node_019,oracle_vs_shuffle,core_oracle_estimated_weights,core_shuffled_graph,match_acc,1.0,0.2,20,0.8
graph_02,water_treatment_system,0,node_019,oracle_vs_shuffle,core_oracle_estimated_weights,core_shuffled_graph,gold_embedding_cosine,0.860628174834846,0.800985377493876,20,0.05964279734097
graph_02,water_treatment_system,0,node_019,oracle_vs_shuffle,core_oracle_estimated_weights,core_shuffled_graph,mrr,0.05263157894736842,0.08532000958278048,20,-0.03268843063541206
graph_02,water_treatment_system,0,node_019,oracle_vs_shuffle,core_oracle_estimated_weights,core_shuffled_graph,recall_at_1,0.0,0.0,20,0.0
graph_02,water_treatment_system,0,node_019,oracle_vs_shuffle,core_oracle_estimated_weights,core_shuffled_graph,recall_at_5,0.0,0.1,20,-0.1
graph_02,water_treatment_system,0,node_019,oracle_vs_shuffle,core_oracle_estimated_weights,core_shuffled_graph,exact_decode,0.0,0.0,20,0.0
graph_02,water_treatment_system,0,node_019,oracle_vs_reverse,core_oracle_estimated_weights,core_reversed_graph,match_acc,1.0,0.0,1,1.0
graph_02,water_treatment_system,0,node_019,oracle_vs_reverse,core_oracle_estimated_weights,core_reversed_graph,gold_embedding_cosine,0.860628174834846,0.8257359493817487,1,0.034892225453097336
graph_02,water_treatment_system,0,node_019,oracle_vs_reverse,core_oracle_estimated_weights,core_reversed_graph,mrr,0.05263157894736842,0.06666666666666667,1,-0.014035087719298248
graph_02,water_treatment_system,0,node_019,oracle_vs_reverse,core_oracle_estimated_weights,core_reversed_graph,recall_at_1,0.0,0.0,1,0.0
graph_02,water_treatment_system,0,node_019,oracle_vs_reverse,core_oracle_estimated_weights,core_reversed_graph,recall_at_5,0.0,0.0,1,0.0
graph_02,water_treatment_system,0,node_019,oracle_vs_reverse,core_oracle_estimated_weights,core_reversed_graph,exact_decode,0.0,0.0,1,0.0
graph_02,water_treatment_system,0,node_019,oracle_vs_no_graph,core_oracle_estimated_weights,uniform,match_acc,1.0,0.0,1,1.0
graph_02,water_treatment_system,0,node_019,oracle_vs_no_graph,core_oracle_estimated_weights,uniform,gold_embedding_cosine,0.860628174834846,0.8879917167159691,1,-0.02736354188112311
graph_02,water_treatment_system,0,node_019,oracle_vs_no_graph,core_oracle_estimated_weights,uniform,mrr,0.05263157894736842,0.05,1,0.0026315789473684154
graph_02,water_treatment_system,0,node_019,oracle_vs_no_graph,core_oracle_estimated_weights,uniform,recall_at_1,0.0,0.0,1,0.0
graph_02,water_treatment_system,0,node_019,oracle_vs_no_graph,core_oracle_estimated_weights,uniform,recall_at_5,0.0,0.0,1,0.0
graph_02,water_treatment_system,0,node_019,oracle_vs_no_graph,core_oracle_estimated_weights,uniform,exact_decode,0.0,0.0,1,0.0
graph_02,water_treatment_system,0,node_019,oracle_vs_rawcorr,core_oracle_estimated_weights,raw_correlation,match_acc,1.0,1.0,1,0.0
graph_02,water_treatment_system,0,node_019,oracle_vs_rawcorr,core_oracle_estimated_weights,raw_correlation,gold_embedding_cosine,0.860628174834846,0.8896450769424569,1,-0.029016902107610876
graph_02,water_treatment_system,0,node_019,oracle_vs_rawcorr,core_oracle_estimated_weights,raw_correlation,mrr,0.05263157894736842,0.05,1,0.0026315789473684154
graph_02,water_treatment_system,0,node_019,oracle_vs_rawcorr,core_oracle_estimated_weights,raw_correlation,recall_at_1,0.0,0.0,1,0.0
graph_02,water_treatment_system,0,node_019,oracle_vs_rawcorr,core_oracle_estimated_weights,raw_correlation,recall_at_5,0.0,0.0,1,0.0
graph_02,water_treatment_system,0,node_019,oracle_vs_rawcorr,core_oracle_estimated_weights,raw_correlation,exact_decode,0.0,0.0,1,0.0
graph_02,water_treatment_system,1,node_001,oracle_vs_shuffle,core_oracle_estimated_weights,core_shuffled_graph,match_acc,1.0,0.3,20,0.7
graph_02,water_treatment_system,1,node_001,oracle_vs_shuffle,core_oracle_estimated_weights,core_shuffled_graph,gold_embedding_cosine,0.6164269256027907,0.7427448320124419,20,-0.12631790640965124
graph_02,water_treatment_system,1,node_001,oracle_vs_shuffle,core_oracle_estimated_weights,core_shuffled_graph,mrr,0.25,0.1392783605283605,20,0.11072163947163949
graph_02,water_treatment_system,1,node_001,oracle_vs_shuffle,core_oracle_estimated_weights,core_shuffled_graph,recall_at_1,0.0,0.0,20,0.0
graph_02,water_treatment_system,1,node_001,oracle_vs_shuffle,core_oracle_estimated_weights,core_shuffled_graph,recall_at_5,1.0,0.2,20,0.8
graph_02,water_treatment_system,1,node_001,oracle_vs_shuffle,core_oracle_estimated_weights,core_shuffled_graph,exact_decode,0.0,0.0,20,0.0
graph_02,water_treatment_system,1,node_001,oracle_vs_reverse,core_oracle_estimated_weights,core_reversed_graph,match_acc,1.0,1.0,1,0.0
graph_02,water_treatment_system,1,node_001,oracle_vs_reverse,core_oracle_estimated_weights,core_reversed_graph,gold_embedding_cosine,0.6164269256027907,0.9137253233979459,1,-0.2972983977951552
graph_02,water_treatment_system,1,node_001,oracle_vs_reverse,core_oracle_estimated_weights,core_reversed_graph,mrr,0.25,0.3333333333333333,1,-0.08333333333333331
graph_02,water_treatment_system,1,node_001,oracle_vs_reverse,core_oracle_estimated_weights,core_reversed_graph,recall_at_1,0.0,0.0,1,0.0
graph_02,water_treatment_system,1,node_001,oracle_vs_reverse,core_oracle_estimated_weights,core_reversed_graph,recall_at_5,1.0,1.0,1,0.0
graph_02,water_treatment_system,1,node_001,oracle_vs_reverse,core_oracle_estimated_weights,core_reversed_graph,exact_decode,0.0,0.0,1,0.0
graph_02,water_treatment_system,1,node_001,oracle_vs_no_graph,core_oracle_estimated_weights,uniform,match_acc,1.0,1.0,1,0.0
graph_02,water_treatment_system,1,node_001,oracle_vs_no_graph,core_oracle_estimated_weights,uniform,gold_embedding_cosine,0.6164269256027907,0.9197590242123395,1,-0.3033320986095488
graph_02,water_treatment_system,1,node_001,oracle_vs_no_graph,core_oracle_estimated_weights,uniform,mrr,0.25,0.09090909090909091,1,0.1590909090909091
graph_02,water_treatment_system,1,node_001,oracle_vs_no_graph,core_oracle_estimated_weights,uniform,recall_at_1,0.0,0.0,1,0.0
graph_02,water_treatment_system,1,node_001,oracle_vs_no_graph,core_oracle_estimated_weights,uniform,recall_at_5,1.0,0.0,1,1.0
graph_02,water_treatment_system,1,node_001,oracle_vs_no_graph,core_oracle_estimated_weights,uniform,exact_decode,0.0,0.0,1,0.0
graph_02,water_treatment_system,1,node_001,oracle_vs_rawcorr,core_oracle_estimated_weights,raw_correlation,match_acc,1.0,1.0,1,0.0
graph_02,water_treatment_system,1,node_001,oracle_vs_rawcorr,core_oracle_estimated_weights,raw_correlation,gold_embedding_cosine,0.6164269256027907,0.9265767453527318,1,-0.31014981974994116
graph_02,water_treatment_system,1,node_001,oracle_vs_rawcorr,core_oracle_estimated_weights,raw_correlation,mrr,0.25,0.16666666666666666,1,0.08333333333333334
graph_02,water_treatment_system,1,node_001,oracle_vs_rawcorr,core_oracle_estimated_weights,raw_correlation,recall_at_1,0.0,0.0,1,0.0
graph_02,water_treatment_system,1,node_001,oracle_vs_rawcorr,core_oracle_estimated_weights,raw_correlation,recall_at_5,1.0,0.0,1,1.0
graph_02,water_treatment_system,1,node_001,oracle_vs_rawcorr,core_oracle_estimated_weights,raw_correlation,exact_decode,0.0,0.0,1,0.0
graph_02,water_treatment_system,1,node_009,oracle_vs_shuffle,core_oracle_estimated_weights,core_shuffled_graph,match_acc,1.0,0.4,20,0.6
graph_02,water_treatment_system,1,node_009,oracle_vs_shuffle,core_oracle_estimated_weights,core_shuffled_graph,gold_embedding_cosine,0.8860638799819504,0.8042365615384524,20,0.081827318443498
graph_02,water_treatment_system,1,node_009,oracle_vs_shuffle,core_oracle_estimated_weights,core_shuffled_graph,mrr,0.08333333333333333,0.10857073482073483,20,-0.0252374014874015
graph_02,water_treatment_system,1,node_009,oracle_vs_shuffle,core_oracle_estimated_weights,core_shuffled_graph,recall_at_1,0.0,0.0,20,0.0
graph_02,water_treatment_system,1,node_009,oracle_vs_shuffle,core_oracle_estimated_weights,core_shuffled_graph,recall_at_5,0.0,0.05,20,-0.05
graph_02,water_treatment_system,1,node_009,oracle_vs_shuffle,core_oracle_estimated_weights,core_shuffled_graph,exact_decode,0.0,0.0,20,0.0
graph_02,water_treatment_system,1,node_009,oracle_vs_reverse,core_oracle_estimated_weights,core_reversed_graph,match_acc,1.0,1.0,1,0.0
graph_02,water_treatment_system,1,node_009,oracle_vs_reverse,core_oracle_estimated_weights,core_reversed_graph,gold_embedding_cosine,0.8860638799819504,0.8681579642256004,1,0.01790591575634992
graph_02,water_treatment_system,1,node_009,oracle_vs_reverse,core_oracle_estimated_weights,core_reversed_graph,mrr,0.08333333333333333,0.1,1,-0.016666666666666677
graph_02,water_treatment_system,1,node_009,oracle_vs_reverse,core_oracle_estimated_weights,core_reversed_graph,recall_at_1,0.0,0.0,1,0.0
graph_02,water_treatment_system,1,node_009,oracle_vs_reverse,core_oracle_estimated_weights,core_reversed_graph,recall_at_5,0.0,0.0,1,0.0
graph_02,water_treatment_system,1,node_009,oracle_vs_reverse,core_oracle_estimated_weights,core_reversed_graph,exact_decode,0.0,0.0,1,0.0
graph_02,water_treatment_system,1,node_009,oracle_vs_no_graph,core_oracle_estimated_weights,uniform,match_acc,1.0,0.0,1,1.0
graph_02,water_treatment_system,1,node_009,oracle_vs_no_graph,core_oracle_estimated_weights,uniform,gold_embedding_cosine,0.8860638799819504,0.9126944465391807,1,-0.026630566557230395
graph_02,water_treatment_system,1,node_009,oracle_vs_no_graph,core_oracle_estimated_weights,uniform,mrr,0.08333333333333333,0.0625,1,0.02083333333333333
graph_02,water_treatment_system,1,node_009,oracle_vs_no_graph,core_oracle_estimated_weights,uniform,recall_at_1,0.0,0.0,1,0.0
graph_02,water_treatment_system,1,node_009,oracle_vs_no_graph,core_oracle_estimated_weights,uniform,recall_at_5,0.0,0.0,1,0.0
graph_02,water_treatment_system,1,node_009,oracle_vs_no_graph,core_oracle_estimated_weights,uniform,exact_decode,0.0,0.0,1,0.0
graph_02,water_treatment_system,1,node_009,oracle_vs_rawcorr,core_oracle_estimated_weights,raw_correlation,match_acc,1.0,1.0,1,0.0
graph_02,water_treatment_system,1,node_009,oracle_vs_rawcorr,core_oracle_estimated_weights,raw_correlation,gold_embedding_cosine,0.8860638799819504,0.9132003196374621,1,-0.027136439655511713
graph_02,water_treatment_system,1,node_009,oracle_vs_rawcorr,core_oracle_estimated_weights,raw_correlation,mrr,0.08333333333333333,0.07692307692307693,1,0.006410256410256401
graph_02,water_treatment_system,1,node_009,oracle_vs_rawcorr,core_oracle_estimated_weights,raw_correlation,recall_at_1,0.0,0.0,1,0.0
graph_02,water_treatment_system,1,node_009,oracle_vs_rawcorr,core_oracle_estimated_weights,raw_correlation,recall_at_5,0.0,0.0,1,0.0
graph_02,water_treatment_system,1,node_009,oracle_vs_rawcorr,core_oracle_estimated_weights,raw_correlation,exact_decode,0.0,0.0,1,0.0
graph_02,water_treatment_system,1,node_015,oracle_vs_shuffle,core_oracle_estimated_weights,core_shuffled_graph,match_acc,1.0,0.35,20,0.65
graph_02,water_treatment_system,1,node_015,oracle_vs_shuffle,core_oracle_estimated_weights,core_shuffled_graph,gold_embedding_cosine,0.7466393904953663,0.8614529292945156,20,-0.11481353879914924
graph_02,water_treatment_system,1,node_015,oracle_vs_shuffle,core_oracle_estimated_weights,core_shuffled_graph,mrr,0.16666666666666666,0.15439826105267282,20,0.012268405613993838
graph_02,water_treatment_system,1,node_015,oracle_vs_shuffle,core_oracle_estimated_weights,core_shuffled_graph,recall_at_1,0.0,0.0,20,0.0
graph_02,water_treatment_system,1,node_015,oracle_vs_shuffle,core_oracle_estimated_weights,core_shuffled_graph,recall_at_5,0.0,0.3,20,-0.3
graph_02,water_treatment_system,1,node_015,oracle_vs_shuffle,core_oracle_estimated_weights,core_shuffled_graph,exact_decode,0.0,0.0,20,0.0
graph_02,water_treatment_system,1,node_015,oracle_vs_reverse,core_oracle_estimated_weights,core_reversed_graph,match_acc,1.0,1.0,1,0.0
graph_02,water_treatment_system,1,node_015,oracle_vs_reverse,core_oracle_estimated_weights,core_reversed_graph,gold_embedding_cosine,0.7466393904953663,0.9035781754832537,1,-0.15693878498788738
graph_02,water_treatment_system,1,node_015,oracle_vs_reverse,core_oracle_estimated_weights,core_reversed_graph,mrr,0.16666666666666666,0.25,1,-0.08333333333333334
graph_02,water_treatment_system,1,node_015,oracle_vs_reverse,core_oracle_estimated_weights,core_reversed_graph,recall_at_1,0.0,0.0,1,0.0
graph_02,water_treatment_system,1,node_015,oracle_vs_reverse,core_oracle_estimated_weights,core_reversed_graph,recall_at_5,0.0,1.0,1,-1.0
graph_02,water_treatment_system,1,node_015,oracle_vs_reverse,core_oracle_estimated_weights,core_reversed_graph,exact_decode,0.0,0.0,1,0.0
graph_02,water_treatment_system,1,node_015,oracle_vs_no_graph,core_oracle_estimated_weights,uniform,match_acc,1.0,0.0,1,1.0
graph_02,water_treatment_system,1,node_015,oracle_vs_no_graph,core_oracle_estimated_weights,uniform,gold_embedding_cosine,0.7466393904953663,0.9190903708509962,1,-0.1724509803556299
graph_02,water_treatment_system,1,node_015,oracle_vs_no_graph,core_oracle_estimated_weights,uniform,mrr,0.16666666666666666,0.08333333333333333,1,0.08333333333333333
graph_02,water_treatment_system,1,node_015,oracle_vs_no_graph,core_oracle_estimated_weights,uniform,recall_at_1,0.0,0.0,1,0.0
graph_02,water_treatment_system,1,node_015,oracle_vs_no_graph,core_oracle_estimated_weights,uniform,recall_at_5,0.0,0.0,1,0.0
graph_02,water_treatment_system,1,node_015,oracle_vs_no_graph,core_oracle_estimated_weights,uniform,exact_decode,0.0,0.0,1,0.0
graph_02,water_treatment_system,1,node_015,oracle_vs_rawcorr,core_oracle_estimated_weights,raw_correlation,match_acc,1.0,1.0,1,0.0
graph_02,water_treatment_system,1,node_015,oracle_vs_rawcorr,core_oracle_estimated_weights,raw_correlation,gold_embedding_cosine,0.7466393904953663,0.9221181422632511,1,-0.17547875176788474
graph_02,water_treatment_system,1,node_015,oracle_vs_rawcorr,core_oracle_estimated_weights,raw_correlation,mrr,0.16666666666666666,0.09090909090909091,1,0.07575757575757575
graph_02,water_treatment_system,1,node_015,oracle_vs_rawcorr,core_oracle_estimated_weights,raw_correlation,recall_at_1,0.0,0.0,1,0.0
graph_02,water_treatment_system,1,node_015,oracle_vs_rawcorr,core_oracle_estimated_weights,raw_correlation,recall_at_5,0.0,0.0,1,0.0
graph_02,water_treatment_system,1,node_015,oracle_vs_rawcorr,core_oracle_estimated_weights,raw_correlation,exact_decode,0.0,0.0,1,0.0
graph_02,water_treatment_system,1,node_017,oracle_vs_shuffle,core_oracle_estimated_weights,core_shuffled_graph,match_acc,1.0,0.45,20,0.55
graph_02,water_treatment_system,1,node_017,oracle_vs_shuffle,core_oracle_estimated_weights,core_shuffled_graph,gold_embedding_cosine,0.8285814612318682,0.8226243893401517,20,0.005957071891716459
graph_02,water_treatment_system,1,node_017,oracle_vs_shuffle,core_oracle_estimated_weights,core_shuffled_graph,mrr,0.14285714285714285,0.12687504961498772,20,0.015982093242155132
graph_02,water_treatment_system,1,node_017,oracle_vs_shuffle,core_oracle_estimated_weights,core_shuffled_graph,recall_at_1,0.0,0.0,20,0.0
graph_02,water_treatment_system,1,node_017,oracle_vs_shuffle,core_oracle_estimated_weights,core_shuffled_graph,recall_at_5,0.0,0.25,20,-0.25
graph_02,water_treatment_system,1,node_017,oracle_vs_shuffle,core_oracle_estimated_weights,core_shuffled_graph,exact_decode,0.0,0.0,20,0.0
graph_02,water_treatment_system,1,node_017,oracle_vs_reverse,core_oracle_estimated_weights,core_reversed_graph,match_acc,1.0,1.0,1,0.0
graph_02,water_treatment_system,1,node_017,oracle_vs_reverse,core_oracle_estimated_weights,core_reversed_graph,gold_embedding_cosine,0.8285814612318682,0.8728807646734147,1,-0.044299303441546534
graph_02,water_treatment_system,1,node_017,oracle_vs_reverse,core_oracle_estimated_weights,core_reversed_graph,mrr,0.14285714285714285,0.0625,1,0.08035714285714285
graph_02,water_treatment_system,1,node_017,oracle_vs_reverse,core_oracle_estimated_weights,core_reversed_graph,recall_at_1,0.0,0.0,1,0.0
graph_02,water_treatment_system,1,node_017,oracle_vs_reverse,core_oracle_estimated_weights,core_reversed_graph,recall_at_5,0.0,0.0,1,0.0
graph_02,water_treatment_system,1,node_017,oracle_vs_reverse,core_oracle_estimated_weights,core_reversed_graph,exact_decode,0.0,0.0,1,0.0
graph_02,water_treatment_system,1,node_017,oracle_vs_no_graph,core_oracle_estimated_weights,uniform,match_acc,1.0,1.0,1,0.0
graph_02,water_treatment_system,1,node_017,oracle_vs_no_graph,core_oracle_estimated_weights,uniform,gold_embedding_cosine,0.8285814612318682,0.8931548520784679,1,-0.06457339084659974
graph_02,water_treatment_system,1,node_017,oracle_vs_no_graph,core_oracle_estimated_weights,uniform,mrr,0.14285714285714285,0.05,1,0.09285714285714285
graph_02,water_treatment_system,1,node_017,oracle_vs_no_graph,core_oracle_estimated_weights,uniform,recall_at_1,0.0,0.0,1,0.0
graph_02,water_treatment_system,1,node_017,oracle_vs_no_graph,core_oracle_estimated_weights,uniform,recall_at_5,0.0,0.0,1,0.0
graph_02,water_treatment_system,1,node_017,oracle_vs_no_graph,core_oracle_estimated_weights,uniform,exact_decode,0.0,0.0,1,0.0
graph_02,water_treatment_system,1,node_017,oracle_vs_rawcorr,core_oracle_estimated_weights,raw_correlation,match_acc,1.0,1.0,1,0.0
graph_02,water_treatment_system,1,node_017,oracle_vs_rawcorr,core_oracle_estimated_weights,raw_correlation,gold_embedding_cosine,0.8285814612318682,0.9003808457440504,1,-0.07179938451218226
graph_02,water_treatment_system,1,node_017,oracle_vs_rawcorr,core_oracle_estimated_weights,raw_correlation,mrr,0.14285714285714285,0.05,1,0.09285714285714285
graph_02,water_treatment_system,1,node_017,oracle_vs_rawcorr,core_oracle_estimated_weights,raw_correlation,recall_at_1,0.0,0.0,1,0.0
graph_02,water_treatment_system,1,node_017,oracle_vs_rawcorr,core_oracle_estimated_weights,raw_correlation,recall_at_5,0.0,0.0,1,0.0
graph_02,water_treatment_system,1,node_017,oracle_vs_rawcorr,core_oracle_estimated_weights,raw_correlation,exact_decode,0.0,0.0,1,0.0
graph_02,water_treatment_system,2,node_002,oracle_vs_shuffle,core_oracle_estimated_weights,core_shuffled_graph,match_acc,0.0,0.3,20,-0.3
graph_02,water_treatment_system,2,node_002,oracle_vs_shuffle,core_oracle_estimated_weights,core_shuffled_graph,gold_embedding_cosine,0.5375053569278909,0.735020345012648,20,-0.1975149880847571
graph_02,water_treatment_system,2,node_002,oracle_vs_shuffle,core_oracle_estimated_weights,core_shuffled_graph,mrr,0.1111111111111111,0.1352202372790608,20,-0.02410912616794969
graph_02,water_treatment_system,2,node_002,oracle_vs_shuffle,core_oracle_estimated_weights,core_shuffled_graph,recall_at_1,0.0,0.0,20,0.0
graph_02,water_treatment_system,2,node_002,oracle_vs_shuffle,core_oracle_estimated_weights,core_shuffled_graph,recall_at_5,0.0,0.25,20,-0.25
graph_02,water_treatment_system,2,node_002,oracle_vs_shuffle,core_oracle_estimated_weights,core_shuffled_graph,exact_decode,0.0,0.0,20,0.0
graph_02,water_treatment_system,2,node_002,oracle_vs_reverse,core_oracle_estimated_weights,core_reversed_graph,match_acc,0.0,0.0,1,0.0
graph_02,water_treatment_system,2,node_002,oracle_vs_reverse,core_oracle_estimated_weights,core_reversed_graph,gold_embedding_cosine,0.5375053569278909,0.877312424386556,1,-0.33980706745866507
graph_02,water_treatment_system,2,node_002,oracle_vs_reverse,core_oracle_estimated_weights,core_reversed_graph,mrr,0.1111111111111111,0.125,1,-0.013888888888888895
graph_02,water_treatment_system,2,node_002,oracle_vs_reverse,core_oracle_estimated_weights,core_reversed_graph,recall_at_1,0.0,0.0,1,0.0
graph_02,water_treatment_system,2,node_002,oracle_vs_reverse,core_oracle_estimated_weights,core_reversed_graph,recall_at_5,0.0,0.0,1,0.0
graph_02,water_treatment_system,2,node_002,oracle_vs_reverse,core_oracle_estimated_weights,core_reversed_graph,exact_decode,0.0,0.0,1,0.0
graph_02,water_treatment_system,2,node_002,oracle_vs_no_graph,core_oracle_estimated_weights,uniform,match_acc,0.0,0.0,1,0.0
graph_02,water_treatment_system,2,node_002,oracle_vs_no_graph,core_oracle_estimated_weights,uniform,gold_embedding_cosine,0.5375053569278909,0.9044200136298175,1,-0.3669146567019266
graph_02,water_treatment_system,2,node_002,oracle_vs_no_graph,core_oracle_estimated_weights,uniform,mrr,0.1111111111111111,0.058823529411764705,1,0.0522875816993464
graph_02,water_treatment_system,2,node_002,oracle_vs_no_graph,core_oracle_estimated_weights,uniform,recall_at_1,0.0,0.0,1,0.0
graph_02,water_treatment_system,2,node_002,oracle_vs_no_graph,core_oracle_estimated_weights,uniform,recall_at_5,0.0,0.0,1,0.0
graph_02,water_treatment_system,2,node_002,oracle_vs_no_graph,core_oracle_estimated_weights,uniform,exact_decode,0.0,0.0,1,0.0
graph_02,water_treatment_system,2,node_002,oracle_vs_rawcorr,core_oracle_estimated_weights,raw_correlation,match_acc,0.0,1.0,1,-1.0
graph_02,water_treatment_system,2,node_002,oracle_vs_rawcorr,core_oracle_estimated_weights,raw_correlation,gold_embedding_cosine,0.5375053569278909,0.9096159943016904,1,-0.37211063737379946
graph_02,water_treatment_system,2,node_002,oracle_vs_rawcorr,core_oracle_estimated_weights,raw_correlation,mrr,0.1111111111111111,0.08333333333333333,1,0.027777777777777776
graph_02,water_treatment_system,2,node_002,oracle_vs_rawcorr,core_oracle_estimated_weights,raw_correlation,recall_at_1,0.0,0.0,1,0.0
graph_02,water_treatment_system,2,node_002,oracle_vs_rawcorr,core_oracle_estimated_weights,raw_correlation,recall_at_5,0.0,0.0,1,0.0
graph_02,water_treatment_system,2,node_002,oracle_vs_rawcorr,core_oracle_estimated_weights,raw_correlation,exact_decode,0.0,0.0,1,0.0
graph_02,water_treatment_system,2,node_010,oracle_vs_shuffle,core_oracle_estimated_weights,core_shuffled_graph,match_acc,0.0,0.55,20,-0.55
graph_02,water_treatment_system,2,node_010,oracle_vs_shuffle,core_oracle_estimated_weights,core_shuffled_graph,gold_embedding_cosine,0.8295697359273021,0.8590982353863502,20,-0.02952849945904812
graph_02,water_treatment_system,2,node_010,oracle_vs_shuffle,core_oracle_estimated_weights,core_shuffled_graph,mrr,0.125,0.16591630591630593,20,-0.040916305916305934
graph_02,water_treatment_system,2,node_010,oracle_vs_shuffle,core_oracle_estimated_weights,core_shuffled_graph,recall_at_1,0.0,0.0,20,0.0
graph_02,water_treatment_system,2,node_010,oracle_vs_shuffle,core_oracle_estimated_weights,core_shuffled_graph,recall_at_5,0.0,0.3,20,-0.3
graph_02,water_treatment_system,2,node_010,oracle_vs_shuffle,core_oracle_estimated_weights,core_shuffled_graph,exact_decode,0.0,0.0,20,0.0
graph_02,water_treatment_system,2,node_010,oracle_vs_reverse,core_oracle_estimated_weights,core_reversed_graph,match_acc,0.0,1.0,1,-1.0
graph_02,water_treatment_system,2,node_010,oracle_vs_reverse,core_oracle_estimated_weights,core_reversed_graph,gold_embedding_cosine,0.8295697359273021,0.9273768325877634,1,-0.09780709666046128
graph_02,water_treatment_system,2,node_010,oracle_vs_reverse,core_oracle_estimated_weights,core_reversed_graph,mrr,0.125,0.25,1,-0.125
graph_02,water_treatment_system,2,node_010,oracle_vs_reverse,core_oracle_estimated_weights,core_reversed_graph,recall_at_1,0.0,0.0,1,0.0
graph_02,water_treatment_system,2,node_010,oracle_vs_reverse,core_oracle_estimated_weights,core_reversed_graph,recall_at_5,0.0,1.0,1,-1.0
graph_02,water_treatment_system,2,node_010,oracle_vs_reverse,core_oracle_estimated_weights,core_reversed_graph,exact_decode,0.0,0.0,1,0.0
graph_02,water_treatment_system,2,node_010,oracle_vs_no_graph,core_oracle_estimated_weights,uniform,match_acc,0.0,0.0,1,0.0
graph_02,water_treatment_system,2,node_010,oracle_vs_no_graph,core_oracle_estimated_weights,uniform,gold_embedding_cosine,0.8295697359273021,0.9318120997019941,1,-0.10224236377469198
graph_02,water_treatment_system,2,node_010,oracle_vs_no_graph,core_oracle_estimated_weights,uniform,mrr,0.125,0.16666666666666666,1,-0.04166666666666666
graph_02,water_treatment_system,2,node_010,oracle_vs_no_graph,core_oracle_estimated_weights,uniform,recall_at_1,0.0,0.0,1,0.0
graph_02,water_treatment_system,2,node_010,oracle_vs_no_graph,core_oracle_estimated_weights,uniform,recall_at_5,0.0,0.0,1,0.0
graph_02,water_treatment_system,2,node_010,oracle_vs_no_graph,core_oracle_estimated_weights,uniform,exact_decode,0.0,0.0,1,0.0
graph_02,water_treatment_system,2,node_010,oracle_vs_rawcorr,core_oracle_estimated_weights,raw_correlation,match_acc,0.0,1.0,1,-1.0
graph_02,water_treatment_system,2,node_010,oracle_vs_rawcorr,core_oracle_estimated_weights,raw_correlation,gold_embedding_cosine,0.8295697359273021,0.9306846907851243,1,-0.10111495485782218
graph_02,water_treatment_system,2,node_010,oracle_vs_rawcorr,core_oracle_estimated_weights,raw_correlation,mrr,0.125,0.14285714285714285,1,-0.01785714285714285
graph_02,water_treatment_system,2,node_010,oracle_vs_rawcorr,core_oracle_estimated_weights,raw_correlation,recall_at_1,0.0,0.0,1,0.0
graph_02,water_treatment_system,2,node_010,oracle_vs_rawcorr,core_oracle_estimated_weights,raw_correlation,recall_at_5,0.0,0.0,1,0.0
graph_02,water_treatment_system,2,node_010,oracle_vs_rawcorr,core_oracle_estimated_weights,raw_correlation,exact_decode,0.0,0.0,1,0.0
graph_02,water_treatment_system,2,node_013,oracle_vs_shuffle,core_oracle_estimated_weights,core_shuffled_graph,match_acc,0.0,0.25,20,-0.25
graph_02,water_treatment_system,2,node_013,oracle_vs_shuffle,core_oracle_estimated_weights,core_shuffled_graph,gold_embedding_cosine,0.8346219397839051,0.6999629297042966,20,0.13465901007960845
graph_02,water_treatment_system,2,node_013,oracle_vs_shuffle,core_oracle_estimated_weights,core_shuffled_graph,mrr,0.0625,0.08554354851374975,20,-0.023043548513749748
graph_02,water_treatment_system,2,node_013,oracle_vs_shuffle,core_oracle_estimated_weights,core_shuffled_graph,recall_at_1,0.0,0.0,20,0.0
graph_02,water_treatment_system,2,node_013,oracle_vs_shuffle,core_oracle_estimated_weights,core_shuffled_graph,recall_at_5,0.0,0.0,20,0.0
graph_02,water_treatment_system,2,node_013,oracle_vs_shuffle,core_oracle_estimated_weights,core_shuffled_graph,exact_decode,0.0,0.0,20,0.0
graph_02,water_treatment_system,2,node_013,oracle_vs_reverse,core_oracle_estimated_weights,core_reversed_graph,match_acc,0.0,1.0,1,-1.0
graph_02,water_treatment_system,2,node_013,oracle_vs_reverse,core_oracle_estimated_weights,core_reversed_graph,gold_embedding_cosine,0.8346219397839051,0.8824918405381225,1,-0.047869900754217376
graph_02,water_treatment_system,2,node_013,oracle_vs_reverse,core_oracle_estimated_weights,core_reversed_graph,mrr,0.0625,0.06666666666666667,1,-0.004166666666666666
graph_02,water_treatment_system,2,node_013,oracle_vs_reverse,core_oracle_estimated_weights,core_reversed_graph,recall_at_1,0.0,0.0,1,0.0
graph_02,water_treatment_system,2,node_013,oracle_vs_reverse,core_oracle_estimated_weights,core_reversed_graph,recall_at_5,0.0,0.0,1,0.0
graph_02,water_treatment_system,2,node_013,oracle_vs_reverse,core_oracle_estimated_weights,core_reversed_graph,exact_decode,0.0,0.0,1,0.0
graph_02,water_treatment_system,2,node_013,oracle_vs_no_graph,core_oracle_estimated_weights,uniform,match_acc,0.0,0.0,1,0.0
graph_02,water_treatment_system,2,node_013,oracle_vs_no_graph,core_oracle_estimated_weights,uniform,gold_embedding_cosine,0.8346219397839051,0.9161769592044299,1,-0.08155501942052479
graph_02,water_treatment_system,2,node_013,oracle_vs_no_graph,core_oracle_estimated_weights,uniform,mrr,0.0625,0.07692307692307693,1,-0.014423076923076927
graph_02,water_treatment_system,2,node_013,oracle_vs_no_graph,core_oracle_estimated_weights,uniform,recall_at_1,0.0,0.0,1,0.0
graph_02,water_treatment_system,2,node_013,oracle_vs_no_graph,core_oracle_estimated_weights,uniform,recall_at_5,0.0,0.0,1,0.0
graph_02,water_treatment_system,2,node_013,oracle_vs_no_graph,core_oracle_estimated_weights,uniform,exact_decode,0.0,0.0,1,0.0
graph_02,water_treatment_system,2,node_013,oracle_vs_rawcorr,core_oracle_estimated_weights,raw_correlation,match_acc,0.0,1.0,1,-1.0
graph_02,water_treatment_system,2,node_013,oracle_vs_rawcorr,core_oracle_estimated_weights,raw_correlation,gold_embedding_cosine,0.8346219397839051,0.9119789196947617,1,-0.07735697991085666
graph_02,water_treatment_system,2,node_013,oracle_vs_rawcorr,core_oracle_estimated_weights,raw_correlation,mrr,0.0625,0.07142857142857142,1,-0.008928571428571425
graph_02,water_treatment_system,2,node_013,oracle_vs_rawcorr,core_oracle_estimated_weights,raw_correlation,recall_at_1,0.0,0.0,1,0.0
graph_02,water_treatment_system,2,node_013,oracle_vs_rawcorr,core_oracle_estimated_weights,raw_correlation,recall_at_5,0.0,0.0,1,0.0
graph_02,water_treatment_system,2,node_013,oracle_vs_rawcorr,core_oracle_estimated_weights,raw_correlation,exact_decode,0.0,0.0,1,0.0
graph_02,water_treatment_system,2,node_018,oracle_vs_shuffle,core_oracle_estimated_weights,core_shuffled_graph,match_acc,0.0,0.25,20,-0.25
graph_02,water_treatment_system,2,node_018,oracle_vs_shuffle,core_oracle_estimated_weights,core_shuffled_graph,gold_embedding_cosine,0.8693666255358181,0.8305474811192225,20,0.03881914441659562
graph_02,water_treatment_system,2,node_018,oracle_vs_shuffle,core_oracle_estimated_weights,core_shuffled_graph,mrr,0.07142857142857142,0.08653160865622166,20,-0.015103037227650232
graph_02,water_treatment_system,2,node_018,oracle_vs_shuffle,core_oracle_estimated_weights,core_shuffled_graph,recall_at_1,0.0,0.0,20,0.0
graph_02,water_treatment_system,2,node_018,oracle_vs_shuffle,core_oracle_estimated_weights,core_shuffled_graph,recall_at_5,0.0,0.1,20,-0.1
graph_02,water_treatment_system,2,node_018,oracle_vs_shuffle,core_oracle_estimated_weights,core_shuffled_graph,exact_decode,0.0,0.0,20,0.0
graph_02,water_treatment_system,2,node_018,oracle_vs_reverse,core_oracle_estimated_weights,core_reversed_graph,match_acc,0.0,0.0,1,0.0
graph_02,water_treatment_system,2,node_018,oracle_vs_reverse,core_oracle_estimated_weights,core_reversed_graph,gold_embedding_cosine,0.8693666255358181,0.8637691167818025,1,0.0055975087540156565
graph_02,water_treatment_system,2,node_018,oracle_vs_reverse,core_oracle_estimated_weights,core_reversed_graph,mrr,0.07142857142857142,0.0625,1,0.008928571428571425
graph_02,water_treatment_system,2,node_018,oracle_vs_reverse,core_oracle_estimated_weights,core_reversed_graph,recall_at_1,0.0,0.0,1,0.0
graph_02,water_treatment_system,2,node_018,oracle_vs_reverse,core_oracle_estimated_weights,core_reversed_graph,recall_at_5,0.0,0.0,1,0.0
graph_02,water_treatment_system,2,node_018,oracle_vs_reverse,core_oracle_estimated_weights,core_reversed_graph,exact_decode,0.0,0.0,1,0.0
graph_02,water_treatment_system,2,node_018,oracle_vs_no_graph,core_oracle_estimated_weights,uniform,match_acc,0.0,0.0,1,0.0
graph_02,water_treatment_system,2,node_018,oracle_vs_no_graph,core_oracle_estimated_weights,uniform,gold_embedding_cosine,0.8693666255358181,0.8994468534223738,1,-0.030080227886555733
graph_02,water_treatment_system,2,node_018,oracle_vs_no_graph,core_oracle_estimated_weights,uniform,mrr,0.07142857142857142,0.05263157894736842,1,0.018796992481203006
graph_02,water_treatment_system,2,node_018,oracle_vs_no_graph,core_oracle_estimated_weights,uniform,recall_at_1,0.0,0.0,1,0.0
graph_02,water_treatment_system,2,node_018,oracle_vs_no_graph,core_oracle_estimated_weights,uniform,recall_at_5,0.0,0.0,1,0.0
graph_02,water_treatment_system,2,node_018,oracle_vs_no_graph,core_oracle_estimated_weights,uniform,exact_decode,0.0,0.0,1,0.0
graph_02,water_treatment_system,2,node_018,oracle_vs_rawcorr,core_oracle_estimated_weights,raw_correlation,match_acc,0.0,1.0,1,-1.0
graph_02,water_treatment_system,2,node_018,oracle_vs_rawcorr,core_oracle_estimated_weights,raw_correlation,gold_embedding_cosine,0.8693666255358181,0.8987361815390167,1,-0.02936955600319857
graph_02,water_treatment_system,2,node_018,oracle_vs_rawcorr,core_oracle_estimated_weights,raw_correlation,mrr,0.07142857142857142,0.05,1,0.021428571428571422
graph_02,water_treatment_system,2,node_018,oracle_vs_rawcorr,core_oracle_estimated_weights,raw_correlation,recall_at_1,0.0,0.0,1,0.0
graph_02,water_treatment_system,2,node_018,oracle_vs_rawcorr,core_oracle_estimated_weights,raw_correlation,recall_at_5,0.0,0.0,1,0.0
graph_02,water_treatment_system,2,node_018,oracle_vs_rawcorr,core_oracle_estimated_weights,raw_correlation,exact_decode,0.0,0.0,1,0.0
graph_02,water_treatment_system,3,node_003,oracle_vs_shuffle,core_oracle_estimated_weights,core_shuffled_graph,match_acc,1.0,0.3,20,0.7
graph_02,water_treatment_system,3,node_003,oracle_vs_shuffle,core_oracle_estimated_weights,core_shuffled_graph,gold_embedding_cosine,0.5227541031218155,0.6476940971156621,20,-0.12493999399384659
graph_02,water_treatment_system,3,node_003,oracle_vs_shuffle,core_oracle_estimated_weights,core_shuffled_graph,mrr,0.5,0.22424077964519137,20,0.2757592203548086
graph_02,water_treatment_system,3,node_003,oracle_vs_shuffle,core_oracle_estimated_weights,core_shuffled_graph,recall_at_1,0.0,0.0,20,0.0
graph_02,water_treatment_system,3,node_003,oracle_vs_shuffle,core_oracle_estimated_weights,core_shuffled_graph,recall_at_5,1.0,0.5,20,0.5
graph_02,water_treatment_system,3,node_003,oracle_vs_shuffle,core_oracle_estimated_weights,core_shuffled_graph,exact_decode,0.0,0.0,20,0.0
graph_02,water_treatment_system,3,node_003,oracle_vs_reverse,core_oracle_estimated_weights,core_reversed_graph,match_acc,1.0,1.0,1,0.0
graph_02,water_treatment_system,3,node_003,oracle_vs_reverse,core_oracle_estimated_weights,core_reversed_graph,gold_embedding_cosine,0.5227541031218155,0.9319940266661119,1,-0.4092399235442964
graph_02,water_treatment_system,3,node_003,oracle_vs_reverse,core_oracle_estimated_weights,core_reversed_graph,mrr,0.5,0.3333333333333333,1,0.16666666666666669
graph_02,water_treatment_system,3,node_003,oracle_vs_reverse,core_oracle_estimated_weights,core_reversed_graph,recall_at_1,0.0,0.0,1,0.0
graph_02,water_treatment_system,3,node_003,oracle_vs_reverse,core_oracle_estimated_weights,core_reversed_graph,recall_at_5,1.0,1.0,1,0.0
graph_02,water_treatment_system,3,node_003,oracle_vs_reverse,core_oracle_estimated_weights,core_reversed_graph,exact_decode,0.0,0.0,1,0.0
graph_02,water_treatment_system,3,node_003,oracle_vs_no_graph,core_oracle_estimated_weights,uniform,match_acc,1.0,1.0,1,0.0
graph_02,water_treatment_system,3,node_003,oracle_vs_no_graph,core_oracle_estimated_weights,uniform,gold_embedding_cosine,0.5227541031218155,0.9367724239957744,1,-0.41401832087395896
graph_02,water_treatment_system,3,node_003,oracle_vs_no_graph,core_oracle_estimated_weights,uniform,mrr,0.5,0.3333333333333333,1,0.16666666666666669
graph_02,water_treatment_system,3,node_003,oracle_vs_no_graph,core_oracle_estimated_weights,uniform,recall_at_1,0.0,0.0,1,0.0
graph_02,water_treatment_system,3,node_003,oracle_vs_no_graph,core_oracle_estimated_weights,uniform,recall_at_5,1.0,1.0,1,0.0
graph_02,water_treatment_system,3,node_003,oracle_vs_no_graph,core_oracle_estimated_weights,uniform,exact_decode,0.0,0.0,1,0.0
graph_02,water_treatment_system,3,node_003,oracle_vs_rawcorr,core_oracle_estimated_weights,raw_correlation,match_acc,1.0,1.0,1,0.0
graph_02,water_treatment_system,3,node_003,oracle_vs_rawcorr,core_oracle_estimated_weights,raw_correlation,gold_embedding_cosine,0.5227541031218155,0.9384346990935745,1,-0.415680595971759
graph_02,water_treatment_system,3,node_003,oracle_vs_rawcorr,core_oracle_estimated_weights,raw_correlation,mrr,0.5,0.3333333333333333,1,0.16666666666666669
graph_02,water_treatment_system,3,node_003,oracle_vs_rawcorr,core_oracle_estimated_weights,raw_correlation,recall_at_1,0.0,0.0,1,0.0
graph_02,water_treatment_system,3,node_003,oracle_vs_rawcorr,core_oracle_estimated_weights,raw_correlation,recall_at_5,1.0,1.0,1,0.0
graph_02,water_treatment_system,3,node_003,oracle_vs_rawcorr,core_oracle_estimated_weights,raw_correlation,exact_decode,0.0,0.0,1,0.0
graph_02,water_treatment_system,3,node_006,oracle_vs_shuffle,core_oracle_estimated_weights,core_shuffled_graph,match_acc,1.0,0.6,20,0.4
graph_02,water_treatment_system,3,node_006,oracle_vs_shuffle,core_oracle_estimated_weights,core_shuffled_graph,gold_embedding_cosine,0.8717273159825604,0.8549327212746999,20,0.01679459470786049
graph_02,water_treatment_system,3,node_006,oracle_vs_shuffle,core_oracle_estimated_weights,core_shuffled_graph,mrr,0.2,0.1303636151430269,20,0.0696363848569731
graph_02,water_treatment_system,3,node_006,oracle_vs_shuffle,core_oracle_estimated_weights,core_shuffled_graph,recall_at_1,0.0,0.0,20,0.0
graph_02,water_treatment_system,3,node_006,oracle_vs_shuffle,core_oracle_estimated_weights,core_shuffled_graph,recall_at_5,1.0,0.1,20,0.9
graph_02,water_treatment_system,3,node_006,oracle_vs_shuffle,core_oracle_estimated_weights,core_shuffled_graph,exact_decode,0.0,0.0,20,0.0
graph_02,water_treatment_system,3,node_006,oracle_vs_reverse,core_oracle_estimated_weights,core_reversed_graph,match_acc,1.0,1.0,1,0.0
graph_02,water_treatment_system,3,node_006,oracle_vs_reverse,core_oracle_estimated_weights,core_reversed_graph,gold_embedding_cosine,0.8717273159825604,0.9043637126644295,1,-0.03263639668186913
graph_02,water_treatment_system,3,node_006,oracle_vs_reverse,core_oracle_estimated_weights,core_reversed_graph,mrr,0.2,0.2,1,0.0
graph_02,water_treatment_system,3,node_006,oracle_vs_reverse,core_oracle_estimated_weights,core_reversed_graph,recall_at_1,0.0,0.0,1,0.0
graph_02,water_treatment_system,3,node_006,oracle_vs_reverse,core_oracle_estimated_weights,core_reversed_graph,recall_at_5,1.0,1.0,1,0.0
graph_02,water_treatment_system,3,node_006,oracle_vs_reverse,core_oracle_estimated_weights,core_reversed_graph,exact_decode,0.0,0.0,1,0.0
graph_02,water_treatment_system,3,node_006,oracle_vs_no_graph,core_oracle_estimated_weights,uniform,match_acc,1.0,1.0,1,0.0
graph_02,water_treatment_system,3,node_006,oracle_vs_no_graph,core_oracle_estimated_weights,uniform,gold_embedding_cosine,0.8717273159825604,0.9215225447136405,1,-0.04979522873108011
graph_02,water_treatment_system,3,node_006,oracle_vs_no_graph,core_oracle_estimated_weights,uniform,mrr,0.2,0.07692307692307693,1,0.12307692307692308
graph_02,water_treatment_system,3,node_006,oracle_vs_no_graph,core_oracle_estimated_weights,uniform,recall_at_1,0.0,0.0,1,0.0
graph_02,water_treatment_system,3,node_006,oracle_vs_no_graph,core_oracle_estimated_weights,uniform,recall_at_5,1.0,0.0,1,1.0
graph_02,water_treatment_system,3,node_006,oracle_vs_no_graph,core_oracle_estimated_weights,uniform,exact_decode,0.0,0.0,1,0.0
graph_02,water_treatment_system,3,node_006,oracle_vs_rawcorr,core_oracle_estimated_weights,raw_correlation,match_acc,1.0,1.0,1,0.0
graph_02,water_treatment_system,3,node_006,oracle_vs_rawcorr,core_oracle_estimated_weights,raw_correlation,gold_embedding_cosine,0.8717273159825604,0.9229359677894071,1,-0.05120865180684675
graph_02,water_treatment_system,3,node_006,oracle_vs_rawcorr,core_oracle_estimated_weights,raw_correlation,mrr,0.2,0.1111111111111111,1,0.0888888888888889
graph_02,water_treatment_system,3,node_006,oracle_vs_rawcorr,core_oracle_estimated_weights,raw_correlation,recall_at_1,0.0,0.0,1,0.0
graph_02,water_treatment_system,3,node_006,oracle_vs_rawcorr,core_oracle_estimated_weights,raw_correlation,recall_at_5,1.0,0.0,1,1.0
graph_02,water_treatment_system,3,node_006,oracle_vs_rawcorr,core_oracle_estimated_weights,raw_correlation,exact_decode,0.0,0.0,1,0.0
graph_02,water_treatment_system,3,node_012,oracle_vs_shuffle,core_oracle_estimated_weights,core_shuffled_graph,match_acc,1.0,0.3,20,0.7
graph_02,water_treatment_system,3,node_012,oracle_vs_shuffle,core_oracle_estimated_weights,core_shuffled_graph,gold_embedding_cosine,0.8328584275165738,0.8204114728263641,20,0.012446954690209733
graph_02,water_treatment_system,3,node_012,oracle_vs_shuffle,core_oracle_estimated_weights,core_shuffled_graph,mrr,0.1,0.08446539571539571,20,0.015534604284604292
graph_02,water_treatment_system,3,node_012,oracle_vs_shuffle,core_oracle_estimated_weights,core_shuffled_graph,recall_at_1,0.0,0.0,20,0.0
graph_02,water_treatment_system,3,node_012,oracle_vs_shuffle,core_oracle_estimated_weights,core_shuffled_graph,recall_at_5,0.0,0.0,20,0.0
graph_02,water_treatment_system,3,node_012,oracle_vs_shuffle,core_oracle_estimated_weights,core_shuffled_graph,exact_decode,0.0,0.0,20,0.0
graph_02,water_treatment_system,3,node_012,oracle_vs_reverse,core_oracle_estimated_weights,core_reversed_graph,match_acc,1.0,1.0,1,0.0
graph_02,water_treatment_system,3,node_012,oracle_vs_reverse,core_oracle_estimated_weights,core_reversed_graph,gold_embedding_cosine,0.8328584275165738,0.8850765381185735,1,-0.05221811060199966
graph_02,water_treatment_system,3,node_012,oracle_vs_reverse,core_oracle_estimated_weights,core_reversed_graph,mrr,0.1,0.07142857142857142,1,0.02857142857142858
graph_02,water_treatment_system,3,node_012,oracle_vs_reverse,core_oracle_estimated_weights,core_reversed_graph,recall_at_1,0.0,0.0,1,0.0
graph_02,water_treatment_system,3,node_012,oracle_vs_reverse,core_oracle_estimated_weights,core_reversed_graph,recall_at_5,0.0,0.0,1,0.0
graph_02,water_treatment_system,3,node_012,oracle_vs_reverse,core_oracle_estimated_weights,core_reversed_graph,exact_decode,0.0,0.0,1,0.0
graph_02,water_treatment_system,3,node_012,oracle_vs_no_graph,core_oracle_estimated_weights,uniform,match_acc,1.0,0.0,1,1.0
graph_02,water_treatment_system,3,node_012,oracle_vs_no_graph,core_oracle_estimated_weights,uniform,gold_embedding_cosine,0.8328584275165738,0.9056068858516314,1,-0.07274845833505761
graph_02,water_treatment_system,3,node_012,oracle_vs_no_graph,core_oracle_estimated_weights,uniform,mrr,0.1,0.058823529411764705,1,0.0411764705882353
graph_02,water_treatment_system,3,node_012,oracle_vs_no_graph,core_oracle_estimated_weights,uniform,recall_at_1,0.0,0.0,1,0.0
graph_02,water_treatment_system,3,node_012,oracle_vs_no_graph,core_oracle_estimated_weights,uniform,recall_at_5,0.0,0.0,1,0.0
graph_02,water_treatment_system,3,node_012,oracle_vs_no_graph,core_oracle_estimated_weights,uniform,exact_decode,0.0,0.0,1,0.0
graph_02,water_treatment_system,3,node_012,oracle_vs_rawcorr,core_oracle_estimated_weights,raw_correlation,match_acc,1.0,1.0,1,0.0
graph_02,water_treatment_system,3,node_012,oracle_vs_rawcorr,core_oracle_estimated_weights,raw_correlation,gold_embedding_cosine,0.8328584275165738,0.9063022078755092,1,-0.0734437803589354
graph_02,water_treatment_system,3,node_012,oracle_vs_rawcorr,core_oracle_estimated_weights,raw_correlation,mrr,0.1,0.058823529411764705,1,0.0411764705882353
graph_02,water_treatment_system,3,node_012,oracle_vs_rawcorr,core_oracle_estimated_weights,raw_correlation,recall_at_1,0.0,0.0,1,0.0
graph_02,water_treatment_system,3,node_012,oracle_vs_rawcorr,core_oracle_estimated_weights,raw_correlation,recall_at_5,0.0,0.0,1,0.0
graph_02,water_treatment_system,3,node_012,oracle_vs_rawcorr,core_oracle_estimated_weights,raw_correlation,exact_decode,0.0,0.0,1,0.0
graph_02,water_treatment_system,3,node_016,oracle_vs_shuffle,core_oracle_estimated_weights,core_shuffled_graph,match_acc,1.0,0.5,20,0.5
graph_02,water_treatment_system,3,node_016,oracle_vs_shuffle,core_oracle_estimated_weights,core_shuffled_graph,gold_embedding_cosine,0.8861030634996604,0.771175351949927,20,0.11492771154973336
graph_02,water_treatment_system,3,node_016,oracle_vs_shuffle,core_oracle_estimated_weights,core_shuffled_graph,mrr,0.2,0.14935897435897436,20,0.050641025641025655
graph_02,water_treatment_system,3,node_016,oracle_vs_shuffle,core_oracle_estimated_weights,core_shuffled_graph,recall_at_1,0.0,0.0,20,0.0
graph_02,water_treatment_system,3,node_016,oracle_vs_shuffle,core_oracle_estimated_weights,core_shuffled_graph,recall_at_5,1.0,0.35,20,0.65
graph_02,water_treatment_system,3,node_016,oracle_vs_shuffle,core_oracle_estimated_weights,core_shuffled_graph,exact_decode,0.0,0.0,20,0.0
graph_02,water_treatment_system,3,node_016,oracle_vs_reverse,core_oracle_estimated_weights,core_reversed_graph,match_acc,1.0,1.0,1,0.0
graph_02,water_treatment_system,3,node_016,oracle_vs_reverse,core_oracle_estimated_weights,core_reversed_graph,gold_embedding_cosine,0.8861030634996604,0.8396214638928985,1,0.0464815996067619
graph_02,water_treatment_system,3,node_016,oracle_vs_reverse,core_oracle_estimated_weights,core_reversed_graph,mrr,0.2,0.16666666666666666,1,0.033333333333333354
graph_02,water_treatment_system,3,node_016,oracle_vs_reverse,core_oracle_estimated_weights,core_reversed_graph,recall_at_1,0.0,0.0,1,0.0
graph_02,water_treatment_system,3,node_016,oracle_vs_reverse,core_oracle_estimated_weights,core_reversed_graph,recall_at_5,1.0,0.0,1,1.0
graph_02,water_treatment_system,3,node_016,oracle_vs_reverse,core_oracle_estimated_weights,core_reversed_graph,exact_decode,0.0,0.0,1,0.0
graph_02,water_treatment_system,3,node_016,oracle_vs_no_graph,core_oracle_estimated_weights,uniform,match_acc,1.0,0.0,1,1.0
graph_02,water_treatment_system,3,node_016,oracle_vs_no_graph,core_oracle_estimated_weights,uniform,gold_embedding_cosine,0.8861030634996604,0.900147825828123,1,-0.014044762328462634
graph_02,water_treatment_system,3,node_016,oracle_vs_no_graph,core_oracle_estimated_weights,uniform,mrr,0.2,0.05,1,0.15000000000000002
graph_02,water_treatment_system,3,node_016,oracle_vs_no_graph,core_oracle_estimated_weights,uniform,recall_at_1,0.0,0.0,1,0.0
graph_02,water_treatment_system,3,node_016,oracle_vs_no_graph,core_oracle_estimated_weights,uniform,recall_at_5,1.0,0.0,1,1.0
graph_02,water_treatment_system,3,node_016,oracle_vs_no_graph,core_oracle_estimated_weights,uniform,exact_decode,0.0,0.0,1,0.0
graph_02,water_treatment_system,3,node_016,oracle_vs_rawcorr,core_oracle_estimated_weights,raw_correlation,match_acc,1.0,1.0,1,0.0
graph_02,water_treatment_system,3,node_016,oracle_vs_rawcorr,core_oracle_estimated_weights,raw_correlation,gold_embedding_cosine,0.8861030634996604,0.9041760250354948,1,-0.018072961535834375
graph_02,water_treatment_system,3,node_016,oracle_vs_rawcorr,core_oracle_estimated_weights,raw_correlation,mrr,0.2,0.05263157894736842,1,0.1473684210526316
graph_02,water_treatment_system,3,node_016,oracle_vs_rawcorr,core_oracle_estimated_weights,raw_correlation,recall_at_1,0.0,0.0,1,0.0
graph_02,water_treatment_system,3,node_016,oracle_vs_rawcorr,core_oracle_estimated_weights,raw_correlation,recall_at_5,1.0,0.0,1,1.0
graph_02,water_treatment_system,3,node_016,oracle_vs_rawcorr,core_oracle_estimated_weights,raw_correlation,exact_decode,0.0,0.0,1,0.0
graph_02,water_treatment_system,4,node_004,oracle_vs_shuffle,core_oracle_estimated_weights,core_shuffled_graph,match_acc,0.0,0.3,20,-0.3
graph_02,water_treatment_system,4,node_004,oracle_vs_shuffle,core_oracle_estimated_weights,core_shuffled_graph,gold_embedding_cosine,-0.06799495734048339,0.4793501142612125,20,-0.5473450716016959
graph_02,water_treatment_system,4,node_004,oracle_vs_shuffle,core_oracle_estimated_weights,core_shuffled_graph,mrr,0.058823529411764705,0.11071120464502819,20,-0.051887675233263486
graph_02,water_treatment_system,4,node_004,oracle_vs_shuffle,core_oracle_estimated_weights,core_shuffled_graph,recall_at_1,0.0,0.0,20,0.0
graph_02,water_treatment_system,4,node_004,oracle_vs_shuffle,core_oracle_estimated_weights,core_shuffled_graph,recall_at_5,0.0,0.1,20,-0.1
graph_02,water_treatment_system,4,node_004,oracle_vs_shuffle,core_oracle_estimated_weights,core_shuffled_graph,exact_decode,0.0,0.0,20,0.0
graph_02,water_treatment_system,4,node_004,oracle_vs_reverse,core_oracle_estimated_weights,core_reversed_graph,match_acc,0.0,0.0,1,0.0
graph_02,water_treatment_system,4,node_004,oracle_vs_reverse,core_oracle_estimated_weights,core_reversed_graph,gold_embedding_cosine,-0.06799495734048339,0.794003372057587,1,-0.8619983293980704
graph_02,water_treatment_system,4,node_004,oracle_vs_reverse,core_oracle_estimated_weights,core_reversed_graph,mrr,0.058823529411764705,0.058823529411764705,1,0.0
graph_02,water_treatment_system,4,node_004,oracle_vs_reverse,core_oracle_estimated_weights,core_reversed_graph,recall_at_1,0.0,0.0,1,0.0
graph_02,water_treatment_system,4,node_004,oracle_vs_reverse,core_oracle_estimated_weights,core_reversed_graph,recall_at_5,0.0,0.0,1,0.0
graph_02,water_treatment_system,4,node_004,oracle_vs_reverse,core_oracle_estimated_weights,core_reversed_graph,exact_decode,0.0,0.0,1,0.0
graph_02,water_treatment_system,4,node_004,oracle_vs_no_graph,core_oracle_estimated_weights,uniform,match_acc,0.0,0.0,1,0.0
graph_02,water_treatment_system,4,node_004,oracle_vs_no_graph,core_oracle_estimated_weights,uniform,gold_embedding_cosine,-0.06799495734048339,0.9164551583503944,1,-0.9844501156908778
graph_02,water_treatment_system,4,node_004,oracle_vs_no_graph,core_oracle_estimated_weights,uniform,mrr,0.058823529411764705,0.07142857142857142,1,-0.01260504201680672
graph_02,water_treatment_system,4,node_004,oracle_vs_no_graph,core_oracle_estimated_weights,uniform,recall_at_1,0.0,0.0,1,0.0
graph_02,water_treatment_system,4,node_004,oracle_vs_no_graph,core_oracle_estimated_weights,uniform,recall_at_5,0.0,0.0,1,0.0
graph_02,water_treatment_system,4,node_004,oracle_vs_no_graph,core_oracle_estimated_weights,uniform,exact_decode,0.0,0.0,1,0.0
graph_02,water_treatment_system,4,node_004,oracle_vs_rawcorr,core_oracle_estimated_weights,raw_correlation,match_acc,0.0,0.0,1,0.0
graph_02,water_treatment_system,4,node_004,oracle_vs_rawcorr,core_oracle_estimated_weights,raw_correlation,gold_embedding_cosine,-0.06799495734048339,0.8990552553002977,1,-0.9670502126407812
graph_02,water_treatment_system,4,node_004,oracle_vs_rawcorr,core_oracle_estimated_weights,raw_correlation,mrr,0.058823529411764705,0.05555555555555555,1,0.0032679738562091526
graph_02,water_treatment_system,4,node_004,oracle_vs_rawcorr,core_oracle_estimated_weights,raw_correlation,recall_at_1,0.0,0.0,1,0.0
graph_02,water_treatment_system,4,node_004,oracle_vs_rawcorr,core_oracle_estimated_weights,raw_correlation,recall_at_5,0.0,0.0,1,0.0
graph_02,water_treatment_system,4,node_004,oracle_vs_rawcorr,core_oracle_estimated_weights,raw_correlation,exact_decode,0.0,0.0,1,0.0
graph_02,water_treatment_system,4,node_005,oracle_vs_shuffle,core_oracle_estimated_weights,core_shuffled_graph,match_acc,1.0,0.85,20,0.15000000000000002
graph_02,water_treatment_system,4,node_005,oracle_vs_shuffle,core_oracle_estimated_weights,core_shuffled_graph,gold_embedding_cosine,0.6521852848927882,0.2014524141015667,20,0.4507328707912215
graph_02,water_treatment_system,4,node_005,oracle_vs_shuffle,core_oracle_estimated_weights,core_shuffled_graph,mrr,0.5,0.3070833333333334,20,0.19291666666666663
graph_02,water_treatment_system,4,node_005,oracle_vs_shuffle,core_oracle_estimated_weights,core_shuffled_graph,recall_at_1,0.0,0.05,20,-0.05
graph_02,water_treatment_system,4,node_005,oracle_vs_shuffle,core_oracle_estimated_weights,core_shuffled_graph,recall_at_5,1.0,0.65,20,0.35
graph_02,water_treatment_system,4,node_005,oracle_vs_shuffle,core_oracle_estimated_weights,core_shuffled_graph,exact_decode,0.0,0.05,20,-0.05
graph_02,water_treatment_system,4,node_005,oracle_vs_reverse,core_oracle_estimated_weights,core_reversed_graph,match_acc,1.0,1.0,1,0.0
graph_02,water_treatment_system,4,node_005,oracle_vs_reverse,core_oracle_estimated_weights,core_reversed_graph,gold_embedding_cosine,0.6521852848927882,0.8618729367628435,1,-0.20968765187005534
graph_02,water_treatment_system,4,node_005,oracle_vs_reverse,core_oracle_estimated_weights,core_reversed_graph,mrr,0.5,0.5,1,0.0
graph_02,water_treatment_system,4,node_005,oracle_vs_reverse,core_oracle_estimated_weights,core_reversed_graph,recall_at_1,0.0,0.0,1,0.0
graph_02,water_treatment_system,4,node_005,oracle_vs_reverse,core_oracle_estimated_weights,core_reversed_graph,recall_at_5,1.0,1.0,1,0.0
graph_02,water_treatment_system,4,node_005,oracle_vs_reverse,core_oracle_estimated_weights,core_reversed_graph,exact_decode,0.0,0.0,1,0.0
graph_02,water_treatment_system,4,node_005,oracle_vs_no_graph,core_oracle_estimated_weights,uniform,match_acc,1.0,0.0,1,1.0
graph_02,water_treatment_system,4,node_005,oracle_vs_no_graph,core_oracle_estimated_weights,uniform,gold_embedding_cosine,0.6521852848927882,0.9025994287769541,1,-0.25041414388416594
graph_02,water_treatment_system,4,node_005,oracle_vs_no_graph,core_oracle_estimated_weights,uniform,mrr,0.5,0.05263157894736842,1,0.4473684210526316
graph_02,water_treatment_system,4,node_005,oracle_vs_no_graph,core_oracle_estimated_weights,uniform,recall_at_1,0.0,0.0,1,0.0
graph_02,water_treatment_system,4,node_005,oracle_vs_no_graph,core_oracle_estimated_weights,uniform,recall_at_5,1.0,0.0,1,1.0
graph_02,water_treatment_system,4,node_005,oracle_vs_no_graph,core_oracle_estimated_weights,uniform,exact_decode,0.0,0.0,1,0.0
graph_02,water_treatment_system,4,node_005,oracle_vs_rawcorr,core_oracle_estimated_weights,raw_correlation,match_acc,1.0,1.0,1,0.0
graph_02,water_treatment_system,4,node_005,oracle_vs_rawcorr,core_oracle_estimated_weights,raw_correlation,gold_embedding_cosine,0.6521852848927882,0.9027742409206225,1,-0.2505889560278344
graph_02,water_treatment_system,4,node_005,oracle_vs_rawcorr,core_oracle_estimated_weights,raw_correlation,mrr,0.5,0.3333333333333333,1,0.16666666666666669
graph_02,water_treatment_system,4,node_005,oracle_vs_rawcorr,core_oracle_estimated_weights,raw_correlation,recall_at_1,0.0,0.0,1,0.0
graph_02,water_treatment_system,4,node_005,oracle_vs_rawcorr,core_oracle_estimated_weights,raw_correlation,recall_at_5,1.0,1.0,1,0.0
graph_02,water_treatment_system,4,node_005,oracle_vs_rawcorr,core_oracle_estimated_weights,raw_correlation,exact_decode,0.0,0.0,1,0.0
graph_02,water_treatment_system,4,node_007,oracle_vs_shuffle,core_oracle_estimated_weights,core_shuffled_graph,match_acc,1.0,0.7,20,0.30000000000000004
graph_02,water_treatment_system,4,node_007,oracle_vs_shuffle,core_oracle_estimated_weights,core_shuffled_graph,gold_embedding_cosine,0.8982405122974113,0.816997622505178,20,0.08124288979223326
graph_02,water_treatment_system,4,node_007,oracle_vs_shuffle,core_oracle_estimated_weights,core_shuffled_graph,mrr,0.1111111111111111,0.18498152067231016,20,-0.07387040956119906
graph_02,water_treatment_system,4,node_007,oracle_vs_shuffle,core_oracle_estimated_weights,core_shuffled_graph,recall_at_1,0.0,0.0,20,0.0
graph_02,water_treatment_system,4,node_007,oracle_vs_shuffle,core_oracle_estimated_weights,core_shuffled_graph,recall_at_5,0.0,0.5,20,-0.5
graph_02,water_treatment_system,4,node_007,oracle_vs_shuffle,core_oracle_estimated_weights,core_shuffled_graph,exact_decode,0.0,0.0,20,0.0
graph_02,water_treatment_system,4,node_007,oracle_vs_reverse,core_oracle_estimated_weights,core_reversed_graph,match_acc,1.0,1.0,1,0.0
graph_02,water_treatment_system,4,node_007,oracle_vs_reverse,core_oracle_estimated_weights,core_reversed_graph,gold_embedding_cosine,0.8982405122974113,0.8979826826804905,1,0.00025782961692077944
graph_02,water_treatment_system,4,node_007,oracle_vs_reverse,core_oracle_estimated_weights,core_reversed_graph,mrr,0.1111111111111111,0.2,1,-0.0888888888888889
graph_02,water_treatment_system,4,node_007,oracle_vs_reverse,core_oracle_estimated_weights,core_reversed_graph,recall_at_1,0.0,0.0,1,0.0
graph_02,water_treatment_system,4,node_007,oracle_vs_reverse,core_oracle_estimated_weights,core_reversed_graph,recall_at_5,0.0,1.0,1,-1.0
graph_02,water_treatment_system,4,node_007,oracle_vs_reverse,core_oracle_estimated_weights,core_reversed_graph,exact_decode,0.0,0.0,1,0.0
graph_02,water_treatment_system,4,node_007,oracle_vs_no_graph,core_oracle_estimated_weights,uniform,match_acc,1.0,0.0,1,1.0
graph_02,water_treatment_system,4,node_007,oracle_vs_no_graph,core_oracle_estimated_weights,uniform,gold_embedding_cosine,0.8982405122974113,0.9241058473831166,1,-0.02586533508570532
graph_02,water_treatment_system,4,node_007,oracle_vs_no_graph,core_oracle_estimated_weights,uniform,mrr,0.1111111111111111,0.09090909090909091,1,0.020202020202020193
graph_02,water_treatment_system,4,node_007,oracle_vs_no_graph,core_oracle_estimated_weights,uniform,recall_at_1,0.0,0.0,1,0.0
graph_02,water_treatment_system,4,node_007,oracle_vs_no_graph,core_oracle_estimated_weights,uniform,recall_at_5,0.0,0.0,1,0.0
graph_02,water_treatment_system,4,node_007,oracle_vs_no_graph,core_oracle_estimated_weights,uniform,exact_decode,0.0,0.0,1,0.0
graph_02,water_treatment_system,4,node_007,oracle_vs_rawcorr,core_oracle_estimated_weights,raw_correlation,match_acc,1.0,1.0,1,0.0
graph_02,water_treatment_system,4,node_007,oracle_vs_rawcorr,core_oracle_estimated_weights,raw_correlation,gold_embedding_cosine,0.8982405122974113,0.9255129386907455,1,-0.02727242639333416
graph_02,water_treatment_system,4,node_007,oracle_vs_rawcorr,core_oracle_estimated_weights,raw_correlation,mrr,0.1111111111111111,0.1,1,0.0111111111111111
graph_02,water_treatment_system,4,node_007,oracle_vs_rawcorr,core_oracle_estimated_weights,raw_correlation,recall_at_1,0.0,0.0,1,0.0
graph_02,water_treatment_system,4,node_007,oracle_vs_rawcorr,core_oracle_estimated_weights,raw_correlation,recall_at_5,0.0,0.0,1,0.0
graph_02,water_treatment_system,4,node_007,oracle_vs_rawcorr,core_oracle_estimated_weights,raw_correlation,exact_decode,0.0,0.0,1,0.0
graph_02,water_treatment_system,4,node_011,oracle_vs_shuffle,core_oracle_estimated_weights,core_shuffled_graph,match_acc,0.0,0.3,20,-0.3
graph_02,water_treatment_system,4,node_011,oracle_vs_shuffle,core_oracle_estimated_weights,core_shuffled_graph,gold_embedding_cosine,0.9033580487294378,0.7927367214683121,20,0.11062132726112572
graph_02,water_treatment_system,4,node_011,oracle_vs_shuffle,core_oracle_estimated_weights,core_shuffled_graph,mrr,0.2,0.18926587301587305,20,0.010734126984126957
graph_02,water_treatment_system,4,node_011,oracle_vs_shuffle,core_oracle_estimated_weights,core_shuffled_graph,recall_at_1,0.0,0.0,20,0.0
graph_02,water_treatment_system,4,node_011,oracle_vs_shuffle,core_oracle_estimated_weights,core_shuffled_graph,recall_at_5,1.0,0.5,20,0.5
graph_02,water_treatment_system,4,node_011,oracle_vs_shuffle,core_oracle_estimated_weights,core_shuffled_graph,exact_decode,0.0,0.0,20,0.0
graph_02,water_treatment_system,4,node_011,oracle_vs_reverse,core_oracle_estimated_weights,core_reversed_graph,match_acc,0.0,0.0,1,0.0
graph_02,water_treatment_system,4,node_011,oracle_vs_reverse,core_oracle_estimated_weights,core_reversed_graph,gold_embedding_cosine,0.9033580487294378,0.8946524030534104,1,0.008705645676027385
graph_02,water_treatment_system,4,node_011,oracle_vs_reverse,core_oracle_estimated_weights,core_reversed_graph,mrr,0.2,0.2,1,0.0
graph_02,water_treatment_system,4,node_011,oracle_vs_reverse,core_oracle_estimated_weights,core_reversed_graph,recall_at_1,0.0,0.0,1,0.0
graph_02,water_treatment_system,4,node_011,oracle_vs_reverse,core_oracle_estimated_weights,core_reversed_graph,recall_at_5,1.0,1.0,1,0.0
graph_02,water_treatment_system,4,node_011,oracle_vs_reverse,core_oracle_estimated_weights,core_reversed_graph,exact_decode,0.0,0.0,1,0.0
graph_02,water_treatment_system,4,node_011,oracle_vs_no_graph,core_oracle_estimated_weights,uniform,match_acc,0.0,0.0,1,0.0
graph_02,water_treatment_system,4,node_011,oracle_vs_no_graph,core_oracle_estimated_weights,uniform,gold_embedding_cosine,0.9033580487294378,0.9191202319616054,1,-0.015762183232167604
graph_02,water_treatment_system,4,node_011,oracle_vs_no_graph,core_oracle_estimated_weights,uniform,mrr,0.2,0.08333333333333333,1,0.11666666666666668
graph_02,water_treatment_system,4,node_011,oracle_vs_no_graph,core_oracle_estimated_weights,uniform,recall_at_1,0.0,0.0,1,0.0
graph_02,water_treatment_system,4,node_011,oracle_vs_no_graph,core_oracle_estimated_weights,uniform,recall_at_5,1.0,0.0,1,1.0
graph_02,water_treatment_system,4,node_011,oracle_vs_no_graph,core_oracle_estimated_weights,uniform,exact_decode,0.0,0.0,1,0.0
graph_02,water_treatment_system,4,node_011,oracle_vs_rawcorr,core_oracle_estimated_weights,raw_correlation,match_acc,0.0,0.0,1,0.0
graph_02,water_treatment_system,4,node_011,oracle_vs_rawcorr,core_oracle_estimated_weights,raw_correlation,gold_embedding_cosine,0.9033580487294378,0.921527741354311,1,-0.018169692624873224
graph_02,water_treatment_system,4,node_011,oracle_vs_rawcorr,core_oracle_estimated_weights,raw_correlation,mrr,0.2,0.1,1,0.1
graph_02,water_treatment_system,4,node_011,oracle_vs_rawcorr,core_oracle_estimated_weights,raw_correlation,recall_at_1,0.0,0.0,1,0.0
graph_02,water_treatment_system,4,node_011,oracle_vs_rawcorr,core_oracle_estimated_weights,raw_correlation,recall_at_5,1.0,0.0,1,1.0
graph_02,water_treatment_system,4,node_011,oracle_vs_rawcorr,core_oracle_estimated_weights,raw_correlation,exact_decode,0.0,0.0,1,0.0
