graph_id,world,fold,node_id,arm,shuffle_id,true_label,causal_description,module,is_root,has_visible_parent,visible_parent_count,has_visible_child,visible_child_count,has_visible_same_module,visible_same_module_count,judge_acc,judge_status,match_acc,gold_embedding_cosine,rank,mrr,recall_at_1,recall_at_5,exact_decode,decoder_alpha,decoded_words
graph_00,industrial_cooling_system,0,node_000,uniform,,intake blockage severity,Severity of physical obstruction at the coolant intake.,intake_and_pressure,1,0,0,1,1,1,3,,pending,0,0.9140682112787295,15,0.06666666666666667,0,0,0,0.0004179257024759095,"[""extreme thermal situation"", ""performance degradation"", ""severity"", ""climate control"", ""disease severity"", ""temperature coefficient""]"
graph_00,industrial_cooling_system,0,node_007,uniform,,pump pressure loss,Loss of delivered coolant pressure from wear and restricted inflow.,intake_and_pressure,0,1,2,1,2,1,3,,pending,0,0.8997543509973142,20,0.05,0,0,0,0.0004179257024759095,"[""extreme thermal situation"", ""performance degradation"", ""severity"", ""climate control"", ""disease severity"", ""temperature coefficient""]"
graph_00,industrial_cooling_system,0,node_012,uniform,,emergency cooling demand,Demand for emergency cooling action after thermal warning.,sensing_and_control,0,1,2,1,1,1,4,,pending,1,0.9250546629502872,9,0.1111111111111111,0,0,0,0.0004179257024759095,"[""extreme thermal situation"", ""performance degradation"", ""severity"", ""climate control"", ""disease severity"", ""temperature coefficient""]"
graph_00,industrial_cooling_system,0,node_018,uniform,,production delay,Delay in production caused by cooling-system downtime.,shutdown_and_delivery,0,1,1,1,1,1,4,,pending,0,0.9011856317361534,19,0.05263157894736842,0,0,0,0.0004179257024759095,"[""extreme thermal situation"", ""performance degradation"", ""severity"", ""climate control"", ""disease severity"", ""temperature coefficient""]"
graph_00,industrial_cooling_system,0,node_000,raw_correlation,,intake blockage severity,Severity of physical obstruction at the coolant intake.,intake_and_pressure,1,0,0,1,1,1,3,,pending,1,0.9070214599659662,12,0.08333333333333333,0,0,0,0.0004179257024759095,"[""temperature reduction"", ""coolant system"", ""width restriction"", ""extreme thermal situation"", ""cooling off period"", ""climate control""]"
graph_00,industrial_cooling_system,0,node_007,raw_correlation,,pump pressure loss,Loss of delivered coolant pressure from wear and restricted inflow.,intake_and_pressure,0,1,2,1,2,1,3,,pending,1,0.9068706331186992,18,0.05555555555555555,0,0,0,0.0004179257024759095,"[""performance degradation"", ""extreme thermal situation"", ""temperature reduction"", ""climate control"", ""coolant system"", ""cooling off period""]"
graph_00,industrial_cooling_system,0,node_012,raw_correlation,,emergency cooling demand,Demand for emergency cooling action after thermal warning.,sensing_and_control,0,1,2,1,1,1,4,,pending,1,0.9297508324274096,5,0.2,0,1,0,0.0004179257024759095,"[""extreme thermal situation"", ""climate control"", ""temperature measure"", ""cooling off period"", ""performance degradation"", ""change intensity""]"
graph_00,industrial_cooling_system,0,node_018,raw_correlation,,production delay,Delay in production caused by cooling-system downtime.,shutdown_and_delivery,0,1,1,1,1,1,4,,pending,1,0.9072702193509864,19,0.05263157894736842,0,0,0,0.0004179257024759095,"[""extreme thermal situation"", ""climate control"", ""temperature measure"", ""performance degradation"", ""equipment failure"", ""breakeven load factor""]"
graph_00,industrial_cooling_system,0,node_000,core_oracle_estimated_weights,,intake blockage severity,Severity of physical obstruction at the coolant intake.,intake_and_pressure,1,0,0,1,1,1,3,,pending,1,0.6491108969220913,6,0.16666666666666666,0,0,0,0.0004179257024759095,"[""flow control"", ""width restriction"", ""coolant system""]"
graph_00,industrial_cooling_system,0,node_007,core_oracle_estimated_weights,,pump pressure loss,Loss of delivered coolant pressure from wear and restricted inflow.,intake_and_pressure,0,1,2,1,2,1,3,,pending,1,0.908331493067402,4,0.25,0,1,0,0.0004179257024759095,"[""pump failure"", ""temperature reduction"", ""performance degradation"", ""heat shrink"", ""wear and tear"", ""restoring energy""]"
graph_00,industrial_cooling_system,0,node_012,core_oracle_estimated_weights,,emergency cooling demand,Demand for emergency cooling action after thermal warning.,sensing_and_control,0,1,2,1,1,1,4,,pending,1,0.9270087350848031,3,0.3333333333333333,0,1,0,0.0004179257024759095,"[""climate control"", ""intensity level"", ""expansion cooling"", ""risk appetite"", ""threatening demand"", ""call delay""]"
graph_00,industrial_cooling_system,0,node_018,core_oracle_estimated_weights,,production delay,Delay in production caused by cooling-system downtime.,shutdown_and_delivery,0,1,1,1,1,1,4,,pending,1,0.8780650110324725,4,0.25,0,1,0,0.0004179257024759095,"[""shutdown"", ""length of service"", ""duration"", ""turnaround time"", ""business interruption insurance""]"
graph_00,industrial_cooling_system,0,node_000,core_oracle_true_weights,,intake blockage severity,Severity of physical obstruction at the coolant intake.,intake_and_pressure,1,0,0,1,1,1,3,,pending,1,0.6844185658067609,6,0.16666666666666666,0,0,0,0.0004179257024759095,"[""flow control"", ""width restriction"", ""coolant system""]"
graph_00,industrial_cooling_system,0,node_007,core_oracle_true_weights,,pump pressure loss,Loss of delivered coolant pressure from wear and restricted inflow.,intake_and_pressure,0,1,2,1,2,1,3,,pending,1,0.9219283527158826,3,0.3333333333333333,0,1,0,0.0004179257024759095,"[""pump failure"", ""temperature reduction"", ""performance degradation"", ""progressing cavity pump"", ""use wear analysis"", ""wear and tear""]"
graph_00,industrial_cooling_system,0,node_012,core_oracle_true_weights,,emergency cooling demand,Demand for emergency cooling action after thermal warning.,sensing_and_control,0,1,2,1,1,1,4,,pending,1,0.9369059828637449,3,0.3333333333333333,0,1,0,0.0004179257024759095,"[""climate control"", ""intensity level"", ""temperature coefficient"", ""expansion cooling"", ""change intensity"", ""demand characteristic""]"
graph_00,industrial_cooling_system,0,node_018,core_oracle_true_weights,,production delay,Delay in production caused by cooling-system downtime.,shutdown_and_delivery,0,1,1,1,1,1,4,,pending,1,0.8764517138112476,5,0.2,0,1,0,0.0004179257024759095,"[""shutdown"", ""length of service"", ""duration"", ""turnaround time""]"
graph_00,industrial_cooling_system,0,node_000,core_reversed_graph,,intake blockage severity,Severity of physical obstruction at the coolant intake.,intake_and_pressure,1,0,0,1,1,1,3,,pending,1,0.8268490929971585,7,0.14285714285714285,0,0,0,0.0004179257024759095,"[""width restriction"", ""coolant system"", ""flow control"", ""rate of flow"", ""coolant"", ""be limited to""]"
graph_00,industrial_cooling_system,0,node_007,core_reversed_graph,,pump pressure loss,Loss of delivered coolant pressure from wear and restricted inflow.,intake_and_pressure,0,1,2,1,2,1,3,,pending,1,0.9136810434692036,6,0.16666666666666666,0,0,0,0.0004179257024759095,"[""performance degradation"", ""temperature reduction"", ""pump failure"", ""coolant system"", ""failed repair"", ""impediment removal""]"
graph_00,industrial_cooling_system,0,node_012,core_reversed_graph,,emergency cooling demand,Demand for emergency cooling action after thermal warning.,sensing_and_control,0,1,2,1,1,1,4,,pending,1,0.9035087485611298,4,0.25,0,1,0,0.0004179257024759095,"[""climate control"", ""response time"", ""call delay"", ""startle response"", ""temperature coefficient"", ""adaptive control function""]"
graph_00,industrial_cooling_system,0,node_018,core_reversed_graph,,production delay,Delay in production caused by cooling-system downtime.,shutdown_and_delivery,0,1,1,1,1,1,4,,pending,1,0.9072555159092976,3,0.3333333333333333,0,1,0,0.0004179257024759095,"[""shipping and handling"", ""delay payment"", ""delayment"", ""turnaround time"", ""time delay"", ""length of service""]"
graph_00,industrial_cooling_system,0,node_000,core_shuffled_graph,shuffle_00,intake blockage severity,Severity of physical obstruction at the coolant intake.,intake_and_pressure,1,0,0,1,1,1,3,,pending,0,-0.7765276515615542,14,0.07142857142857142,0,0,0,0.0004179257024759095,"[""low drift meter"", ""low angle of drift"", ""low sensor system"", ""low disease severity"", ""low driftiness"", ""low severity""]"
graph_00,industrial_cooling_system,0,node_007,core_shuffled_graph,shuffle_00,pump pressure loss,Loss of delivered coolant pressure from wear and restricted inflow.,intake_and_pressure,0,1,2,1,2,1,3,,pending,1,0.7624856039157737,7,0.14285714285714285,0,0,0,0.0004179257024759095,"[""heat shrink"", ""creating by removal"", ""heat-absorbing"", ""hot extraction"", ""remaining heat"", ""temperature reduction""]"
graph_00,industrial_cooling_system,0,node_012,core_shuffled_graph,shuffle_00,emergency cooling demand,Demand for emergency cooling action after thermal warning.,sensing_and_control,0,1,2,1,1,1,4,,pending,1,0.8324796544983726,4,0.25,0,1,0,0.0004179257024759095,"[""heat shrink"", ""temperature reduction"", ""heat-absorbing"", ""creating by removal"", ""in deficit"", ""structural deficit""]"
graph_00,industrial_cooling_system,0,node_018,core_shuffled_graph,shuffle_00,production delay,Delay in production caused by cooling-system downtime.,shutdown_and_delivery,0,1,1,1,1,1,4,,pending,0,0.7671578485668464,19,0.05263157894736842,0,0,0,0.0004179257024759095,"[""temperature reduction"", ""heat shrink"", ""heat-absorbing"", ""structural deficit"", ""nature deficit disorder"", ""heat dissipation""]"
graph_00,industrial_cooling_system,0,node_000,core_shuffled_graph,shuffle_01,intake blockage severity,Severity of physical obstruction at the coolant intake.,intake_and_pressure,1,0,0,1,1,1,3,,pending,1,0.8710743350880363,8,0.125,0,0,0,0.0004179257024759095,"[""coolant system"", ""width restriction"", ""temperature reduction"", ""flow control"", ""rate of flow"", ""thermal barrier""]"
graph_00,industrial_cooling_system,0,node_007,core_shuffled_graph,shuffle_01,pump pressure loss,Loss of delivered coolant pressure from wear and restricted inflow.,intake_and_pressure,0,1,2,1,2,1,3,,pending,1,0.9014405023253201,7,0.14285714285714285,0,0,0,0.0004179257024759095,"[""temperature reduction"", ""heat shrink"", ""remaining heat"", ""heat-absorbing"", ""performance degradation"", ""heat capacity""]"
graph_00,industrial_cooling_system,0,node_012,core_shuffled_graph,shuffle_01,emergency cooling demand,Demand for emergency cooling action after thermal warning.,sensing_and_control,0,1,2,1,1,1,4,,pending,1,0.8292324504927762,10,0.1,0,0,0,0.0004179257024759095,"[""call delay"", ""delayed action"", ""climate control device"", ""delay position"", ""learned response"", ""risk of exposure""]"
graph_00,industrial_cooling_system,0,node_018,core_shuffled_graph,shuffle_01,production delay,Delay in production caused by cooling-system downtime.,shutdown_and_delivery,0,1,1,1,1,1,4,,pending,1,0.6728375799691559,3,0.3333333333333333,0,1,0,0.0004179257024759095,"[""delay payment"", ""shipment"", ""call delay"", ""freight transport"", ""cargo pallet""]"
graph_00,industrial_cooling_system,0,node_000,core_shuffled_graph,shuffle_02,intake blockage severity,Severity of physical obstruction at the coolant intake.,intake_and_pressure,1,0,0,1,1,1,3,,pending,1,0.43545076740825106,4,0.25,0,1,0,0.0004179257024759095,"[""shutdown""]"
graph_00,industrial_cooling_system,0,node_007,core_shuffled_graph,shuffle_02,pump pressure loss,Loss of delivered coolant pressure from wear and restricted inflow.,intake_and_pressure,0,1,2,1,2,1,3,,pending,1,0.8628461583440573,4,0.25,0,1,0,0.0004179257024759095,"[""oxygen deficit"", ""creating by removal"", ""heat shrink"", ""heat dissipation"", ""shutoff"", ""shutdown""]"
graph_00,industrial_cooling_system,0,node_012,core_shuffled_graph,shuffle_02,emergency cooling demand,Demand for emergency cooling action after thermal warning.,sensing_and_control,0,1,2,1,1,1,4,,pending,1,0.6666419128329868,7,0.14285714285714285,0,0,0,0.0004179257024759095,"[""shutdown""]"
graph_00,industrial_cooling_system,0,node_018,core_shuffled_graph,shuffle_02,production delay,Delay in production caused by cooling-system downtime.,shutdown_and_delivery,0,1,1,1,1,1,4,,pending,1,0.897601933429679,5,0.2,0,1,0,0.0004179257024759095,"[""control condition"", ""response time"", ""call delay"", ""coolant system"", ""flow control"", ""delay slot""]"
graph_00,industrial_cooling_system,0,node_000,core_shuffled_graph,shuffle_03,intake blockage severity,Severity of physical obstruction at the coolant intake.,intake_and_pressure,1,0,0,1,1,1,3,,pending,0,0.5207416632278997,9,0.1111111111111111,0,0,0,0.0004179257024759095,"[""call delay"", ""delay"", ""delay position"", ""control function""]"
graph_00,industrial_cooling_system,0,node_007,core_shuffled_graph,shuffle_03,pump pressure loss,Loss of delivered coolant pressure from wear and restricted inflow.,intake_and_pressure,0,1,2,1,2,1,3,,pending,1,0.8804073705647919,5,0.2,0,1,0,0.0004179257024759095,"[""pump failure"", ""tread wear indicator"", ""disease severity"", ""length of service"", ""severity"", ""performance degradation""]"
graph_00,industrial_cooling_system,0,node_012,core_shuffled_graph,shuffle_03,emergency cooling demand,Demand for emergency cooling action after thermal warning.,sensing_and_control,0,1,2,1,1,1,4,,pending,1,0.9389558260885557,3,0.3333333333333333,0,1,0,0.0004179257024759095,"[""threatening demand"", ""critical load"", ""global cooling"", ""forced convection"", ""funding liquidity risk"", ""change intensity""]"
graph_00,industrial_cooling_system,0,node_018,core_shuffled_graph,shuffle_03,production delay,Delay in production caused by cooling-system downtime.,shutdown_and_delivery,0,1,1,1,1,1,4,,pending,0,0.8418878263679409,11,0.09090909090909091,0,0,0,0.0004179257024759095,"[""temperature measurement"", ""unreliability"", ""temperature measure""]"
graph_00,industrial_cooling_system,0,node_000,core_shuffled_graph,shuffle_04,intake blockage severity,Severity of physical obstruction at the coolant intake.,intake_and_pressure,1,0,0,1,1,1,3,,pending,0,0.6166989309518836,12,0.08333333333333333,0,0,0,0.0004179257024759095,"[""temperature measuring device"", ""temperature measurement"", ""degree rankine"", ""unreliability"", ""thermal equilibrium"", ""thermotolerance""]"
graph_00,industrial_cooling_system,0,node_007,core_shuffled_graph,shuffle_04,pump pressure loss,Loss of delivered coolant pressure from wear and restricted inflow.,intake_and_pressure,0,1,2,1,2,1,3,,pending,0,0.7896048936508215,17,0.058823529411764705,0,0,0,0.0004179257024759095,"[""shipment"", ""delay payment"", ""shipping and handling"", ""delay position"", ""call delay"", ""time delay""]"
graph_00,industrial_cooling_system,0,node_012,core_shuffled_graph,shuffle_04,emergency cooling demand,Demand for emergency cooling action after thermal warning.,sensing_and_control,0,1,2,1,1,1,4,,pending,1,0.9183621794579471,3,0.3333333333333333,0,1,0,0.0004179257024759095,"[""intensity level"", ""climate control"", ""energy equipment services"", ""expansion cooling"", ""performance arousal"", ""heat conductivity""]"
graph_00,industrial_cooling_system,0,node_018,core_shuffled_graph,shuffle_04,production delay,Delay in production caused by cooling-system downtime.,shutdown_and_delivery,0,1,1,1,1,1,4,,pending,0,0.7974363318255306,13,0.07692307692307693,0,0,0,0.0004179257024759095,"[""temperature reduction"", ""width restriction"", ""liquid flow"", ""cool temperature"", ""cooling off period"", ""budget constraint""]"
graph_00,industrial_cooling_system,0,node_000,core_shuffled_graph,shuffle_05,intake blockage severity,Severity of physical obstruction at the coolant intake.,intake_and_pressure,1,0,0,1,1,1,3,,pending,0,0.8201937356557114,11,0.09090909090909091,0,0,0,0.0004179257024759095,"[""temperature reduction"", ""heat shrink"", ""removal module"", ""heat-absorbing"", ""unavailable energy"", ""impediment removal""]"
graph_00,industrial_cooling_system,0,node_007,core_shuffled_graph,shuffle_05,pump pressure loss,Loss of delivered coolant pressure from wear and restricted inflow.,intake_and_pressure,0,1,2,1,2,1,3,,pending,0,0.8765859737175373,15,0.06666666666666667,0,0,0,0.0004179257024759095,"[""length of service"", ""shutdown"", ""turnaround time"", ""duration"", ""delay payment"", ""pump failure""]"
graph_00,industrial_cooling_system,0,node_012,core_shuffled_graph,shuffle_05,emergency cooling demand,Demand for emergency cooling action after thermal warning.,sensing_and_control,0,1,2,1,1,1,4,,pending,1,0.9307359850339992,2,0.5,0,1,0,0.0004179257024759095,"[""climate control"", ""expansion cooling"", ""intensity level"", ""conditioned emotional response"", ""demand characteristic"", ""response time""]"
graph_00,industrial_cooling_system,0,node_018,core_shuffled_graph,shuffle_05,production delay,Delay in production caused by cooling-system downtime.,shutdown_and_delivery,0,1,1,1,1,1,4,,pending,1,0.8962987962641096,4,0.25,0,1,0,0.0004179257024759095,"[""delay payment"", ""security risk"", ""time delay"", ""call delay"", ""shipping pneumonia"", ""tail risk""]"
graph_00,industrial_cooling_system,0,node_000,core_shuffled_graph,shuffle_06,intake blockage severity,Severity of physical obstruction at the coolant intake.,intake_and_pressure,1,0,0,1,1,1,3,,pending,0,0.20851227455260327,13,0.07692307692307693,0,0,0,0.0004179257024759095,[]
graph_00,industrial_cooling_system,0,node_007,core_shuffled_graph,shuffle_06,pump pressure loss,Loss of delivered coolant pressure from wear and restricted inflow.,intake_and_pressure,0,1,2,1,2,1,3,,pending,0,0.8833980091411148,13,0.07692307692307693,0,0,0,0.0004179257024759095,"[""expansion cooling"", ""cooling process"", ""temperature coefficient"", ""change intensity"", ""climate control"", ""control condition""]"
graph_00,industrial_cooling_system,0,node_012,core_shuffled_graph,shuffle_06,emergency cooling demand,Demand for emergency cooling action after thermal warning.,sensing_and_control,0,1,2,1,1,1,4,,pending,0,0.928170432702412,3,0.3333333333333333,0,1,0,0.0004179257024759095,"[""length of service"", ""cooling off period"", ""shutdown"", ""intensity level"", ""change intensity"", ""expansion cooling""]"
graph_00,industrial_cooling_system,0,node_018,core_shuffled_graph,shuffle_06,production delay,Delay in production caused by cooling-system downtime.,shutdown_and_delivery,0,1,1,1,1,1,4,,pending,1,0.895517436324317,6,0.16666666666666666,0,0,0,0.0004179257024759095,"[""temperature measurement"", ""unreliability"", ""failed repair"", ""repairability"", ""anticipatory completion"", ""completion of construction""]"
graph_00,industrial_cooling_system,0,node_000,core_shuffled_graph,shuffle_07,intake blockage severity,Severity of physical obstruction at the coolant intake.,intake_and_pressure,1,0,0,1,1,1,3,,pending,0,0.7673655796761124,11,0.09090909090909091,0,0,0,0.0004179257024759095,"[""temperature reduction"", ""thermoreregulation"", ""flow control"", ""temperature measure"", ""coolant system"", ""speed limiter""]"
graph_00,industrial_cooling_system,0,node_007,core_shuffled_graph,shuffle_07,pump pressure loss,Loss of delivered coolant pressure from wear and restricted inflow.,intake_and_pressure,0,1,2,1,2,1,3,,pending,1,0.6873440873267008,14,0.07142857142857142,0,0,0,0.0004179257024759095,"[""unreliability"", ""temperature measurement""]"
graph_00,industrial_cooling_system,0,node_012,core_shuffled_graph,shuffle_07,emergency cooling demand,Demand for emergency cooling action after thermal warning.,sensing_and_control,0,1,2,1,1,1,4,,pending,0,0.7291878426312903,13,0.07692307692307693,0,0,0,0.0004179257024759095,"[""unreliability"", ""temperature measurement""]"
graph_00,industrial_cooling_system,0,node_018,core_shuffled_graph,shuffle_07,production delay,Delay in production caused by cooling-system downtime.,shutdown_and_delivery,0,1,1,1,1,1,4,,pending,0,0.7217718327046964,18,0.05555555555555555,0,0,0,0.0004179257024759095,"[""unreliability"", ""temperature measurement""]"
graph_00,industrial_cooling_system,0,node_000,core_shuffled_graph,shuffle_08,intake blockage severity,Severity of physical obstruction at the coolant intake.,intake_and_pressure,1,0,0,1,1,1,3,,pending,1,0.173561431893906,8,0.125,0,0,0,0.0004179257024759095,[]
graph_00,industrial_cooling_system,0,node_007,core_shuffled_graph,shuffle_08,pump pressure loss,Loss of delivered coolant pressure from wear and restricted inflow.,intake_and_pressure,0,1,2,1,2,1,3,,pending,1,-0.75109129355668,1,1.0,1,1,1,0.0004179257024759095,"[""low backlog"", ""low disease severity"", ""low maintenance costs"", ""low scheduled maintenance"", ""low severity"", ""low system maintenance""]"
graph_00,industrial_cooling_system,0,node_012,core_shuffled_graph,shuffle_08,emergency cooling demand,Demand for emergency cooling action after thermal warning.,sensing_and_control,0,1,2,1,1,1,4,,pending,0,0.8402890883205536,6,0.16666666666666666,0,0,0,0.0004179257024759095,"[""response time"", ""call delay"", ""delay"", ""control order"", ""control experiment"", ""delay position""]"
graph_00,industrial_cooling_system,0,node_018,core_shuffled_graph,shuffle_08,production delay,Delay in production caused by cooling-system downtime.,shutdown_and_delivery,0,1,1,1,1,1,4,,pending,0,0.8425567506591545,10,0.1,0,0,0,0.0004179257024759095,"[""shutdown"", ""shutting down"", ""length of service"", ""business interruption insurance"", ""funding liquidity risk"", ""turnaround time""]"
graph_00,industrial_cooling_system,0,node_000,core_shuffled_graph,shuffle_09,intake blockage severity,Severity of physical obstruction at the coolant intake.,intake_and_pressure,1,0,0,1,1,1,3,,pending,1,-0.34696928168566143,7,0.14285714285714285,0,0,0,0.0004179257024759095,[]
graph_00,industrial_cooling_system,0,node_007,core_shuffled_graph,shuffle_09,pump pressure loss,Loss of delivered coolant pressure from wear and restricted inflow.,intake_and_pressure,0,1,2,1,2,1,3,,pending,0,0.7792480077528182,12,0.08333333333333333,0,0,0,0.0004179257024759095,"[""shipment"", ""delay payment"", ""shipping and handling"", ""delay position"", ""delays"", ""propagation delay""]"
graph_00,industrial_cooling_system,0,node_012,core_shuffled_graph,shuffle_09,emergency cooling demand,Demand for emergency cooling action after thermal warning.,sensing_and_control,0,1,2,1,1,1,4,,pending,1,0.902481748373522,8,0.125,0,0,0,0.0004179257024759095,"[""shutdown"", ""response time"", ""turnaround time"", ""climate control"", ""control condition"", ""length of service""]"
graph_00,industrial_cooling_system,0,node_018,core_shuffled_graph,shuffle_09,production delay,Delay in production caused by cooling-system downtime.,shutdown_and_delivery,0,1,1,1,1,1,4,,pending,0,0.8941172939410518,14,0.07142857142857142,0,0,0,0.0004179257024759095,"[""temperature measurement"", ""unreliability"", ""temperature measure"", ""turnaround time"", ""unreachability"", ""temperature reduction""]"
graph_00,industrial_cooling_system,0,node_000,core_shuffled_graph,shuffle_10,intake blockage severity,Severity of physical obstruction at the coolant intake.,intake_and_pressure,1,0,0,1,1,1,3,,pending,0,0.49403588588148084,16,0.0625,0,0,0,0.0004179257024759095,"[""unreliability"", ""temperature measurement""]"
graph_00,industrial_cooling_system,0,node_007,core_shuffled_graph,shuffle_10,pump pressure loss,Loss of delivered coolant pressure from wear and restricted inflow.,intake_and_pressure,0,1,2,1,2,1,3,,pending,1,0.865158548428878,7,0.14285714285714285,0,0,0,0.0004179257024759095,"[""energy equipment services"", ""heat conductivity"", ""equipment failure"", ""heat content"", ""equipment"", ""remaining heat""]"
graph_00,industrial_cooling_system,0,node_012,core_shuffled_graph,shuffle_10,emergency cooling demand,Demand for emergency cooling action after thermal warning.,sensing_and_control,0,1,2,1,1,1,4,,pending,1,0.7648526993879075,5,0.2,0,1,0,0.0004179257024759095,"[""equipment"", ""heat insulation"", ""heat capacity"", ""energy equipment services"", ""heat content"", ""remaining heat""]"
graph_00,industrial_cooling_system,0,node_018,core_shuffled_graph,shuffle_10,production delay,Delay in production caused by cooling-system downtime.,shutdown_and_delivery,0,1,1,1,1,1,4,,pending,0,0.7259917316174647,19,0.05263157894736842,0,0,0,0.0004179257024759095,"[""coolant system"", ""width restriction"", ""coolant"", ""fluid flow separation""]"
graph_00,industrial_cooling_system,0,node_000,core_shuffled_graph,shuffle_11,intake blockage severity,Severity of physical obstruction at the coolant intake.,intake_and_pressure,1,0,0,1,1,1,3,,pending,0,0.784259127013135,19,0.05263157894736842,0,0,0,0.0004179257024759095,"[""heat shrink"", ""heat-absorbing"", ""equipments"", ""energy equipment services"", ""heat transmission"", ""remaining heat""]"
graph_00,industrial_cooling_system,0,node_007,core_shuffled_graph,shuffle_11,pump pressure loss,Loss of delivered coolant pressure from wear and restricted inflow.,intake_and_pressure,0,1,2,1,2,1,3,,pending,1,0.7532513941130198,2,0.5,0,1,0,0.0004179257024759095,"[""flow control"", ""width restriction"", ""coolant system""]"
graph_00,industrial_cooling_system,0,node_012,core_shuffled_graph,shuffle_11,emergency cooling demand,Demand for emergency cooling action after thermal warning.,sensing_and_control,0,1,2,1,1,1,4,,pending,0,0.1192933896791144,11,0.09090909090909091,0,0,0,0.0004179257024759095,[]
graph_00,industrial_cooling_system,0,node_018,core_shuffled_graph,shuffle_11,production delay,Delay in production caused by cooling-system downtime.,shutdown_and_delivery,0,1,1,1,1,1,4,,pending,0,0.8630909162400319,9,0.1111111111111111,0,0,0,0.0004179257024759095,"[""shutdown"", ""length of service"", ""duration"", ""turnaround time"", ""shutting down"", ""minimum connecting time""]"
graph_00,industrial_cooling_system,0,node_000,core_shuffled_graph,shuffle_12,intake blockage severity,Severity of physical obstruction at the coolant intake.,intake_and_pressure,1,0,0,1,1,1,3,,pending,1,0.8485219481427131,13,0.07692307692307693,0,0,0,0.0004179257024759095,"[""width restriction"", ""business interruption insurance"", ""temperature reduction"", ""coolant system"", ""restrictions"", ""limit situation""]"
graph_00,industrial_cooling_system,0,node_007,core_shuffled_graph,shuffle_12,pump pressure loss,Loss of delivered coolant pressure from wear and restricted inflow.,intake_and_pressure,0,1,2,1,2,1,3,,pending,1,0.8848312559648082,8,0.125,0,0,0,0.0004179257024759095,"[""temperature reduction"", ""width restriction"", ""heat shrink"", ""unavailable energy"", ""heat dissipation"", ""oxygen deficit""]"
graph_00,industrial_cooling_system,0,node_012,core_shuffled_graph,shuffle_12,emergency cooling demand,Demand for emergency cooling action after thermal warning.,sensing_and_control,0,1,2,1,1,1,4,,pending,1,0.8982733039123597,5,0.2,0,1,0,0.0004179257024759095,"[""external risk"", ""hazardous material emergency"", ""risk of exposure"", ""constant temperature"", ""extreme thermal situation"", ""thermal break""]"
graph_00,industrial_cooling_system,0,node_018,core_shuffled_graph,shuffle_12,production delay,Delay in production caused by cooling-system downtime.,shutdown_and_delivery,0,1,1,1,1,1,4,,pending,1,0.8705339603756961,10,0.1,0,0,0,0.0004179257024759095,"[""equipment casualty"", ""extreme thermal situation"", ""energy equipment services"", ""accumulation"", ""equipment failure"", ""equipments""]"
graph_00,industrial_cooling_system,0,node_000,core_shuffled_graph,shuffle_13,intake blockage severity,Severity of physical obstruction at the coolant intake.,intake_and_pressure,1,0,0,1,1,1,3,,pending,0,0.7492902341223916,8,0.125,0,0,0,0.0004179257024759095,"[""shutdown"", ""duration"", ""turnaround time"", ""operating time"", ""length of time"", ""durational""]"
graph_00,industrial_cooling_system,0,node_007,core_shuffled_graph,shuffle_13,pump pressure loss,Loss of delivered coolant pressure from wear and restricted inflow.,intake_and_pressure,0,1,2,1,2,1,3,,pending,1,0.2322301613000023,10,0.1,0,0,0,0.0004179257024759095,[]
graph_00,industrial_cooling_system,0,node_012,core_shuffled_graph,shuffle_13,emergency cooling demand,Demand for emergency cooling action after thermal warning.,sensing_and_control,0,1,2,1,1,1,4,,pending,1,0.4944388086041209,5,0.2,0,1,0,0.0004179257024759095,"[""shutdown""]"
graph_00,industrial_cooling_system,0,node_018,core_shuffled_graph,shuffle_13,production delay,Delay in production caused by cooling-system downtime.,shutdown_and_delivery,0,1,1,1,1,1,4,,pending,0,0.8543430344661126,17,0.058823529411764705,0,0,0,0.0004179257024759095,"[""temperature measure"", ""temperature indicator light"", ""security risk"", ""raise alarm"", ""setting alarm"", ""extreme thermal situation""]"
graph_00,industrial_cooling_system,0,node_000,core_shuffled_graph,shuffle_14,intake blockage severity,Severity of physical obstruction at the coolant intake.,intake_and_pressure,1,0,0,1,1,1,3,,pending,1,0.8584326742073187,6,0.16666666666666666,0,0,0,0.0004179257024759095,"[""temperature reduction"", ""coolant system"", ""flow control"", ""width restriction"", ""restricted function"", ""fluid flow separation""]"
graph_00,industrial_cooling_system,0,node_007,core_shuffled_graph,shuffle_14,pump pressure loss,Loss of delivered coolant pressure from wear and restricted inflow.,intake_and_pressure,0,1,2,1,2,1,3,,pending,1,0.8291090424599302,7,0.14285714285714285,0,0,0,0.0004179257024759095,"[""delay payment"", ""shipping pneumonia"", ""shipping and handling"", ""risks"", ""pump failure"", ""transporting goods""]"
graph_00,industrial_cooling_system,0,node_012,core_shuffled_graph,shuffle_14,emergency cooling demand,Demand for emergency cooling action after thermal warning.,sensing_and_control,0,1,2,1,1,1,4,,pending,1,0.8443424664118884,7,0.14285714285714285,0,0,0,0.0004179257024759095,"[""delayed action"", ""call delay"", ""response time"", ""control order"", ""delay position"", ""control experiment""]"
graph_00,industrial_cooling_system,0,node_018,core_shuffled_graph,shuffle_14,production delay,Delay in production caused by cooling-system downtime.,shutdown_and_delivery,0,1,1,1,1,1,4,,pending,1,0.8619457525924138,4,0.25,0,1,0,0.0004179257024759095,"[""failed repair"", ""completion of construction"", ""delay payment"", ""call delay"", ""repair to"", ""delayment""]"
graph_00,industrial_cooling_system,0,node_000,core_shuffled_graph,shuffle_15,intake blockage severity,Severity of physical obstruction at the coolant intake.,intake_and_pressure,1,0,0,1,1,1,3,,pending,0,0.413702058509298,11,0.09090909090909091,0,0,0,0.0004179257024759095,"[""pull ahead""]"
graph_00,industrial_cooling_system,0,node_007,core_shuffled_graph,shuffle_15,pump pressure loss,Loss of delivered coolant pressure from wear and restricted inflow.,intake_and_pressure,0,1,2,1,2,1,3,,pending,1,-0.7500200490170946,1,1.0,1,1,1,0.0004179257024759095,"[""low backlog"", ""low disease severity"", ""low maintenance costs"", ""low scheduled maintenance"", ""low severity"", ""low system maintenance""]"
graph_00,industrial_cooling_system,0,node_012,core_shuffled_graph,shuffle_15,emergency cooling demand,Demand for emergency cooling action after thermal warning.,sensing_and_control,0,1,2,1,1,1,4,,pending,0,0.8866373891124294,4,0.25,0,1,0,0.0004179257024759095,"[""forced bet"", ""temperature reduction"", ""unsystematic risk"", ""forced entry"", ""extreme thermal situation"", ""lowering body temperature""]"
graph_00,industrial_cooling_system,0,node_018,core_shuffled_graph,shuffle_15,production delay,Delay in production caused by cooling-system downtime.,shutdown_and_delivery,0,1,1,1,1,1,4,,pending,1,0.8853282790846586,4,0.25,0,1,0,0.0004179257024759095,"[""call delay"", ""shipping and handling"", ""delaying agent"", ""control order"", ""propagation delay"", ""delay payment""]"
graph_00,industrial_cooling_system,0,node_000,core_shuffled_graph,shuffle_16,intake blockage severity,Severity of physical obstruction at the coolant intake.,intake_and_pressure,1,0,0,1,1,1,3,,pending,0,0.871991998522027,16,0.0625,0,0,0,0.0004179257024759095,"[""heat conductivity"", ""extreme thermal situation"", ""heat transmission"", ""equipment failure"", ""delayed action"", ""response time""]"
graph_00,industrial_cooling_system,0,node_007,core_shuffled_graph,shuffle_16,pump pressure loss,Loss of delivered coolant pressure from wear and restricted inflow.,intake_and_pressure,0,1,2,1,2,1,3,,pending,1,0.8844418502382615,7,0.14285714285714285,0,0,0,0.0004179257024759095,"[""temperature reduction"", ""heat shrink"", ""heat-absorbing"", ""heat dissipation"", ""oxygen deficit"", ""unavailable energy""]"
graph_00,industrial_cooling_system,0,node_012,core_shuffled_graph,shuffle_16,emergency cooling demand,Demand for emergency cooling action after thermal warning.,sensing_and_control,0,1,2,1,1,1,4,,pending,0,0.8377681346038709,13,0.07692307692307693,0,0,0,0.0004179257024759095,"[""unreliability"", ""temperature measurement""]"
graph_00,industrial_cooling_system,0,node_018,core_shuffled_graph,shuffle_16,production delay,Delay in production caused by cooling-system downtime.,shutdown_and_delivery,0,1,1,1,1,1,4,,pending,0,0.8824909815362906,8,0.125,0,0,0,0.0004179257024759095,"[""shutdown"", ""length of service"", ""turnaround time"", ""shutting down"", ""business interruption insurance"", ""breakeven load factor""]"
graph_00,industrial_cooling_system,0,node_000,core_shuffled_graph,shuffle_17,intake blockage severity,Severity of physical obstruction at the coolant intake.,intake_and_pressure,1,0,0,1,1,1,3,,pending,0,0.7786664461853597,14,0.07142857142857142,0,0,0,0.0004179257024759095,"[""temperature reduction"", ""temperature measure"", ""temperature indicator light"", ""raise alarm"", ""heat detector"", ""security risk""]"
graph_00,industrial_cooling_system,0,node_007,core_shuffled_graph,shuffle_17,pump pressure loss,Loss of delivered coolant pressure from wear and restricted inflow.,intake_and_pressure,0,1,2,1,2,1,3,,pending,0,0.7294278365051486,14,0.07142857142857142,0,0,0,0.0004179257024759095,"[""ambient pressure"", ""heat capacity"", ""absolute temperature"", ""quantity of heat"", ""intensity level"", ""magnetic intensity""]"
graph_00,industrial_cooling_system,0,node_012,core_shuffled_graph,shuffle_17,emergency cooling demand,Demand for emergency cooling action after thermal warning.,sensing_and_control,0,1,2,1,1,1,4,,pending,0,0.8410169454635128,9,0.1111111111111111,0,0,0,0.0004179257024759095,"[""shutdown"", ""funding liquidity risk"", ""forced bet"", ""risk of infection"", ""suspend operations"", ""business interruption insurance""]"
graph_00,industrial_cooling_system,0,node_018,core_shuffled_graph,shuffle_17,production delay,Delay in production caused by cooling-system downtime.,shutdown_and_delivery,0,1,1,1,1,1,4,,pending,0,0.8588427516812125,15,0.06666666666666667,0,0,0,0.0004179257024759095,"[""equipment casualty"", ""quantity of heat"", ""temperature measurement"", ""accumulation"", ""extreme thermal situation"", ""temperature measuring device""]"
graph_00,industrial_cooling_system,0,node_000,core_shuffled_graph,shuffle_18,intake blockage severity,Severity of physical obstruction at the coolant intake.,intake_and_pressure,1,0,0,1,1,1,3,,pending,1,0.6705872642606527,9,0.1111111111111111,0,0,0,0.0004179257024759095,"[""limitation"", ""impediment removal"", ""completion"", ""delaying agent"", ""completion of construction"", ""delaying""]"
graph_00,industrial_cooling_system,0,node_007,core_shuffled_graph,shuffle_18,pump pressure loss,Loss of delivered coolant pressure from wear and restricted inflow.,intake_and_pressure,0,1,2,1,2,1,3,,pending,0,0.7725389419447374,6,0.16666666666666666,0,0,0,0.0004179257024759095,"[""completion of construction"", ""repair to"", ""delayment"", ""length of service"", ""turnaround time"", ""failed repair""]"
graph_00,industrial_cooling_system,0,node_012,core_shuffled_graph,shuffle_18,emergency cooling demand,Demand for emergency cooling action after thermal warning.,sensing_and_control,0,1,2,1,1,1,4,,pending,0,0.42408233922613126,16,0.0625,0,0,0,0.0004179257024759095,"[""repair to"", ""completion of construction"", ""turnaround time""]"
graph_00,industrial_cooling_system,0,node_018,core_shuffled_graph,shuffle_18,production delay,Delay in production caused by cooling-system downtime.,shutdown_and_delivery,0,1,1,1,1,1,4,,pending,1,0.7879484103631818,3,0.3333333333333333,0,1,0,0.0004179257024759095,"[""delayment"", ""completion of construction"", ""turnaround time"", ""repair to"", ""failed repair"", ""length of service""]"
graph_00,industrial_cooling_system,0,node_000,core_shuffled_graph,shuffle_19,intake blockage severity,Severity of physical obstruction at the coolant intake.,intake_and_pressure,1,0,0,1,1,1,3,,pending,0,0.4723193221619886,10,0.1,0,0,0,0.0004179257024759095,"[""failed repair"", ""forced bet"", ""forcing house"", ""repairs""]"
graph_00,industrial_cooling_system,0,node_007,core_shuffled_graph,shuffle_19,pump pressure loss,Loss of delivered coolant pressure from wear and restricted inflow.,intake_and_pressure,0,1,2,1,2,1,3,,pending,0,0.8705320023355112,16,0.0625,0,0,0,0.0004179257024759095,"[""coolant system"", ""extreme thermal situation"", ""temperature reduction"", ""climate control"", ""maximum and minimum thermometer"", ""temperature gradient""]"
graph_00,industrial_cooling_system,0,node_012,core_shuffled_graph,shuffle_19,emergency cooling demand,Demand for emergency cooling action after thermal warning.,sensing_and_control,0,1,2,1,1,1,4,,pending,0,0.8659009668372388,6,0.16666666666666666,0,0,0,0.0004179257024759095,"[""shutdown"", ""duration"", ""shutting down"", ""length of service"", ""intensity level"", ""equivalent potential temperature""]"
graph_00,industrial_cooling_system,0,node_018,core_shuffled_graph,shuffle_19,production delay,Delay in production caused by cooling-system downtime.,shutdown_and_delivery,0,1,1,1,1,1,4,,pending,0,0.8176047895276122,19,0.05263157894736842,0,0,0,0.0004179257024759095,"[""drift meter"", ""severity"", ""sensor system"", ""extreme thermal situation"", ""disease severity"", ""default configuration fault""]"
graph_00,industrial_cooling_system,1,node_001,uniform,,coolant contamination intensity,Intensity of particulate contamination entering the coolant loop.,intake_and_pressure,1,0,0,1,1,1,4,,pending,1,0.9233904121488898,8,0.125,0,0,0,0.000437770980640348,"[""extreme thermal situation"", ""severity"", ""pump failure"", ""performance degradation"", ""call delay"", ""run temperature""]"
graph_00,industrial_cooling_system,1,node_008,uniform,,heat removal deficit,Deficit in the loop's ability to remove process heat.,heat_management,0,1,2,1,2,1,4,,pending,1,0.9216161551730222,9,0.1111111111111111,0,0,0,0.000437770980640348,"[""extreme thermal situation"", ""severity"", ""pump failure"", ""performance degradation"", ""call delay"", ""run temperature""]"
graph_00,industrial_cooling_system,1,node_013,uniform,,temperature measurement unreliability,Unreliability of equipment temperature measurements caused by calibration drift and heat-driven sensor saturation.,sensing_and_control,0,1,2,1,1,1,4,,pending,1,0.906734173293726,20,0.05,0,0,0,0.000437770980640348,"[""extreme thermal situation"", ""severity"", ""pump failure"", ""performance degradation"", ""call delay"", ""run temperature""]"
graph_00,industrial_cooling_system,1,node_019,uniform,,shipment delay risk,Risk that production delay propagates to outbound shipments.,shutdown_and_delivery,0,1,1,0,0,1,4,,pending,1,0.9068817653360656,19,0.05263157894736842,0,0,0,0.000437770980640348,"[""extreme thermal situation"", ""severity"", ""pump failure"", ""performance degradation"", ""call delay"", ""run temperature""]"
graph_00,industrial_cooling_system,1,node_001,raw_correlation,,coolant contamination intensity,Intensity of particulate contamination entering the coolant loop.,intake_and_pressure,1,0,0,1,1,1,4,,pending,1,0.9245158548459299,4,0.25,0,1,0,0.000437770980640348,"[""coolant system"", ""extreme thermal situation"", ""climate control"", ""run temperature"", ""performance degradation"", ""demand valve""]"
graph_00,industrial_cooling_system,1,node_008,raw_correlation,,heat removal deficit,Deficit in the loop's ability to remove process heat.,heat_management,0,1,2,1,2,1,4,,pending,1,0.9230617403522718,6,0.16666666666666666,0,0,0,0.000437770980640348,"[""extreme thermal situation"", ""coolant system"", ""pump failure"", ""run temperature"", ""cooling off period"", ""call delay""]"
graph_00,industrial_cooling_system,1,node_013,raw_correlation,,temperature measurement unreliability,Unreliability of equipment temperature measurements caused by calibration drift and heat-driven sensor saturation.,sensing_and_control,0,1,2,1,1,1,4,,pending,1,0.9086841583371625,18,0.05555555555555555,0,0,0,0.000437770980640348,"[""extreme thermal situation"", ""climate control"", ""equipment failure"", ""severity"", ""call delay"", ""performance degradation""]"
graph_00,industrial_cooling_system,1,node_019,raw_correlation,,shipment delay risk,Risk that production delay propagates to outbound shipments.,shutdown_and_delivery,0,1,1,0,0,1,4,,pending,1,0.9113048662667661,15,0.06666666666666667,0,0,0,0.000437770980640348,"[""extreme thermal situation"", ""call delay"", ""equipment failure"", ""run temperature"", ""climate control"", ""performance degradation""]"
graph_00,industrial_cooling_system,1,node_001,core_oracle_estimated_weights,,coolant contamination intensity,Intensity of particulate contamination entering the coolant loop.,intake_and_pressure,1,0,0,1,1,1,4,,pending,1,0.6094464120241153,2,0.5,0,1,0,0.000437770980640348,"[""coolant system"", ""coolant""]"
graph_00,industrial_cooling_system,1,node_008,core_oracle_estimated_weights,,heat removal deficit,Deficit in the loop's ability to remove process heat.,heat_management,0,1,2,1,2,1,4,,pending,1,0.9027011829385397,7,0.14285714285714285,0,0,0,0.000437770980640348,"[""coolant system"", ""expansion cooling"", ""reduce pressure"", ""rate of flow"", ""cooling air"", ""compression pump""]"
graph_00,industrial_cooling_system,1,node_013,core_oracle_estimated_weights,,temperature measurement unreliability,Unreliability of equipment temperature measurements caused by calibration drift and heat-driven sensor saturation.,sensing_and_control,0,1,2,1,1,1,4,,pending,1,0.8873130933953995,4,0.25,0,1,0,0.000437770980640348,"[""drift meter"", ""sensor system"", ""electronic stability control"", ""performance degradation"", ""equipment failure"", ""severity""]"
graph_00,industrial_cooling_system,1,node_019,core_oracle_estimated_weights,,shipment delay risk,Risk that production delay propagates to outbound shipments.,shutdown_and_delivery,0,1,1,0,0,1,4,,pending,1,0.8691990565447841,2,0.5,0,1,0,0.000437770980640348,"[""delays"", ""stop production"", ""production order"", ""delayed"", ""production cost"", ""production""]"
graph_00,industrial_cooling_system,1,node_001,core_oracle_true_weights,,coolant contamination intensity,Intensity of particulate contamination entering the coolant loop.,intake_and_pressure,1,0,0,1,1,1,4,,pending,1,0.5984658255393948,2,0.5,0,1,0,0.000437770980640348,"[""coolant system"", ""coolant""]"
graph_00,industrial_cooling_system,1,node_008,core_oracle_true_weights,,heat removal deficit,Deficit in the loop's ability to remove process heat.,heat_management,0,1,2,1,2,1,4,,pending,1,0.8946827445144608,6,0.16666666666666666,0,0,0,0.000437770980640348,"[""coolant system"", ""reduce pressure"", ""pump failure"", ""flow rate"", ""rate of flow"", ""width restriction""]"
graph_00,industrial_cooling_system,1,node_013,core_oracle_true_weights,,temperature measurement unreliability,Unreliability of equipment temperature measurements caused by calibration drift and heat-driven sensor saturation.,sensing_and_control,0,1,2,1,1,1,4,,pending,1,0.8951768831460832,4,0.25,0,1,0,0.000437770980640348,"[""drift meter"", ""sensor system"", ""equipment failure"", ""severity"", ""performance degradation"", ""extreme thermal situation""]"
graph_00,industrial_cooling_system,1,node_019,core_oracle_true_weights,,shipment delay risk,Risk that production delay propagates to outbound shipments.,shutdown_and_delivery,0,1,1,0,0,1,4,,pending,1,0.8795881926578447,3,0.3333333333333333,0,1,0,0.000437770980640348,"[""production order"", ""delays"", ""delayed"", ""stop production"", ""production cost"", ""broadcast delay""]"
graph_00,industrial_cooling_system,1,node_001,core_reversed_graph,,coolant contamination intensity,Intensity of particulate contamination entering the coolant loop.,intake_and_pressure,1,0,0,1,1,1,4,,pending,1,0.8753109491753207,2,0.5,0,1,0,0.000437770980640348,"[""coolant system"", ""coolant"", ""width restriction"", ""flow control"", ""field restriction""]"
graph_00,industrial_cooling_system,1,node_008,core_reversed_graph,,heat removal deficit,Deficit in the loop's ability to remove process heat.,heat_management,0,1,2,1,2,1,4,,pending,1,0.9097780009772427,7,0.14285714285714285,0,0,0,0.000437770980640348,"[""coolant system"", ""cooling air"", ""peak flow meter"", ""volume heat capacity"", ""heat capacity"", ""width restriction""]"
graph_00,industrial_cooling_system,1,node_013,core_reversed_graph,,temperature measurement unreliability,Unreliability of equipment temperature measurements caused by calibration drift and heat-driven sensor saturation.,sensing_and_control,0,1,2,1,1,1,4,,pending,1,0.7846236099441197,6,0.16666666666666666,0,0,0,0.000437770980640348,"[""drift meter"", ""delayed action"", ""adaptive control function"", ""performance degradation"", ""electronic stability control"", ""technology hardware equipment""]"
graph_00,industrial_cooling_system,1,node_019,core_reversed_graph,,shipment delay risk,Risk that production delay propagates to outbound shipments.,shutdown_and_delivery,0,1,1,0,0,1,4,,pending,1,0.8956316114633589,2,0.5,0,1,0,0.000437770980640348,"[""production order"", ""delays"", ""delayed"", ""broadcast delay"", ""stop production"", ""production cost""]"
graph_00,industrial_cooling_system,1,node_001,core_shuffled_graph,shuffle_00,coolant contamination intensity,Intensity of particulate contamination entering the coolant loop.,intake_and_pressure,1,0,0,1,1,1,4,,pending,1,0.6871087820312506,4,0.25,0,1,0,0.000437770980640348,"[""shut down"", ""forced entry"", ""forced bet"", ""bypass condenser"", ""draftproofing"", ""suspend operations""]"
graph_00,industrial_cooling_system,1,node_008,core_shuffled_graph,shuffle_00,heat removal deficit,Deficit in the loop's ability to remove process heat.,heat_management,0,1,2,1,2,1,4,,pending,1,0.7815029672875535,11,0.09090909090909091,0,0,0,0.000437770980640348,"[""shutdown"", ""length of service"", ""turnaround time""]"
graph_00,industrial_cooling_system,1,node_013,core_shuffled_graph,shuffle_00,temperature measurement unreliability,Unreliability of equipment temperature measurements caused by calibration drift and heat-driven sensor saturation.,sensing_and_control,0,1,2,1,1,1,4,,pending,1,0.8989129061135489,8,0.125,0,0,0,0.000437770980640348,"[""extreme thermal situation"", ""equipment failure"", ""heat transmission"", ""heat conductivity"", ""electrical equipment"", ""accumulation point""]"
graph_00,industrial_cooling_system,1,node_019,core_shuffled_graph,shuffle_00,shipment delay risk,Risk that production delay propagates to outbound shipments.,shutdown_and_delivery,0,1,1,0,0,1,4,,pending,1,0.2348479727205487,11,0.09090909090909091,0,0,0,0.000437770980640348,[]
graph_00,industrial_cooling_system,1,node_001,core_shuffled_graph,shuffle_01,coolant contamination intensity,Intensity of particulate contamination entering the coolant loop.,intake_and_pressure,1,0,0,1,1,1,4,,pending,0,0.8528571069879705,4,0.25,0,1,0,0.000437770980640348,"[""emergency relief"", ""extreme thermal situation"", ""evaporative cooling"", ""threatening demand"", ""expansion cooling"", ""theoretical oxygen demand""]"
graph_00,industrial_cooling_system,1,node_008,core_shuffled_graph,shuffle_01,heat removal deficit,Deficit in the loop's ability to remove process heat.,heat_management,0,1,2,1,2,1,4,,pending,0,0.8989969437570049,5,0.2,0,1,0,0.000437770980640348,"[""pump failure"", ""pressure regulator"", ""temperature reduction"", ""temperature indicator light"", ""loss prevention"", ""climate control""]"
graph_00,industrial_cooling_system,1,node_013,core_shuffled_graph,shuffle_01,temperature measurement unreliability,Unreliability of equipment temperature measurements caused by calibration drift and heat-driven sensor saturation.,sensing_and_control,0,1,2,1,1,1,4,,pending,0,0.8111892324528378,17,0.058823529411764705,0,0,0,0.000437770980640348,"[""emergency relief"", ""extreme thermal situation"", ""evaporative cooling"", ""threatening demand"", ""expansion cooling"", ""theoretical oxygen demand""]"
graph_00,industrial_cooling_system,1,node_019,core_shuffled_graph,shuffle_01,shipment delay risk,Risk that production delay propagates to outbound shipments.,shutdown_and_delivery,0,1,1,0,0,1,4,,pending,1,0.8285620035962581,19,0.05263157894736842,0,0,0,0.000437770980640348,"[""emergency relief"", ""extreme thermal situation"", ""evaporative cooling"", ""threatening demand"", ""expansion cooling"", ""oxygen demand""]"
graph_00,industrial_cooling_system,1,node_001,core_shuffled_graph,shuffle_02,coolant contamination intensity,Intensity of particulate contamination entering the coolant loop.,intake_and_pressure,1,0,0,1,1,1,4,,pending,1,0.8445456820139987,4,0.25,0,1,0,0.000437770980640348,"[""drift meter"", ""sensor system"", ""angle of drift"", ""disease severity"", ""driftiness"", ""severity""]"
graph_00,industrial_cooling_system,1,node_008,core_shuffled_graph,shuffle_02,heat removal deficit,Deficit in the loop's ability to remove process heat.,heat_management,0,1,2,1,2,1,4,,pending,1,0.6435249212931419,4,0.25,0,1,0,0.000437770980640348,"[""pump failure"", ""reduce pressure"", ""compression pump"", ""pressure drop"", ""positive displacement pump"", ""oil pressure""]"
graph_00,industrial_cooling_system,1,node_013,core_shuffled_graph,shuffle_02,temperature measurement unreliability,Unreliability of equipment temperature measurements caused by calibration drift and heat-driven sensor saturation.,sensing_and_control,0,1,2,1,1,1,4,,pending,0,0.8561451967665713,16,0.0625,0,0,0,0.000437770980640348,"[""shutdown"", ""turnaround time"", ""response time"", ""control condition"", ""control brief"", ""delayed action""]"
graph_00,industrial_cooling_system,1,node_019,core_shuffled_graph,shuffle_02,shipment delay risk,Risk that production delay propagates to outbound shipments.,shutdown_and_delivery,0,1,1,0,0,1,4,,pending,0,0.8078273888593668,11,0.09090909090909091,0,0,0,0.000437770980640348,"[""drift meter"", ""sensor system"", ""angle of drift"", ""disease severity"", ""driftiness"", ""severity""]"
graph_00,industrial_cooling_system,1,node_001,core_shuffled_graph,shuffle_03,coolant contamination intensity,Intensity of particulate contamination entering the coolant loop.,intake_and_pressure,1,0,0,1,1,1,4,,pending,0,0.3380263483730466,15,0.06666666666666667,0,0,0,0.000437770980640348,"[""alarm gauge""]"
graph_00,industrial_cooling_system,1,node_008,core_shuffled_graph,shuffle_03,heat removal deficit,Deficit in the loop's ability to remove process heat.,heat_management,0,1,2,1,2,1,4,,pending,0,0.11497770323937548,10,0.1,0,0,0,0.000437770980640348,[]
graph_00,industrial_cooling_system,1,node_013,core_shuffled_graph,shuffle_03,temperature measurement unreliability,Unreliability of equipment temperature measurements caused by calibration drift and heat-driven sensor saturation.,sensing_and_control,0,1,2,1,1,1,4,,pending,0,0.8978684790508653,5,0.2,0,1,0,0.000437770980640348,"[""temperature indicator light"", ""security risk"", ""setting alarm"", ""temperature coefficient"", ""temperature gradient"", ""raise alarm""]"
graph_00,industrial_cooling_system,1,node_019,core_shuffled_graph,shuffle_03,shipment delay risk,Risk that production delay propagates to outbound shipments.,shutdown_and_delivery,0,1,1,0,0,1,4,,pending,0,0.8979747521106229,3,0.3333333333333333,0,1,0,0.000437770980640348,"[""failed repair"", ""delays"", ""delay payment"", ""delayment"", ""call delay"", ""time delay""]"
graph_00,industrial_cooling_system,1,node_001,core_shuffled_graph,shuffle_04,coolant contamination intensity,Intensity of particulate contamination entering the coolant loop.,intake_and_pressure,1,0,0,1,1,1,4,,pending,0,0.812165862670144,6,0.16666666666666666,0,0,0,0.000437770980640348,"[""heat conductance"", ""piece of equipment"", ""test equipment"", ""heat capacity"", ""technology hardware equipment"", ""equipments""]"
graph_00,industrial_cooling_system,1,node_008,core_shuffled_graph,shuffle_04,heat removal deficit,Deficit in the loop's ability to remove process heat.,heat_management,0,1,2,1,2,1,4,,pending,0,0.9151344330953799,7,0.14285714285714285,0,0,0,0.000437770980640348,"[""heat capacity"", ""coolant system"", ""cooling air"", ""expansion cooling"", ""change intensity"", ""extreme thermal situation""]"
graph_00,industrial_cooling_system,1,node_013,core_shuffled_graph,shuffle_04,temperature measurement unreliability,Unreliability of equipment temperature measurements caused by calibration drift and heat-driven sensor saturation.,sensing_and_control,0,1,2,1,1,1,4,,pending,0,0.8393229214197282,8,0.125,0,0,0,0.000437770980640348,"[""drift meter"", ""disease severity"", ""severity"", ""sensor system"", ""driftiness"", ""performance degradation""]"
graph_00,industrial_cooling_system,1,node_019,core_shuffled_graph,shuffle_04,shipment delay risk,Risk that production delay propagates to outbound shipments.,shutdown_and_delivery,0,1,1,0,0,1,4,,pending,0,0.750277734820432,7,0.14285714285714285,0,0,0,0.000437770980640348,"[""pump failure"", ""reduce pressure"", ""pressure drop"", ""compression pump"", ""oil pressure""]"
graph_00,industrial_cooling_system,1,node_001,core_shuffled_graph,shuffle_05,coolant contamination intensity,Intensity of particulate contamination entering the coolant loop.,intake_and_pressure,1,0,0,1,1,1,4,,pending,0,0.6265660624715047,11,0.09090909090909091,0,0,0,0.000437770980640348,"[""delays"", ""production order"", ""call delay"", ""delayment"", ""delay line"", ""propagation delay""]"
graph_00,industrial_cooling_system,1,node_008,core_shuffled_graph,shuffle_05,heat removal deficit,Deficit in the loop's ability to remove process heat.,heat_management,0,1,2,1,2,1,4,,pending,0,0.7708975430929419,9,0.1111111111111111,0,0,0,0.000437770980640348,"[""blockage"", ""intake"", ""blockages"", ""intakes"", ""disease severity""]"
graph_00,industrial_cooling_system,1,node_013,core_shuffled_graph,shuffle_05,temperature measurement unreliability,Unreliability of equipment temperature measurements caused by calibration drift and heat-driven sensor saturation.,sensing_and_control,0,1,2,1,1,1,4,,pending,0,0.8525495912557151,13,0.07692307692307693,0,0,0,0.000437770980640348,"[""heat production"", ""remaining heat"", ""equipment casualty"", ""electrical equipment"", ""turnaround time"", ""test equipment""]"
graph_00,industrial_cooling_system,1,node_019,core_shuffled_graph,shuffle_05,shipment delay risk,Risk that production delay propagates to outbound shipments.,shutdown_and_delivery,0,1,1,0,0,1,4,,pending,1,0.8507896885502365,3,0.3333333333333333,0,1,0,0.000437770980640348,"[""production order"", ""delays"", ""broadcast delay"", ""delayed"", ""stop production"", ""call delay""]"
graph_00,industrial_cooling_system,1,node_001,core_shuffled_graph,shuffle_06,coolant contamination intensity,Intensity of particulate contamination entering the coolant loop.,intake_and_pressure,1,0,0,1,1,1,4,,pending,0,0.15973888290070723,8,0.125,0,0,0,0.000437770980640348,[]
graph_00,industrial_cooling_system,1,node_008,core_shuffled_graph,shuffle_06,heat removal deficit,Deficit in the loop's ability to remove process heat.,heat_management,0,1,2,1,2,1,4,,pending,0,0.7816292342244869,15,0.06666666666666667,0,0,0,0.000437770980640348,"[""backlog"", ""disease severity"", ""maintenance costs"", ""severity"", ""scheduled maintenance"", ""system maintenance""]"
graph_00,industrial_cooling_system,1,node_013,core_shuffled_graph,shuffle_06,temperature measurement unreliability,Unreliability of equipment temperature measurements caused by calibration drift and heat-driven sensor saturation.,sensing_and_control,0,1,2,1,1,1,4,,pending,1,0.8579156463120672,9,0.1111111111111111,0,0,0,0.000437770980640348,"[""compression pump"", ""pressure drop"", ""pump failure"", ""performance degradation"", ""pressure level"", ""oil pressure""]"
graph_00,industrial_cooling_system,1,node_019,core_shuffled_graph,shuffle_06,shipment delay risk,Risk that production delay propagates to outbound shipments.,shutdown_and_delivery,0,1,1,0,0,1,4,,pending,1,0.831319789182864,5,0.2,0,1,0,0.000437770980640348,"[""shutdown"", ""forced bet"", ""forced entry"", ""risk of infection"", ""funding liquidity risk"", ""unsystematic risk""]"
graph_00,industrial_cooling_system,1,node_001,core_shuffled_graph,shuffle_07,coolant contamination intensity,Intensity of particulate contamination entering the coolant loop.,intake_and_pressure,1,0,0,1,1,1,4,,pending,1,0.8811515517170277,6,0.16666666666666666,0,0,0,0.000437770980640348,"[""extreme thermal situation"", ""emergency measure"", ""expansion cooling"", ""coolant system"", ""energy equipment services"", ""demand valve""]"
graph_00,industrial_cooling_system,1,node_008,core_shuffled_graph,shuffle_07,heat removal deficit,Deficit in the loop's ability to remove process heat.,heat_management,0,1,2,1,2,1,4,,pending,0,0.38472426837561197,16,0.0625,0,0,0,0.000437770980640348,"[""delay position"", ""delay"", ""control function""]"
graph_00,industrial_cooling_system,1,node_013,core_shuffled_graph,shuffle_07,temperature measurement unreliability,Unreliability of equipment temperature measurements caused by calibration drift and heat-driven sensor saturation.,sensing_and_control,0,1,2,1,1,1,4,,pending,0,0.862789616223933,11,0.09090909090909091,0,0,0,0.000437770980640348,"[""extreme thermal situation"", ""energy equipment services"", ""heat production"", ""equipment casualty"", ""heat capacity"", ""equipment""]"
graph_00,industrial_cooling_system,1,node_019,core_shuffled_graph,shuffle_07,shipment delay risk,Risk that production delay propagates to outbound shipments.,shutdown_and_delivery,0,1,1,0,0,1,4,,pending,0,0.8990778329783699,4,0.25,0,1,0,0.000437770980640348,"[""call delay"", ""response time"", ""delayed action"", ""control condition"", ""delay slot"", ""performance degradation""]"
graph_00,industrial_cooling_system,1,node_001,core_shuffled_graph,shuffle_08,coolant contamination intensity,Intensity of particulate contamination entering the coolant loop.,intake_and_pressure,1,0,0,1,1,1,4,,pending,1,0.8549158908616827,5,0.2,0,1,0,0.000437770980640348,"[""temperature measure"", ""cold shut"", ""width restriction"", ""thermal break"", ""shutdown"", ""turnaround time""]"
graph_00,industrial_cooling_system,1,node_008,core_shuffled_graph,shuffle_08,heat removal deficit,Deficit in the loop's ability to remove process heat.,heat_management,0,1,2,1,2,1,4,,pending,0,0.7543623027251037,10,0.1,0,0,0,0.000437770980640348,"[""raise alarm"", ""temperature indicator light"", ""alarmer"", ""temperature measure"", ""security risk"", ""alarm gauge""]"
graph_00,industrial_cooling_system,1,node_013,core_shuffled_graph,shuffle_08,temperature measurement unreliability,Unreliability of equipment temperature measurements caused by calibration drift and heat-driven sensor saturation.,sensing_and_control,0,1,2,1,1,1,4,,pending,1,0.7766411681380623,4,0.25,0,1,0,0.000437770980640348,"[""raise alarm"", ""temperature indicator light"", ""alarmer"", ""alarm gauge"", ""heat detector"", ""security risk""]"
graph_00,industrial_cooling_system,1,node_019,core_shuffled_graph,shuffle_08,shipment delay risk,Risk that production delay propagates to outbound shipments.,shutdown_and_delivery,0,1,1,0,0,1,4,,pending,0,0.842592621679062,19,0.05263157894736842,0,0,0,0.000437770980640348,"[""ambient pressure"", ""heat capacity"", ""intensity level"", ""extreme thermal situation"", ""absolute temperature"", ""quantity of heat""]"
graph_00,industrial_cooling_system,1,node_001,core_shuffled_graph,shuffle_09,coolant contamination intensity,Intensity of particulate contamination entering the coolant loop.,intake_and_pressure,1,0,0,1,1,1,4,,pending,0,0.8895011134262952,5,0.2,0,1,0,0.000437770980640348,"[""response time"", ""expansion cooling"", ""control condition"", ""cooling air"", ""evaporative cooling"", ""climate control""]"
graph_00,industrial_cooling_system,1,node_008,core_shuffled_graph,shuffle_09,heat removal deficit,Deficit in the loop's ability to remove process heat.,heat_management,0,1,2,1,2,1,4,,pending,0,0.8438120663886237,10,0.1,0,0,0,0.000437770980640348,"[""pump failure"", ""coolant system"", ""tread wear indicator"", ""engine cooling system"", ""demand valve"", ""use wear analysis""]"
graph_00,industrial_cooling_system,1,node_013,core_shuffled_graph,shuffle_09,temperature measurement unreliability,Unreliability of equipment temperature measurements caused by calibration drift and heat-driven sensor saturation.,sensing_and_control,0,1,2,1,1,1,4,,pending,0,0.5618737148291953,7,0.14285714285714285,0,0,0,0.000437770980640348,"[""delayed"", ""production"", ""production order"", ""broadcast delay"", ""delays"", ""pre production""]"
graph_00,industrial_cooling_system,1,node_019,core_shuffled_graph,shuffle_09,shipment delay risk,Risk that production delay propagates to outbound shipments.,shutdown_and_delivery,0,1,1,0,0,1,4,,pending,0,0.8067424428260517,16,0.0625,0,0,0,0.000437770980640348,"[""temperature measuring device"", ""pressure level"", ""energy equipment services"", ""pump failure"", ""heat pump"", ""equipment failure""]"
graph_00,industrial_cooling_system,1,node_001,core_shuffled_graph,shuffle_10,coolant contamination intensity,Intensity of particulate contamination entering the coolant loop.,intake_and_pressure,1,0,0,1,1,1,4,,pending,0,0.863320411920627,8,0.125,0,0,0,0.000437770980640348,"[""loss prevention"", ""temperature indicator light"", ""cold temperature activity"", ""equipment failure"", ""temperature gauge"", ""temperature measure""]"
graph_00,industrial_cooling_system,1,node_008,core_shuffled_graph,shuffle_10,heat removal deficit,Deficit in the loop's ability to remove process heat.,heat_management,0,1,2,1,2,1,4,,pending,1,0.8996187599677703,6,0.16666666666666666,0,0,0,0.000437770980640348,"[""extreme thermal situation"", ""temperature indicator light"", ""temperature measure"", ""heat detector"", ""cold temperature activity"", ""alarm gauge""]"
graph_00,industrial_cooling_system,1,node_013,core_shuffled_graph,shuffle_10,temperature measurement unreliability,Unreliability of equipment temperature measurements caused by calibration drift and heat-driven sensor saturation.,sensing_and_control,0,1,2,1,1,1,4,,pending,1,0.8859340715097915,5,0.2,0,1,0,0.000437770980640348,"[""drift meter"", ""equipment failure"", ""extreme thermal situation"", ""sensor system"", ""severity"", ""angle of drift""]"
graph_00,industrial_cooling_system,1,node_019,core_shuffled_graph,shuffle_10,shipment delay risk,Risk that production delay propagates to outbound shipments.,shutdown_and_delivery,0,1,1,0,0,1,4,,pending,0,0.8119860003710654,18,0.05555555555555555,0,0,0,0.000437770980640348,"[""length of service"", ""shutdown"", ""equipment casualty"", ""performance degradation"", ""turnaround time"", ""duration""]"
graph_00,industrial_cooling_system,1,node_001,core_shuffled_graph,shuffle_11,coolant contamination intensity,Intensity of particulate contamination entering the coolant loop.,intake_and_pressure,1,0,0,1,1,1,4,,pending,1,0.7806421515640669,2,0.5,0,1,0,0.000437770980640348,"[""coolant system"", ""coolant"", ""width restriction""]"
graph_00,industrial_cooling_system,1,node_008,core_shuffled_graph,shuffle_11,heat removal deficit,Deficit in the loop's ability to remove process heat.,heat_management,0,1,2,1,2,1,4,,pending,1,0.8970755379838987,6,0.16666666666666666,0,0,0,0.000437770980640348,"[""equipment failure"", ""extreme thermal situation"", ""equipment casualty"", ""completion of construction"", ""energy equipment services"", ""heat transmission""]"
graph_00,industrial_cooling_system,1,node_013,core_shuffled_graph,shuffle_11,temperature measurement unreliability,Unreliability of equipment temperature measurements caused by calibration drift and heat-driven sensor saturation.,sensing_and_control,0,1,2,1,1,1,4,,pending,0,0.857951370810319,5,0.2,0,1,0,0.000437770980640348,"[""drift meter"", ""test equipment"", ""control engineering"", ""delayed action"", ""electronic stability control"", ""time-delay measuring instrument""]"
graph_00,industrial_cooling_system,1,node_019,core_shuffled_graph,shuffle_11,shipment delay risk,Risk that production delay propagates to outbound shipments.,shutdown_and_delivery,0,1,1,0,0,1,4,,pending,0,0.8173953320892103,15,0.06666666666666667,0,0,0,0.000437770980640348,"[""pump failure"", ""disease severity"", ""tread wear indicator"", ""severity"", ""pumpability"", ""use wear analysis""]"
graph_00,industrial_cooling_system,1,node_001,core_shuffled_graph,shuffle_12,coolant contamination intensity,Intensity of particulate contamination entering the coolant loop.,intake_and_pressure,1,0,0,1,1,1,4,,pending,0,0.8064756826607836,6,0.16666666666666666,0,0,0,0.000437770980640348,"[""failed repair"", ""locked fault"", ""stop loss order"", ""coolant system"", ""shutdown"", ""inspection and repair""]"
graph_00,industrial_cooling_system,1,node_008,core_shuffled_graph,shuffle_12,heat removal deficit,Deficit in the loop's ability to remove process heat.,heat_management,0,1,2,1,2,1,4,,pending,1,0.6238605692321594,3,0.3333333333333333,0,1,0,0.000437770980640348,"[""pump failure"", ""compression pump""]"
graph_00,industrial_cooling_system,1,node_013,core_shuffled_graph,shuffle_12,temperature measurement unreliability,Unreliability of equipment temperature measurements caused by calibration drift and heat-driven sensor saturation.,sensing_and_control,0,1,2,1,1,1,4,,pending,0,0.7751603464319785,12,0.08333333333333333,0,0,0,0.000437770980640348,"[""coolant system"", ""width restriction"", ""coolant"", ""fluid flow separation""]"
graph_00,industrial_cooling_system,1,node_019,core_shuffled_graph,shuffle_12,shipment delay risk,Risk that production delay propagates to outbound shipments.,shutdown_and_delivery,0,1,1,0,0,1,4,,pending,1,0.7895106704852803,9,0.1111111111111111,0,0,0,0.000437770980640348,"[""emergency measure"", ""funding liquidity risk"", ""forced entry"", ""forced error"", ""shutdown"", ""external risk""]"
graph_00,industrial_cooling_system,1,node_001,core_shuffled_graph,shuffle_13,coolant contamination intensity,Intensity of particulate contamination entering the coolant loop.,intake_and_pressure,1,0,0,1,1,1,4,,pending,0,0.8443964770389714,14,0.07142857142857142,0,0,0,0.000437770980640348,"[""equipment failure"", ""test equipment"", ""thermal relay"", ""heat insulation"", ""remaining heat"", ""energy equipment services""]"
graph_00,industrial_cooling_system,1,node_008,core_shuffled_graph,shuffle_13,heat removal deficit,Deficit in the loop's ability to remove process heat.,heat_management,0,1,2,1,2,1,4,,pending,0,0.8214331187718111,6,0.16666666666666666,0,0,0,0.000437770980640348,"[""change intensity"", ""expansion cooling"", ""cooling"", ""intensity level"", ""cooling air"", ""demand characteristic""]"
graph_00,industrial_cooling_system,1,node_013,core_shuffled_graph,shuffle_13,temperature measurement unreliability,Unreliability of equipment temperature measurements caused by calibration drift and heat-driven sensor saturation.,sensing_and_control,0,1,2,1,1,1,4,,pending,1,0.8397951503773109,5,0.2,0,1,0,0.000437770980640348,"[""drift meter"", ""sensor system"", ""angle of drift"", ""driftiness"", ""severity"", ""sensors""]"
graph_00,industrial_cooling_system,1,node_019,core_shuffled_graph,shuffle_13,shipment delay risk,Risk that production delay propagates to outbound shipments.,shutdown_and_delivery,0,1,1,0,0,1,4,,pending,1,0.8650027146911002,7,0.14285714285714285,0,0,0,0.000437770980640348,"[""shutdown"", ""forced bet"", ""stop production"", ""risk of infection"", ""forced entry"", ""business interruption insurance""]"
graph_00,industrial_cooling_system,1,node_001,core_shuffled_graph,shuffle_14,coolant contamination intensity,Intensity of particulate contamination entering the coolant loop.,intake_and_pressure,1,0,0,1,1,1,4,,pending,0,0.7605928404419133,7,0.14285714285714285,0,0,0,0.000437770980640348,"[""ambient pressure"", ""heat capacity"", ""magnetic intensity"", ""absolute temperature"", ""intensity level"", ""quantity of heat""]"
graph_00,industrial_cooling_system,1,node_008,core_shuffled_graph,shuffle_14,heat removal deficit,Deficit in the loop's ability to remove process heat.,heat_management,0,1,2,1,2,1,4,,pending,0,0.9027564761028779,7,0.14285714285714285,0,0,0,0.000437770980640348,"[""change intensity"", ""demand feeding"", ""disease severity"", ""expansion cooling"", ""cooling air"", ""intensity level""]"
graph_00,industrial_cooling_system,1,node_013,core_shuffled_graph,shuffle_14,temperature measurement unreliability,Unreliability of equipment temperature measurements caused by calibration drift and heat-driven sensor saturation.,sensing_and_control,0,1,2,1,1,1,4,,pending,0,0.7084919167125471,11,0.09090909090909091,0,0,0,0.000437770980640348,"[""call delay"", ""control order"", ""control function"", ""response time"", ""delayed action"", ""delay""]"
graph_00,industrial_cooling_system,1,node_019,core_shuffled_graph,shuffle_14,shipment delay risk,Risk that production delay propagates to outbound shipments.,shutdown_and_delivery,0,1,1,0,0,1,4,,pending,0,0.7138773354428719,16,0.0625,0,0,0,0.000437770980640348,"[""pump failure"", ""reduce pressure"", ""pressure regulator"", ""pressure drop"", ""loss ratio"", ""positive displacement pump""]"
graph_00,industrial_cooling_system,1,node_001,core_shuffled_graph,shuffle_15,coolant contamination intensity,Intensity of particulate contamination entering the coolant loop.,intake_and_pressure,1,0,0,1,1,1,4,,pending,1,0.8442261883019908,11,0.09090909090909091,0,0,0,0.000437770980640348,"[""threatening demand"", ""demand valve"", ""urgent need"", ""emergency relief"", ""pump failure"", ""expansion cooling""]"
graph_00,industrial_cooling_system,1,node_008,core_shuffled_graph,shuffle_15,heat removal deficit,Deficit in the loop's ability to remove process heat.,heat_management,0,1,2,1,2,1,4,,pending,1,0.8650605706072017,6,0.16666666666666666,0,0,0,0.000437770980640348,"[""emergency relief"", ""threatening demand"", ""expansion cooling"", ""cooling drinks"", ""extreme thermal situation"", ""oxygen demand""]"
graph_00,industrial_cooling_system,1,node_013,core_shuffled_graph,shuffle_15,temperature measurement unreliability,Unreliability of equipment temperature measurements caused by calibration drift and heat-driven sensor saturation.,sensing_and_control,0,1,2,1,1,1,4,,pending,1,0.8779688653381453,8,0.125,0,0,0,0.000437770980640348,"[""ambient pressure"", ""intensity level"", ""absolute temperature"", ""heat capacity"", ""quantity of heat"", ""change intensity""]"
graph_00,industrial_cooling_system,1,node_019,core_shuffled_graph,shuffle_15,shipment delay risk,Risk that production delay propagates to outbound shipments.,shutdown_and_delivery,0,1,1,0,0,1,4,,pending,1,0.8895297638144346,4,0.25,0,1,0,0.000437770980640348,"[""delayed action"", ""delay"", ""call delay"", ""production control"", ""delay position"", ""response time""]"
graph_00,industrial_cooling_system,1,node_001,core_shuffled_graph,shuffle_16,coolant contamination intensity,Intensity of particulate contamination entering the coolant loop.,intake_and_pressure,1,0,0,1,1,1,4,,pending,1,0.185054989044869,6,0.16666666666666666,0,0,0,0.000437770980640348,[]
graph_00,industrial_cooling_system,1,node_008,core_shuffled_graph,shuffle_16,heat removal deficit,Deficit in the loop's ability to remove process heat.,heat_management,0,1,2,1,2,1,4,,pending,0,0.9148927287518215,6,0.16666666666666666,0,0,0,0.000437770980640348,"[""energy equipment services"", ""heat capacity"", ""change intensity"", ""cooling air"", ""expansion cooling"", ""cooling system""]"
graph_00,industrial_cooling_system,1,node_013,core_shuffled_graph,shuffle_16,temperature measurement unreliability,Unreliability of equipment temperature measurements caused by calibration drift and heat-driven sensor saturation.,sensing_and_control,0,1,2,1,1,1,4,,pending,0,0.8684933454221642,14,0.07142857142857142,0,0,0,0.000437770980640348,"[""pump failure"", ""compression pump"", ""performance degradation"", ""cause loss"", ""pressure sensation"", ""pressure level""]"
graph_00,industrial_cooling_system,1,node_019,core_shuffled_graph,shuffle_16,shipment delay risk,Risk that production delay propagates to outbound shipments.,shutdown_and_delivery,0,1,1,0,0,1,4,,pending,1,0.6558457312676912,11,0.09090909090909091,0,0,0,0.000437770980640348,"[""blockage"", ""production order"", ""intake system"", ""artistic production"", ""production facility"", ""industrial production""]"
graph_00,industrial_cooling_system,1,node_001,core_shuffled_graph,shuffle_17,coolant contamination intensity,Intensity of particulate contamination entering the coolant loop.,intake_and_pressure,1,0,0,1,1,1,4,,pending,0,0.8034928305967728,4,0.25,0,1,0,0.000437770980640348,"[""drift meter"", ""angle of drift"", ""sensor system"", ""driftiness"", ""disease severity"", ""severity""]"
graph_00,industrial_cooling_system,1,node_008,core_shuffled_graph,shuffle_17,heat removal deficit,Deficit in the loop's ability to remove process heat.,heat_management,0,1,2,1,2,1,4,,pending,1,0.8741717427554535,13,0.07692307692307693,0,0,0,0.000437770980640348,"[""call delay"", ""response time"", ""delay payment"", ""turnaround time"", ""delay slot"", ""control break""]"
graph_00,industrial_cooling_system,1,node_013,core_shuffled_graph,shuffle_17,temperature measurement unreliability,Unreliability of equipment temperature measurements caused by calibration drift and heat-driven sensor saturation.,sensing_and_control,0,1,2,1,1,1,4,,pending,0,0.8804477542044563,18,0.05555555555555555,0,0,0,0.000437770980640348,"[""cooling process"", ""heat production"", ""production cost"", ""production capacity"", ""stop production"", ""delays""]"
graph_00,industrial_cooling_system,1,node_019,core_shuffled_graph,shuffle_17,shipment delay risk,Risk that production delay propagates to outbound shipments.,shutdown_and_delivery,0,1,1,0,0,1,4,,pending,1,0.8678078771964963,5,0.2,0,1,0,0.000437770980640348,"[""delays"", ""emergency relief"", ""failed repair"", ""temporary expedient"", ""call delay"", ""length of service""]"
graph_00,industrial_cooling_system,1,node_001,core_shuffled_graph,shuffle_18,coolant contamination intensity,Intensity of particulate contamination entering the coolant loop.,intake_and_pressure,1,0,0,1,1,1,4,,pending,1,0.8925934221692957,2,0.5,0,1,0,0.000437770980640348,"[""coolant system"", ""width restriction"", ""flow control"", ""coolant"", ""field restriction""]"
graph_00,industrial_cooling_system,1,node_008,core_shuffled_graph,shuffle_18,heat removal deficit,Deficit in the loop's ability to remove process heat.,heat_management,0,1,2,1,2,1,4,,pending,1,0.8787863642108023,5,0.2,0,1,0,0.000437770980640348,"[""heat capacity"", ""energy equipment services"", ""heat transmission"", ""extreme thermal situation"", ""expansion cooling"", ""heat insulation""]"
graph_00,industrial_cooling_system,1,node_013,core_shuffled_graph,shuffle_18,temperature measurement unreliability,Unreliability of equipment temperature measurements caused by calibration drift and heat-driven sensor saturation.,sensing_and_control,0,1,2,1,1,1,4,,pending,1,0.8957902479844642,5,0.2,0,1,0,0.000437770980640348,"[""equipment failure"", ""extreme thermal situation"", ""drift meter"", ""heat transmission"", ""equipment casualty"", ""accumulation point""]"
graph_00,industrial_cooling_system,1,node_019,core_shuffled_graph,shuffle_18,shipment delay risk,Risk that production delay propagates to outbound shipments.,shutdown_and_delivery,0,1,1,0,0,1,4,,pending,1,0.7483904526972457,2,0.5,0,1,0,0.000437770980640348,"[""delayed"", ""production"", ""production order"", ""broadcast delay"", ""delays"", ""delay""]"
graph_00,industrial_cooling_system,1,node_001,core_shuffled_graph,shuffle_19,coolant contamination intensity,Intensity of particulate contamination entering the coolant loop.,intake_and_pressure,1,0,0,1,1,1,4,,pending,0,0.8304825878689699,6,0.16666666666666666,0,0,0,0.000437770980640348,"[""control engineering"", ""cooling off period"", ""coolant system"", ""demand characteristic"", ""flow rate"", ""limiting factor""]"
graph_00,industrial_cooling_system,1,node_008,core_shuffled_graph,shuffle_19,heat removal deficit,Deficit in the loop's ability to remove process heat.,heat_management,0,1,2,1,2,1,4,,pending,0,0.9013774293239295,8,0.125,0,0,0,0.000437770980640348,"[""forced entry"", ""forced convection"", ""coolant system"", ""closed feedwater heater"", ""breakeven load factor"", ""equipment failure""]"
graph_00,industrial_cooling_system,1,node_013,core_shuffled_graph,shuffle_19,temperature measurement unreliability,Unreliability of equipment temperature measurements caused by calibration drift and heat-driven sensor saturation.,sensing_and_control,0,1,2,1,1,1,4,,pending,0,0.8755221083365295,10,0.1,0,0,0,0.000437770980640348,"[""change intensity"", ""expansion cooling"", ""demand characteristic"", ""coolant system"", ""cooling air"", ""temperature coefficient""]"
graph_00,industrial_cooling_system,1,node_019,core_shuffled_graph,shuffle_19,shipment delay risk,Risk that production delay propagates to outbound shipments.,shutdown_and_delivery,0,1,1,0,0,1,4,,pending,0,0.8158635810920234,18,0.05555555555555555,0,0,0,0.000437770980640348,"[""change intensity"", ""expansion cooling"", ""cooling"", ""intensity level"", ""demand characteristic"", ""cooling air""]"
graph_00,industrial_cooling_system,2,node_002,uniform,,pump wear severity,Severity of mechanical wear in the circulation pump.,intake_and_pressure,1,0,0,1,1,1,4,,pending,1,0.9231473169527963,10,0.1,0,0,0,0.00045348128049031976,"[""extreme thermal situation"", ""severity"", ""coolant system"", ""performance degradation"", ""change intensity"", ""temperature measure""]"
graph_00,industrial_cooling_system,2,node_009,uniform,,equipment heat accumulation,Accumulation of heat within the protected equipment.,heat_management,0,1,2,1,4,1,4,,pending,1,0.9192925728751579,12,0.08333333333333333,0,0,0,0.00045348128049031976,"[""extreme thermal situation"", ""severity"", ""coolant system"", ""performance degradation"", ""change intensity"", ""temperature measure""]"
graph_00,industrial_cooling_system,2,node_014,uniform,,control response delay,Delay before the cooling controller responds to hazardous conditions.,sensing_and_control,0,1,2,0,0,1,3,,pending,0,0.9062687459902022,19,0.05263157894736842,0,0,0,0.00045348128049031976,"[""extreme thermal situation"", ""severity"", ""coolant system"", ""performance degradation"", ""change intensity"", ""temperature measure""]"
graph_00,industrial_cooling_system,2,node_015,uniform,,forced shutdown risk,Risk of a forced equipment shutdown caused by thermal alarms and delayed control response.,sensing_and_control,0,1,1,1,1,1,3,,pending,0,0.9019323877851688,20,0.05,0,0,0,0.00045348128049031976,"[""extreme thermal situation"", ""severity"", ""coolant system"", ""performance degradation"", ""change intensity"", ""temperature measure""]"
graph_00,industrial_cooling_system,2,node_002,raw_correlation,,pump wear severity,Severity of mechanical wear in the circulation pump.,intake_and_pressure,1,0,0,1,1,1,4,,pending,1,0.9265144141448267,5,0.2,0,1,0,0.00045348128049031976,"[""pump failure"", ""temperature reduction"", ""performance degradation"", ""temperature measure"", ""unavailable energy"", ""pressure level""]"
graph_00,industrial_cooling_system,2,node_009,raw_correlation,,equipment heat accumulation,Accumulation of heat within the protected equipment.,heat_management,0,1,2,1,4,1,4,,pending,1,0.9205925652012202,8,0.125,0,0,0,0.00045348128049031976,"[""extreme thermal situation"", ""change intensity"", ""temperature reduction"", ""temperature measure"", ""cooling off period"", ""temperature gradient""]"
graph_00,industrial_cooling_system,2,node_014,raw_correlation,,control response delay,Delay before the cooling controller responds to hazardous conditions.,sensing_and_control,0,1,2,0,0,1,3,,pending,1,0.904602974574205,18,0.05555555555555555,0,0,0,0.00045348128049031976,"[""extreme thermal situation"", ""temperature measure"", ""change intensity"", ""cooling off period"", ""temperature reduction"", ""temperature gradient""]"
graph_00,industrial_cooling_system,2,node_015,raw_correlation,,forced shutdown risk,Risk of a forced equipment shutdown caused by thermal alarms and delayed control response.,sensing_and_control,0,1,1,1,1,1,3,,pending,1,0.907280177780246,18,0.05555555555555555,0,0,0,0.00045348128049031976,"[""extreme thermal situation"", ""temperature measure"", ""temperature reduction"", ""cooling off period"", ""change intensity"", ""climate control""]"
graph_00,industrial_cooling_system,2,node_002,core_oracle_estimated_weights,,pump wear severity,Severity of mechanical wear in the circulation pump.,intake_and_pressure,1,0,0,1,1,1,4,,pending,1,0.6988864701384181,2,0.5,0,1,0,0.00045348128049031976,"[""pump failure"", ""compression pump""]"
graph_00,industrial_cooling_system,2,node_009,core_oracle_estimated_weights,,equipment heat accumulation,Accumulation of heat within the protected equipment.,heat_management,0,1,2,1,4,1,4,,pending,1,0.8959090384951415,6,0.16666666666666666,0,0,0,0.00045348128049031976,"[""temperature measure"", ""intensity level"", ""heat capacity"", ""constant temperature"", ""equivalent potential temperature"", ""quantity of heat""]"
graph_00,industrial_cooling_system,2,node_014,core_oracle_estimated_weights,,control response delay,Delay before the cooling controller responds to hazardous conditions.,sensing_and_control,0,1,2,0,0,1,3,,pending,1,0.8540342689557618,15,0.06666666666666667,0,0,0,0.00045348128049031976,"[""extreme thermal situation"", ""temperature measurement"", ""perceived temperature"", ""unreliability"", ""equivalent potential temperature"", ""evaporative cooling""]"
graph_00,industrial_cooling_system,2,node_015,core_oracle_estimated_weights,,forced shutdown risk,Risk of a forced equipment shutdown caused by thermal alarms and delayed control response.,sensing_and_control,0,1,1,1,1,1,3,,pending,1,0.9152471896298243,3,0.3333333333333333,0,1,0,0.00045348128049031976,"[""temperature measure"", ""shutdown"", ""temperature indicator light"", ""risk of exposure"", ""extreme thermal situation"", ""turn off alarm""]"
graph_00,industrial_cooling_system,2,node_002,core_oracle_true_weights,,pump wear severity,Severity of mechanical wear in the circulation pump.,intake_and_pressure,1,0,0,1,1,1,4,,pending,1,0.7568681262085448,2,0.5,0,1,0,0.00045348128049031976,"[""pump failure"", ""compression pump""]"
graph_00,industrial_cooling_system,2,node_009,core_oracle_true_weights,,equipment heat accumulation,Accumulation of heat within the protected equipment.,heat_management,0,1,2,1,4,1,4,,pending,1,0.9125765593671127,7,0.14285714285714285,0,0,0,0.00045348128049031976,"[""quantity of heat"", ""heat capacity"", ""temperature reduction"", ""intensity level"", ""constant temperature"", ""temperature gradient""]"
graph_00,industrial_cooling_system,2,node_014,core_oracle_true_weights,,control response delay,Delay before the cooling controller responds to hazardous conditions.,sensing_and_control,0,1,2,0,0,1,3,,pending,1,0.8446735639276118,16,0.0625,0,0,0,0.00045348128049031976,"[""equivalent potential temperature"", ""extreme thermal situation"", ""temperature measurement"", ""perceived temperature"", ""evaporative cooling"", ""emergency measure""]"
graph_00,industrial_cooling_system,2,node_015,core_oracle_true_weights,,forced shutdown risk,Risk of a forced equipment shutdown caused by thermal alarms and delayed control response.,sensing_and_control,0,1,1,1,1,1,3,,pending,1,0.8970570586033131,6,0.16666666666666666,0,0,0,0.00045348128049031976,"[""temperature measure"", ""extreme thermal situation"", ""turn off alarm"", ""raise alarm"", ""standard temperature"", ""temperature indicator light""]"
graph_00,industrial_cooling_system,2,node_002,core_reversed_graph,,pump wear severity,Severity of mechanical wear in the circulation pump.,intake_and_pressure,1,0,0,1,1,1,4,,pending,1,0.8938205246407365,2,0.5,0,1,0,0.00045348128049031976,"[""pump failure"", ""compression pump"", ""reduce pressure"", ""pressure drop"", ""oil pressure"", ""loss function""]"
graph_00,industrial_cooling_system,2,node_009,core_reversed_graph,,equipment heat accumulation,Accumulation of heat within the protected equipment.,heat_management,0,1,2,1,4,1,4,,pending,1,0.921158424777771,6,0.16666666666666666,0,0,0,0.00045348128049031976,"[""extreme thermal situation"", ""quantity of heat"", ""temperature measure"", ""temperature reduction"", ""temperature gradient"", ""thermostability""]"
graph_00,industrial_cooling_system,2,node_014,core_reversed_graph,,control response delay,Delay before the cooling controller responds to hazardous conditions.,sensing_and_control,0,1,2,0,0,1,3,,pending,1,0.8806174910802532,13,0.07692307692307693,0,0,0,0.00045348128049031976,"[""extreme thermal situation"", ""unreliability"", ""temperature measurement"", ""emergency measure"", ""temperature measure"", ""equivalent potential temperature""]"
graph_00,industrial_cooling_system,2,node_015,core_reversed_graph,,forced shutdown risk,Risk of a forced equipment shutdown caused by thermal alarms and delayed control response.,sensing_and_control,0,1,1,1,1,1,3,,pending,1,0.9198722349429268,2,0.5,0,1,0,0.00045348128049031976,"[""shutdown"", ""temperature measure"", ""duration"", ""length of service"", ""shutting down"", ""turnaround time""]"
graph_00,industrial_cooling_system,2,node_002,core_shuffled_graph,shuffle_00,pump wear severity,Severity of mechanical wear in the circulation pump.,intake_and_pressure,1,0,0,1,1,1,4,,pending,1,0.4421409139144,4,0.25,0,1,0,0.00045348128049031976,[]
graph_00,industrial_cooling_system,2,node_009,core_shuffled_graph,shuffle_00,equipment heat accumulation,Accumulation of heat within the protected equipment.,heat_management,0,1,2,1,4,1,4,,pending,0,0.8973354835446862,5,0.2,0,1,0,0.00045348128049031976,"[""temperature measurement"", ""unreliability"", ""equivalent potential temperature"", ""temperature coefficient"", ""perceived temperature"", ""maximum and minimum thermometer""]"
graph_00,industrial_cooling_system,2,node_014,core_shuffled_graph,shuffle_00,control response delay,Delay before the cooling controller responds to hazardous conditions.,sensing_and_control,0,1,2,0,0,1,3,,pending,0,0.799102211894305,15,0.06666666666666667,0,0,0,0.00045348128049031976,"[""temperature measurement"", ""unreliability"", ""equivalent potential temperature"", ""perceived temperature"", ""thermal equilibrium"", ""maximum and minimum thermometer""]"
graph_00,industrial_cooling_system,2,node_015,core_shuffled_graph,shuffle_00,forced shutdown risk,Risk of a forced equipment shutdown caused by thermal alarms and delayed control response.,sensing_and_control,0,1,1,1,1,1,3,,pending,1,0.682409060608786,6,0.16666666666666666,0,0,0,0.00045348128049031976,"[""cooling air"", ""cooldown"", ""shutoff"", ""expansion cooling"", ""length of service"", ""cooling off period""]"
graph_00,industrial_cooling_system,2,node_002,core_shuffled_graph,shuffle_01,pump wear severity,Severity of mechanical wear in the circulation pump.,intake_and_pressure,1,0,0,1,1,1,4,,pending,1,0.745734353891669,3,0.3333333333333333,0,1,0,0.00045348128049031976,"[""pump failure"", ""loss prevention"", ""relieve pressure""]"
graph_00,industrial_cooling_system,2,node_009,core_shuffled_graph,shuffle_01,equipment heat accumulation,Accumulation of heat within the protected equipment.,heat_management,0,1,2,1,4,1,4,,pending,0,0.8703583487366174,8,0.125,0,0,0,0.00045348128049031976,"[""pump failure"", ""pressure drop"", ""loss prevention"", ""reduce pressure"", ""pressure level"", ""heat pump""]"
graph_00,industrial_cooling_system,2,node_014,core_shuffled_graph,shuffle_01,control response delay,Delay before the cooling controller responds to hazardous conditions.,sensing_and_control,0,1,2,0,0,1,3,,pending,0,0.8501693369419374,15,0.06666666666666667,0,0,0,0.00045348128049031976,"[""extreme thermal situation"", ""ambient pressure"", ""drift meter"", ""coolant system"", ""temperature gradient"", ""heat transmission""]"
graph_00,industrial_cooling_system,2,node_015,core_shuffled_graph,shuffle_01,forced shutdown risk,Risk of a forced equipment shutdown caused by thermal alarms and delayed control response.,sensing_and_control,0,1,1,1,1,1,3,,pending,1,0.9195575215659187,3,0.3333333333333333,0,1,0,0.00045348128049031976,"[""shutdown"", ""width restriction"", ""length of service"", ""coolant system"", ""run temperature"", ""extreme thermal situation""]"
graph_00,industrial_cooling_system,2,node_002,core_shuffled_graph,shuffle_02,pump wear severity,Severity of mechanical wear in the circulation pump.,intake_and_pressure,1,0,0,1,1,1,4,,pending,1,0.8669583191891268,3,0.3333333333333333,0,1,0,0.00045348128049031976,"[""pump failure"", ""pressure level"", ""temperature measurement"", ""pressure altitude"", ""root pressure"", ""compression pump""]"
graph_00,industrial_cooling_system,2,node_009,core_shuffled_graph,shuffle_02,equipment heat accumulation,Accumulation of heat within the protected equipment.,heat_management,0,1,2,1,4,1,4,,pending,0,0.6346759288024357,11,0.09090909090909091,0,0,0,0.00045348128049031976,"[""failed repair"", ""completion of construction"", ""repair to""]"
graph_00,industrial_cooling_system,2,node_014,core_shuffled_graph,shuffle_02,control response delay,Delay before the cooling controller responds to hazardous conditions.,sensing_and_control,0,1,2,0,0,1,3,,pending,0,0.8938645421334475,6,0.16666666666666666,0,0,0,0.00045348128049031976,"[""temperature measurement"", ""unreliability"", ""turnaround time"", ""shutdown"", ""unstability"", ""length of service""]"
graph_00,industrial_cooling_system,2,node_015,core_shuffled_graph,shuffle_02,forced shutdown risk,Risk of a forced equipment shutdown caused by thermal alarms and delayed control response.,sensing_and_control,0,1,1,1,1,1,3,,pending,0,0.8813484519480691,13,0.07692307692307693,0,0,0,0.00045348128049031976,"[""temperature measurement"", ""temperature indicator light"", ""temperature measure"", ""unsystematic risk"", ""difference in temperature"", ""unreliability""]"
graph_00,industrial_cooling_system,2,node_002,core_shuffled_graph,shuffle_03,pump wear severity,Severity of mechanical wear in the circulation pump.,intake_and_pressure,1,0,0,1,1,1,4,,pending,1,0.9050996640904644,3,0.3333333333333333,0,1,0,0.00045348128049031976,"[""pump failure"", ""pressure level"", ""compression pump"", ""oil pressure"", ""hydraulic conductivity"", ""root pressure""]"
graph_00,industrial_cooling_system,2,node_009,core_shuffled_graph,shuffle_03,equipment heat accumulation,Accumulation of heat within the protected equipment.,heat_management,0,1,2,1,4,1,4,,pending,0,0.7982694017200618,12,0.08333333333333333,0,0,0,0.00045348128049031976,"[""shutdown"", ""duration"", ""shutting down"", ""length of service"", ""turnaround time""]"
graph_00,industrial_cooling_system,2,node_014,core_shuffled_graph,shuffle_03,control response delay,Delay before the cooling controller responds to hazardous conditions.,sensing_and_control,0,1,2,0,0,1,3,,pending,0,0.8262871360542253,7,0.14285714285714285,0,0,0,0.00045348128049031976,"[""shutdown"", ""duration"", ""length of service"", ""minimum connecting time"", ""shutting down"", ""turnaround time""]"
graph_00,industrial_cooling_system,2,node_015,core_shuffled_graph,shuffle_03,forced shutdown risk,Risk of a forced equipment shutdown caused by thermal alarms and delayed control response.,sensing_and_control,0,1,1,1,1,1,3,,pending,0,0.327894461250006,5,0.2,0,1,0,0.00045348128049031976,"[""emergency relief"", ""emergency landing""]"
graph_00,industrial_cooling_system,2,node_002,core_shuffled_graph,shuffle_04,pump wear severity,Severity of mechanical wear in the circulation pump.,intake_and_pressure,1,0,0,1,1,1,4,,pending,0,0.8579618912351838,14,0.07142857142857142,0,0,0,0.00045348128049031976,"[""temperature measurement"", ""unreliability""]"
graph_00,industrial_cooling_system,2,node_009,core_shuffled_graph,shuffle_04,equipment heat accumulation,Accumulation of heat within the protected equipment.,heat_management,0,1,2,1,4,1,4,,pending,0,0.8897957727620212,12,0.08333333333333333,0,0,0,0.00045348128049031976,"[""shutdown"", ""length of service"", ""temperature reduction"", ""extreme thermal situation"", ""maximum and minimum thermometer"", ""shutting out""]"
graph_00,industrial_cooling_system,2,node_014,core_shuffled_graph,shuffle_04,control response delay,Delay before the cooling controller responds to hazardous conditions.,sensing_and_control,0,1,2,0,0,1,3,,pending,0,0.8559074790136451,14,0.07142857142857142,0,0,0,0.00045348128049031976,"[""extreme thermal situation"", ""emergency measure"", ""perceived temperature"", ""standard temperature"", ""keeping cool"", ""expansion cooling""]"
graph_00,industrial_cooling_system,2,node_015,core_shuffled_graph,shuffle_04,forced shutdown risk,Risk of a forced equipment shutdown caused by thermal alarms and delayed control response.,sensing_and_control,0,1,1,1,1,1,3,,pending,1,0.9098460451744759,3,0.3333333333333333,0,1,0,0.00045348128049031976,"[""temperature measure"", ""setting alarm"", ""thermal break"", ""security risk"", ""specific risk"", ""turn off alarm""]"
graph_00,industrial_cooling_system,2,node_002,core_shuffled_graph,shuffle_05,pump wear severity,Severity of mechanical wear in the circulation pump.,intake_and_pressure,1,0,0,1,1,1,4,,pending,1,0.6796113939159983,3,0.3333333333333333,0,1,0,0.00045348128049031976,"[""pump failure"", ""advance payment"", ""compression pump"", ""feel pressure""]"
graph_00,industrial_cooling_system,2,node_009,core_shuffled_graph,shuffle_05,equipment heat accumulation,Accumulation of heat within the protected equipment.,heat_management,0,1,2,1,4,1,4,,pending,0,0.7795594263289266,4,0.25,0,1,0,0.00045348128049031976,"[""temperature measurement"", ""unreliability""]"
graph_00,industrial_cooling_system,2,node_014,core_shuffled_graph,shuffle_05,control response delay,Delay before the cooling controller responds to hazardous conditions.,sensing_and_control,0,1,2,0,0,1,3,,pending,0,0.7992056834622293,18,0.05555555555555555,0,0,0,0.00045348128049031976,"[""ambient pressure"", ""severity"", ""change intensity"", ""extreme heat"", ""intensity level"", ""emergency alert system""]"
graph_00,industrial_cooling_system,2,node_015,core_shuffled_graph,shuffle_05,forced shutdown risk,Risk of a forced equipment shutdown caused by thermal alarms and delayed control response.,sensing_and_control,0,1,1,1,1,1,3,,pending,1,0.7981354725006415,4,0.25,0,1,0,0.00045348128049031976,"[""severity"", ""drift meter"", ""angle of drift"", ""sensor system"", ""alerted"", ""surveillance syndrome""]"
graph_00,industrial_cooling_system,2,node_002,core_shuffled_graph,shuffle_06,pump wear severity,Severity of mechanical wear in the circulation pump.,intake_and_pressure,1,0,0,1,1,1,4,,pending,1,0.8494627944821589,5,0.2,0,1,0,0.00045348128049031976,"[""pump failure"", ""compression pump"", ""emergency relief"", ""restoring energy"", ""demand valve"", ""emergency procedure""]"
graph_00,industrial_cooling_system,2,node_009,core_shuffled_graph,shuffle_06,equipment heat accumulation,Accumulation of heat within the protected equipment.,heat_management,0,1,2,1,4,1,4,,pending,0,0.8362934753296878,13,0.07692307692307693,0,0,0,0.00045348128049031976,"[""failed repair"", ""completion of construction"", ""delaying"", ""call delay"", ""rain delay"", ""delay payment""]"
graph_00,industrial_cooling_system,2,node_014,core_shuffled_graph,shuffle_06,control response delay,Delay before the cooling controller responds to hazardous conditions.,sensing_and_control,0,1,2,0,0,1,3,,pending,0,0.8391747200361273,14,0.07142857142857142,0,0,0,0.00045348128049031976,"[""cooling air"", ""coolant system"", ""ambient pressure"", ""expansion cooling"", ""specific fuel consumption"", ""rate of flow""]"
graph_00,industrial_cooling_system,2,node_015,core_shuffled_graph,shuffle_06,forced shutdown risk,Risk of a forced equipment shutdown caused by thermal alarms and delayed control response.,sensing_and_control,0,1,1,1,1,1,3,,pending,1,0.8273893108864823,16,0.0625,0,0,0,0.00045348128049031976,"[""shipment"", ""delay payment"", ""propagation delay"", ""shipping and handling"", ""delays"", ""exchange rate risk""]"
graph_00,industrial_cooling_system,2,node_002,core_shuffled_graph,shuffle_07,pump wear severity,Severity of mechanical wear in the circulation pump.,intake_and_pressure,1,0,0,1,1,1,4,,pending,0,0.8170446265674112,9,0.1111111111111111,0,0,0,0.00045348128049031976,"[""turnaround time"", ""duration"", ""shutdown"", ""delay payment"", ""length of service""]"
graph_00,industrial_cooling_system,2,node_009,core_shuffled_graph,shuffle_07,equipment heat accumulation,Accumulation of heat within the protected equipment.,heat_management,0,1,2,1,4,1,4,,pending,0,0.6947455277597019,4,0.25,0,1,0,0.00045348128049031976,"[""unreliability"", ""temperature measurement""]"
graph_00,industrial_cooling_system,2,node_014,core_shuffled_graph,shuffle_07,control response delay,Delay before the cooling controller responds to hazardous conditions.,sensing_and_control,0,1,2,0,0,1,3,,pending,0,0.865071238830483,16,0.0625,0,0,0,0.00045348128049031976,"[""temperature measurement"", ""unreliability"", ""temperature reduction"", ""heat shrink"", ""temperature gradient"", ""difference in temperature""]"
graph_00,industrial_cooling_system,2,node_015,core_shuffled_graph,shuffle_07,forced shutdown risk,Risk of a forced equipment shutdown caused by thermal alarms and delayed control response.,sensing_and_control,0,1,1,1,1,1,3,,pending,0,0.8228524299413579,19,0.05263157894736842,0,0,0,0.00045348128049031976,"[""expansion cooling"", ""temperature coefficient"", ""cooling air"", ""buying temperature"", ""change intensity"", ""demand characteristic""]"
graph_00,industrial_cooling_system,2,node_002,core_shuffled_graph,shuffle_08,pump wear severity,Severity of mechanical wear in the circulation pump.,intake_and_pressure,1,0,0,1,1,1,4,,pending,1,0.8358873867994336,12,0.08333333333333333,0,0,0,0.00045348128049031976,"[""expansion cooling"", ""emergency relief"", ""change intensity"", ""cooling air"", ""domestic demand"", ""cooling process""]"
graph_00,industrial_cooling_system,2,node_009,core_shuffled_graph,shuffle_08,equipment heat accumulation,Accumulation of heat within the protected equipment.,heat_management,0,1,2,1,4,1,4,,pending,1,0.6386530561131936,4,0.25,0,1,0,0.00045348128049031976,"[""light intensity"", ""field intensity"", ""grow in intensity"", ""expansion cooling"", ""cooling process""]"
graph_00,industrial_cooling_system,2,node_014,core_shuffled_graph,shuffle_08,control response delay,Delay before the cooling controller responds to hazardous conditions.,sensing_and_control,0,1,2,0,0,1,3,,pending,0,0.846583411195231,18,0.05555555555555555,0,0,0,0.00045348128049031976,"[""emergency relief"", ""extreme thermal situation"", ""emergency measure"", ""evaporative cooling"", ""threatening demand"", ""theoretical oxygen demand""]"
graph_00,industrial_cooling_system,2,node_015,core_shuffled_graph,shuffle_08,forced shutdown risk,Risk of a forced equipment shutdown caused by thermal alarms and delayed control response.,sensing_and_control,0,1,1,1,1,1,3,,pending,0,0.8523707037943463,6,0.16666666666666666,0,0,0,0.00045348128049031976,"[""stop production"", ""delays"", ""broadcast delay"", ""production order"", ""delay"", ""delayed""]"
graph_00,industrial_cooling_system,2,node_002,core_shuffled_graph,shuffle_09,pump wear severity,Severity of mechanical wear in the circulation pump.,intake_and_pressure,1,0,0,1,1,1,4,,pending,0,0.8718241815859866,15,0.06666666666666667,0,0,0,0.00045348128049031976,"[""extreme thermal situation"", ""emergency relief"", ""unavailable energy"", ""temperature reduction"", ""isolation pay"", ""cooling off period""]"
graph_00,industrial_cooling_system,2,node_009,core_shuffled_graph,shuffle_09,equipment heat accumulation,Accumulation of heat within the protected equipment.,heat_management,0,1,2,1,4,1,4,,pending,0,0.8952869628360103,7,0.14285714285714285,0,0,0,0.00045348128049031976,"[""extreme thermal situation"", ""emergency relief"", ""threatening demand"", ""expansion cooling"", ""emergency measure"", ""evaporative cooling""]"
graph_00,industrial_cooling_system,2,node_014,core_shuffled_graph,shuffle_09,control response delay,Delay before the cooling controller responds to hazardous conditions.,sensing_and_control,0,1,2,0,0,1,3,,pending,0,0.8032811594902737,16,0.0625,0,0,0,0.00045348128049031976,"[""extreme thermal situation"", ""temperature gradient"", ""emergency relief"", ""raise alarm"", ""hazardous material emergency"", ""temperature coefficient""]"
graph_00,industrial_cooling_system,2,node_015,core_shuffled_graph,shuffle_09,forced shutdown risk,Risk of a forced equipment shutdown caused by thermal alarms and delayed control response.,sensing_and_control,0,1,1,1,1,1,3,,pending,0,0.8612688842325361,11,0.09090909090909091,0,0,0,0.00045348128049031976,"[""extreme thermal situation"", ""emergency relief"", ""expansion cooling"", ""threatening demand"", ""cooling"", ""domestic demand""]"
graph_00,industrial_cooling_system,2,node_002,core_shuffled_graph,shuffle_10,pump wear severity,Severity of mechanical wear in the circulation pump.,intake_and_pressure,1,0,0,1,1,1,4,,pending,0,0.8489934805947416,6,0.16666666666666666,0,0,0,0.00045348128049031976,"[""failed repair"", ""delay payment"", ""delivery date"", ""rain delay"", ""delayment"", ""call delay""]"
graph_00,industrial_cooling_system,2,node_009,core_shuffled_graph,shuffle_10,equipment heat accumulation,Accumulation of heat within the protected equipment.,heat_management,0,1,2,1,4,1,4,,pending,0,0.8904019860301302,13,0.07692307692307693,0,0,0,0.00045348128049031976,"[""temperature measurement"", ""unstability"", ""length of service"", ""temperature measure"", ""shutdown"", ""turnaround time""]"
graph_00,industrial_cooling_system,2,node_014,core_shuffled_graph,shuffle_10,control response delay,Delay before the cooling controller responds to hazardous conditions.,sensing_and_control,0,1,2,0,0,1,3,,pending,0,0.753006122885853,17,0.058823529411764705,0,0,0,0.00045348128049031976,"[""coolant system"", ""width restriction"", ""flow control"", ""coolant"", ""flow control device"", ""fluid flow separation""]"
graph_00,industrial_cooling_system,2,node_015,core_shuffled_graph,shuffle_10,forced shutdown risk,Risk of a forced equipment shutdown caused by thermal alarms and delayed control response.,sensing_and_control,0,1,1,1,1,1,3,,pending,0,0.5435900780444265,18,0.05555555555555555,0,0,0,0.00045348128049031976,"[""intensity level"", ""change intensity"", ""light intensity"", ""intensity"", ""field intensity"", ""grow in intensity""]"
graph_00,industrial_cooling_system,2,node_002,core_shuffled_graph,shuffle_11,pump wear severity,Severity of mechanical wear in the circulation pump.,intake_and_pressure,1,0,0,1,1,1,4,,pending,0,0.8373994091148391,7,0.14285714285714285,0,0,0,0.00045348128049031976,"[""failed repair"", ""delay payment"", ""propagation delay"", ""delivery date"", ""delayment"", ""delay position""]"
graph_00,industrial_cooling_system,2,node_009,core_shuffled_graph,shuffle_11,equipment heat accumulation,Accumulation of heat within the protected equipment.,heat_management,0,1,2,1,4,1,4,,pending,1,0.9115702869192108,5,0.2,0,1,0,0.00045348128049031976,"[""temperature reduction"", ""temperature measurement"", ""temperature gradient"", ""heat shrink"", ""unreliability"", ""quantity of heat""]"
graph_00,industrial_cooling_system,2,node_014,core_shuffled_graph,shuffle_11,control response delay,Delay before the cooling controller responds to hazardous conditions.,sensing_and_control,0,1,2,0,0,1,3,,pending,0,0.8303721248321109,17,0.058823529411764705,0,0,0,0.00045348128049031976,"[""temperature measurement"", ""unreliability""]"
graph_00,industrial_cooling_system,2,node_015,core_shuffled_graph,shuffle_11,forced shutdown risk,Risk of a forced equipment shutdown caused by thermal alarms and delayed control response.,sensing_and_control,0,1,1,1,1,1,3,,pending,0,0.8632574014756392,15,0.06666666666666667,0,0,0,0.00045348128049031976,"[""drift meter"", ""extreme thermal situation"", ""severity"", ""sensor system"", ""disease severity"", ""angle of drift""]"
graph_00,industrial_cooling_system,2,node_002,core_shuffled_graph,shuffle_12,pump wear severity,Severity of mechanical wear in the circulation pump.,intake_and_pressure,1,0,0,1,1,1,4,,pending,1,0.5717033572111689,3,0.3333333333333333,0,1,0,0.00045348128049031976,"[""drift meter""]"
graph_00,industrial_cooling_system,2,node_009,core_shuffled_graph,shuffle_12,equipment heat accumulation,Accumulation of heat within the protected equipment.,heat_management,0,1,2,1,4,1,4,,pending,0,0.7687166069482386,6,0.16666666666666666,0,0,0,0.00045348128049031976,"[""delayed"", ""production order"", ""broadcast delay"", ""production"", ""stop production"", ""pre production""]"
graph_00,industrial_cooling_system,2,node_014,core_shuffled_graph,shuffle_12,control response delay,Delay before the cooling controller responds to hazardous conditions.,sensing_and_control,0,1,2,0,0,1,3,,pending,0,0.7924116409322082,11,0.09090909090909091,0,0,0,0.00045348128049031976,"[""coolant system"", ""width restriction"", ""flow control"", ""coolant"", ""field restriction""]"
graph_00,industrial_cooling_system,2,node_015,core_shuffled_graph,shuffle_12,forced shutdown risk,Risk of a forced equipment shutdown caused by thermal alarms and delayed control response.,sensing_and_control,0,1,1,1,1,1,3,,pending,1,0.9048922001294145,3,0.3333333333333333,0,1,0,0.00045348128049031976,"[""risk of exposure"", ""business interruption insurance"", ""raise alarm"", ""security risk"", ""call delay"", ""time delay""]"
graph_00,industrial_cooling_system,2,node_002,core_shuffled_graph,shuffle_13,pump wear severity,Severity of mechanical wear in the circulation pump.,intake_and_pressure,1,0,0,1,1,1,4,,pending,0,0.8240396231485465,7,0.14285714285714285,0,0,0,0.00045348128049031976,"[""shutdown"", ""length of service"", ""duration""]"
graph_00,industrial_cooling_system,2,node_009,core_shuffled_graph,shuffle_13,equipment heat accumulation,Accumulation of heat within the protected equipment.,heat_management,0,1,2,1,4,1,4,,pending,0,0.8530691740951333,10,0.1,0,0,0,0.00045348128049031976,"[""contamination"", ""coolant system"", ""coolant"", ""intensity level"", ""dust contamination""]"
graph_00,industrial_cooling_system,2,node_014,core_shuffled_graph,shuffle_13,control response delay,Delay before the cooling controller responds to hazardous conditions.,sensing_and_control,0,1,2,0,0,1,3,,pending,1,0.8819629043351184,8,0.125,0,0,0,0.00045348128049031976,"[""coolant system"", ""climate control"", ""temperature reduction"", ""extreme thermal situation"", ""thermal relay"", ""run temperature""]"
graph_00,industrial_cooling_system,2,node_015,core_shuffled_graph,shuffle_13,forced shutdown risk,Risk of a forced equipment shutdown caused by thermal alarms and delayed control response.,sensing_and_control,0,1,1,1,1,1,3,,pending,0,0.8692140184978546,8,0.125,0,0,0,0.00045348128049031976,"[""emergency alert system"", ""extreme thermal situation"", ""temperature measure"", ""buying temperature"", ""temperature measurement"", ""standard temperature""]"
graph_00,industrial_cooling_system,2,node_002,core_shuffled_graph,shuffle_14,pump wear severity,Severity of mechanical wear in the circulation pump.,intake_and_pressure,1,0,0,1,1,1,4,,pending,1,0.6688368469515008,2,0.5,0,1,0,0.00045348128049031976,"[""failed repair"", ""activity monitoring vulnerability""]"
graph_00,industrial_cooling_system,2,node_009,core_shuffled_graph,shuffle_14,equipment heat accumulation,Accumulation of heat within the protected equipment.,heat_management,0,1,2,1,4,1,4,,pending,0,0.46431128376318226,19,0.05263157894736842,0,0,0,0.00045348128049031976,"[""failed repair""]"
graph_00,industrial_cooling_system,2,node_014,core_shuffled_graph,shuffle_14,control response delay,Delay before the cooling controller responds to hazardous conditions.,sensing_and_control,0,1,2,0,0,1,3,,pending,0,0.8566134535353572,14,0.07142857142857142,0,0,0,0.00045348128049031976,"[""extreme thermal situation"", ""buying temperature"", ""unreliability"", ""perceived temperature"", ""temperature measurement"", ""expansion cooling""]"
graph_00,industrial_cooling_system,2,node_015,core_shuffled_graph,shuffle_14,forced shutdown risk,Risk of a forced equipment shutdown caused by thermal alarms and delayed control response.,sensing_and_control,0,1,1,1,1,1,3,,pending,1,0.8654783296805041,15,0.06666666666666667,0,0,0,0.00045348128049031976,"[""temperature reduction"", ""heat shrink"", ""temperature gradient"", ""coolant system"", ""unavailable energy"", ""heat dissipation""]"
graph_00,industrial_cooling_system,2,node_002,core_shuffled_graph,shuffle_15,pump wear severity,Severity of mechanical wear in the circulation pump.,intake_and_pressure,1,0,0,1,1,1,4,,pending,0,0.7901074575279183,4,0.25,0,1,0,0.00045348128049031976,"[""drift meter"", ""angle of drift"", ""dust contamination"", ""activity monitoring vulnerability"", ""extreme thermal situation"", ""contamination""]"
graph_00,industrial_cooling_system,2,node_009,core_shuffled_graph,shuffle_15,equipment heat accumulation,Accumulation of heat within the protected equipment.,heat_management,0,1,2,1,4,1,4,,pending,0,0.7549704111422152,9,0.1111111111111111,0,0,0,0.00045348128049031976,"[""drift meter"", ""angle of drift"", ""dust contamination"", ""activity monitoring vulnerability"", ""contamination"", ""vibration sensor""]"
graph_00,industrial_cooling_system,2,node_014,core_shuffled_graph,shuffle_15,control response delay,Delay before the cooling controller responds to hazardous conditions.,sensing_and_control,0,1,2,0,0,1,3,,pending,1,0.9021496711108764,5,0.2,0,1,0,0.00045348128049031976,"[""heat production"", ""delays"", ""production order"", ""production cost"", ""broadcast delay"", ""delaying""]"
graph_00,industrial_cooling_system,2,node_015,core_shuffled_graph,shuffle_15,forced shutdown risk,Risk of a forced equipment shutdown caused by thermal alarms and delayed control response.,sensing_and_control,0,1,1,1,1,1,3,,pending,1,0.8362013222319876,12,0.08333333333333333,0,0,0,0.00045348128049031976,"[""emergency relief"", ""extreme thermal situation"", ""emergency measure"", ""threatening demand"", ""evaporative cooling""]"
graph_00,industrial_cooling_system,2,node_002,core_shuffled_graph,shuffle_16,pump wear severity,Severity of mechanical wear in the circulation pump.,intake_and_pressure,1,0,0,1,1,1,4,,pending,1,0.8594297097345271,4,0.25,0,1,0,0.00045348128049031976,"[""unreliability"", ""loss ratio"", ""pump failure"", ""pressure regulator"", ""compression pump"", ""reversing thermometer""]"
graph_00,industrial_cooling_system,2,node_009,core_shuffled_graph,shuffle_16,equipment heat accumulation,Accumulation of heat within the protected equipment.,heat_management,0,1,2,1,4,1,4,,pending,0,0.9042935129927581,7,0.14285714285714285,0,0,0,0.00045348128049031976,"[""temperature reduction"", ""expansion cooling"", ""change intensity"", ""unavailable energy"", ""cooling off period"", ""thermal conductivity""]"
graph_00,industrial_cooling_system,2,node_014,core_shuffled_graph,shuffle_16,control response delay,Delay before the cooling controller responds to hazardous conditions.,sensing_and_control,0,1,2,0,0,1,3,,pending,1,0.8692330266162795,11,0.09090909090909091,0,0,0,0.00045348128049031976,"[""heat production"", ""ambient pressure"", ""temperature gradient"", ""difference in temperature"", ""extreme thermal situation"", ""broadcast delay""]"
graph_00,industrial_cooling_system,2,node_015,core_shuffled_graph,shuffle_16,forced shutdown risk,Risk of a forced equipment shutdown caused by thermal alarms and delayed control response.,sensing_and_control,0,1,1,1,1,1,3,,pending,0,0.8393025837587375,18,0.05555555555555555,0,0,0,0.00045348128049031976,"[""climate control"", ""temperature indicator light"", ""temperature gradient"", ""temperature reduction"", ""extreme thermal situation"", ""temperature measure""]"
graph_00,industrial_cooling_system,2,node_002,core_shuffled_graph,shuffle_17,pump wear severity,Severity of mechanical wear in the circulation pump.,intake_and_pressure,1,0,0,1,1,1,4,,pending,0,0.8362973831959917,17,0.058823529411764705,0,0,0,0.00045348128049031976,"[""heat shrink"", ""temperature reduction"", ""unreliability"", ""temperature gradient"", ""temperature measurement"", ""heat-absorbing""]"
graph_00,industrial_cooling_system,2,node_009,core_shuffled_graph,shuffle_17,equipment heat accumulation,Accumulation of heat within the protected equipment.,heat_management,0,1,2,1,4,1,4,,pending,0,0.7934079739375246,6,0.16666666666666666,0,0,0,0.00045348128049031976,"[""delayed"", ""production order"", ""broadcast delay"", ""stop production"", ""production"", ""pre production""]"
graph_00,industrial_cooling_system,2,node_014,core_shuffled_graph,shuffle_17,control response delay,Delay before the cooling controller responds to hazardous conditions.,sensing_and_control,0,1,2,0,0,1,3,,pending,0,0.6809135354714713,17,0.058823529411764705,0,0,0,0.00045348128049031976,"[""heat shrink"", ""removal module"", ""in deficit"", ""creating by removal"", ""heat-absorbing"", ""oxygen deficit""]"
graph_00,industrial_cooling_system,2,node_015,core_shuffled_graph,shuffle_17,forced shutdown risk,Risk of a forced equipment shutdown caused by thermal alarms and delayed control response.,sensing_and_control,0,1,1,1,1,1,3,,pending,1,0.8890753446080452,8,0.125,0,0,0,0.00045348128049031976,"[""extreme thermal situation"", ""temperature reduction"", ""emergency measure"", ""temperature gradient"", ""heat shrink"", ""remaining heat""]"
graph_00,industrial_cooling_system,2,node_002,core_shuffled_graph,shuffle_18,pump wear severity,Severity of mechanical wear in the circulation pump.,intake_and_pressure,1,0,0,1,1,1,4,,pending,1,-0.33895618392060606,5,0.2,0,1,0,0.00045348128049031976,"[""low shutdown""]"
graph_00,industrial_cooling_system,2,node_009,core_shuffled_graph,shuffle_18,equipment heat accumulation,Accumulation of heat within the protected equipment.,heat_management,0,1,2,1,4,1,4,,pending,0,0.8987734150835858,7,0.14285714285714285,0,0,0,0.00045348128049031976,"[""temperature reduction"", ""temperature measure"", ""cooling off period"", ""heat dissipation"", ""quantity of heat"", ""unstability""]"
graph_00,industrial_cooling_system,2,node_014,core_shuffled_graph,shuffle_18,control response delay,Delay before the cooling controller responds to hazardous conditions.,sensing_and_control,0,1,2,0,0,1,3,,pending,0,0.8532701930035785,11,0.09090909090909091,0,0,0,0.00045348128049031976,"[""shutdown"", ""length of service"", ""duration"", ""minimum connecting time"", ""turnaround time"", ""shutting down""]"
graph_00,industrial_cooling_system,2,node_015,core_shuffled_graph,shuffle_18,forced shutdown risk,Risk of a forced equipment shutdown caused by thermal alarms and delayed control response.,sensing_and_control,0,1,1,1,1,1,3,,pending,0,-0.472370287559862,18,0.05555555555555555,0,0,0,0.00045348128049031976,"[""low shutdown"", ""low shutting down"", ""low shut down""]"
graph_00,industrial_cooling_system,2,node_002,core_shuffled_graph,shuffle_19,pump wear severity,Severity of mechanical wear in the circulation pump.,intake_and_pressure,1,0,0,1,1,1,4,,pending,0,0.6639220735577888,12,0.08333333333333333,0,0,0,0.00045348128049031976,"[""unreliability"", ""temperature measurement""]"
graph_00,industrial_cooling_system,2,node_009,core_shuffled_graph,shuffle_19,equipment heat accumulation,Accumulation of heat within the protected equipment.,heat_management,0,1,2,1,4,1,4,,pending,1,0.8780458071607965,4,0.25,0,1,0,0.00045348128049031976,"[""temperature reduction"", ""heat shrink"", ""heat-absorbing"", ""heat dissipation"", ""temperature gradient"", ""thermal emission""]"
graph_00,industrial_cooling_system,2,node_014,core_shuffled_graph,shuffle_19,control response delay,Delay before the cooling controller responds to hazardous conditions.,sensing_and_control,0,1,2,0,0,1,3,,pending,0,0.8582980701016083,15,0.06666666666666667,0,0,0,0.00045348128049031976,"[""coolant system"", ""temperature reduction"", ""coolant"", ""width restriction"", ""temperature gradient"", ""maximum and minimum thermometer""]"
graph_00,industrial_cooling_system,2,node_015,core_shuffled_graph,shuffle_19,forced shutdown risk,Risk of a forced equipment shutdown caused by thermal alarms and delayed control response.,sensing_and_control,0,1,1,1,1,1,3,,pending,1,0.8745962259722349,16,0.0625,0,0,0,0.00045348128049031976,"[""change intensity"", ""temperature reduction"", ""coolant system"", ""expansion cooling"", ""cooling air"", ""heat capacity""]"
graph_00,industrial_cooling_system,3,node_003,uniform,,ambient heat intensity,Intensity of external heat loading on the cooling system.,heat_management,1,0,0,1,1,1,3,,pending,0,0.9124236823069216,18,0.05555555555555555,0,0,0,0.00043132004819958165,"[""extreme thermal situation"", ""performance degradation"", ""coolant system"", ""pump failure"", ""severity"", ""cooling off period""]"
graph_00,industrial_cooling_system,3,node_005,uniform,,maintenance backlog severity,Severity of unresolved cooling-system maintenance work.,shutdown_and_delivery,1,0,0,0,0,1,3,,pending,0,0.9246723102930625,7,0.14285714285714285,0,0,0,0.00043132004819958165,"[""extreme thermal situation"", ""performance degradation"", ""coolant system"", ""pump failure"", ""severity"", ""cooling off period""]"
graph_00,industrial_cooling_system,3,node_010,uniform,,temperature alarm risk,Risk that accumulated heat triggers a temperature alarm.,heat_management,0,1,1,1,2,1,3,,pending,0,0.9141077786919353,15,0.06666666666666667,0,0,0,0.00043132004819958165,"[""extreme thermal situation"", ""performance degradation"", ""coolant system"", ""pump failure"", ""severity"", ""cooling off period""]"
graph_00,industrial_cooling_system,3,node_016,uniform,,repair completion delay,Delay in completing corrective coolant-loop repairs under maintenance backlog and pump pressure loss.,shutdown_and_delivery,0,1,1,1,1,1,3,,pending,0,0.9124873746258125,17,0.058823529411764705,0,0,0,0.00043132004819958165,"[""extreme thermal situation"", ""performance degradation"", ""coolant system"", ""pump failure"", ""severity"", ""cooling off period""]"
graph_00,industrial_cooling_system,3,node_003,raw_correlation,,ambient heat intensity,Intensity of external heat loading on the cooling system.,heat_management,1,0,0,1,1,1,3,,pending,0,0.9132398911865891,12,0.08333333333333333,0,0,0,0.00043132004819958165,"[""extreme thermal situation"", ""equipment failure"", ""temperature measure"", ""delayment"", ""run temperature"", ""call delay""]"
graph_00,industrial_cooling_system,3,node_005,raw_correlation,,maintenance backlog severity,Severity of unresolved cooling-system maintenance work.,shutdown_and_delivery,1,0,0,0,0,1,3,,pending,0,0.9047788196015948,7,0.14285714285714285,0,0,0,0.00043132004819958165,"[""turnaround time"", ""production control"", ""stop production"", ""shutdown"", ""delayment"", ""time delay""]"
graph_00,industrial_cooling_system,3,node_010,raw_correlation,,temperature alarm risk,Risk that accumulated heat triggers a temperature alarm.,heat_management,0,1,1,1,2,1,3,,pending,0,0.91408377879927,13,0.07692307692307693,0,0,0,0.00043132004819958165,"[""extreme thermal situation"", ""cooling off period"", ""equipment failure"", ""run temperature"", ""climate control"", ""demand valve""]"
graph_00,industrial_cooling_system,3,node_016,raw_correlation,,repair completion delay,Delay in completing corrective coolant-loop repairs under maintenance backlog and pump pressure loss.,shutdown_and_delivery,0,1,1,1,1,1,3,,pending,0,0.9139856487841744,14,0.07142857142857142,0,0,0,0.00043132004819958165,"[""pump failure"", ""performance degradation"", ""temperature reduction"", ""cooling off period"", ""extreme thermal situation"", ""coolant system""]"
graph_00,industrial_cooling_system,3,node_003,core_oracle_estimated_weights,,ambient heat intensity,Intensity of external heat loading on the cooling system.,heat_management,1,0,0,1,1,1,3,,pending,1,0.5107206995473914,2,0.5,0,1,0,0.00043132004819958165,"[""equipment""]"
graph_00,industrial_cooling_system,3,node_005,core_oracle_estimated_weights,,maintenance backlog severity,Severity of unresolved cooling-system maintenance work.,shutdown_and_delivery,1,0,0,0,0,1,3,,pending,1,-0.64920202483532,5,0.2,0,1,0,0.00043132004819958165,"[""low equipment failure"", ""low heat transmission"", ""low forced convection"", ""low energy equipment services"", ""low risk appetite"", ""low extreme thermal situation""]"
graph_00,industrial_cooling_system,3,node_010,core_oracle_estimated_weights,,temperature alarm risk,Risk that accumulated heat triggers a temperature alarm.,heat_management,0,1,1,1,2,1,3,,pending,1,0.8239024236918701,5,0.2,0,1,0,0.00043132004819958165,"[""extreme thermal situation"", ""emergency measures"", ""equipment failure"", ""emergency measure"", ""shutdown"", ""hazardous material emergency""]"
graph_00,industrial_cooling_system,3,node_016,core_oracle_estimated_weights,,repair completion delay,Delay in completing corrective coolant-loop repairs under maintenance backlog and pump pressure loss.,shutdown_and_delivery,0,1,1,1,1,1,3,,pending,1,-0.46880685410535744,3,0.3333333333333333,0,1,0,0.00043132004819958165,"[""low extreme thermal situation"", ""low pack heat"", ""low equipment failure"", ""low risk appetite"", ""low forced convection"", ""low heat transmission""]"
graph_00,industrial_cooling_system,3,node_003,core_oracle_true_weights,,ambient heat intensity,Intensity of external heat loading on the cooling system.,heat_management,1,0,0,1,1,1,3,,pending,1,0.5515202584866279,2,0.5,0,1,0,0.00043132004819958165,"[""equipment""]"
graph_00,industrial_cooling_system,3,node_005,core_oracle_true_weights,,maintenance backlog severity,Severity of unresolved cooling-system maintenance work.,shutdown_and_delivery,1,0,0,0,0,1,3,,pending,0,-0.287696807036732,4,0.25,0,1,0,0.00043132004819958165,[]
graph_00,industrial_cooling_system,3,node_010,core_oracle_true_weights,,temperature alarm risk,Risk that accumulated heat triggers a temperature alarm.,heat_management,0,1,1,1,2,1,3,,pending,1,0.8591331382137476,5,0.2,0,1,0,0.00043132004819958165,"[""extreme thermal situation"", ""equipment failure"", ""emergency measures"", ""shutdown"", ""providing heat"", ""heat production""]"
graph_00,industrial_cooling_system,3,node_016,core_oracle_true_weights,,repair completion delay,Delay in completing corrective coolant-loop repairs under maintenance backlog and pump pressure loss.,shutdown_and_delivery,0,1,1,1,1,1,3,,pending,0,0.10593767674621253,3,0.3333333333333333,0,1,0,0.00043132004819958165,[]
graph_00,industrial_cooling_system,3,node_003,core_reversed_graph,,ambient heat intensity,Intensity of external heat loading on the cooling system.,heat_management,1,0,0,1,1,1,3,,pending,1,0.8472118616955493,2,0.5,0,1,0,0.00043132004819958165,"[""equipment"", ""energy equipment services"", ""equipment casualty"", ""heat content"", ""heat insulation"", ""heat engine""]"
graph_00,industrial_cooling_system,3,node_005,core_reversed_graph,,maintenance backlog severity,Severity of unresolved cooling-system maintenance work.,shutdown_and_delivery,1,0,0,0,0,1,3,,pending,0,0.777331439893735,6,0.16666666666666666,0,0,0,0.00043132004819958165,"[""duration"", ""shutdown"", ""length of service"", ""turnaround time"", ""pump failure""]"
graph_00,industrial_cooling_system,3,node_010,core_reversed_graph,,temperature alarm risk,Risk that accumulated heat triggers a temperature alarm.,heat_management,0,1,1,1,2,1,3,,pending,1,0.7829262462607035,4,0.25,0,1,0,0.00043132004819958165,"[""equipment failure"", ""extreme thermal situation"", ""extreme emergency"", ""forced entry"", ""rescue equipment"", ""hazardous material emergency""]"
graph_00,industrial_cooling_system,3,node_016,core_reversed_graph,,repair completion delay,Delay in completing corrective coolant-loop repairs under maintenance backlog and pump pressure loss.,shutdown_and_delivery,0,1,1,1,1,1,3,,pending,0,0.8160548032744314,8,0.125,0,0,0,0.00043132004819958165,"[""shutdown"", ""length of service"", ""pump failure"", ""duration"", ""turnaround time""]"
graph_00,industrial_cooling_system,3,node_003,core_shuffled_graph,shuffle_00,ambient heat intensity,Intensity of external heat loading on the cooling system.,heat_management,1,0,0,1,1,1,3,,pending,1,0.8860769306339824,2,0.5,0,1,0,0.00043132004819958165,"[""equipment"", ""energy equipment services"", ""extreme thermal situation"", ""heat content"", ""equipment casualty"", ""accumulation point""]"
graph_00,industrial_cooling_system,3,node_005,core_shuffled_graph,shuffle_00,maintenance backlog severity,Severity of unresolved cooling-system maintenance work.,shutdown_and_delivery,1,0,0,0,0,1,3,,pending,0,0.8292634930609487,5,0.2,0,1,0,0.00043132004819958165,"[""duration"", ""shutdown"", ""shutting down"", ""length of service"", ""turnaround time""]"
graph_00,industrial_cooling_system,3,node_010,core_shuffled_graph,shuffle_00,temperature alarm risk,Risk that accumulated heat triggers a temperature alarm.,heat_management,0,1,1,1,2,1,3,,pending,0,0.4444275301427119,14,0.07142857142857142,0,0,0,0.00043132004819958165,"[""shutdown""]"
graph_00,industrial_cooling_system,3,node_016,core_shuffled_graph,shuffle_00,repair completion delay,Delay in completing corrective coolant-loop repairs under maintenance backlog and pump pressure loss.,shutdown_and_delivery,0,1,1,1,1,1,3,,pending,0,0.840358923267662,13,0.07692307692307693,0,0,0,0.00043132004819958165,"[""extreme thermal situation"", ""heat shrink"", ""temperature reduction"", ""waste heat"", ""heat-absorbing"", ""temperature gradient""]"
graph_00,industrial_cooling_system,3,node_003,core_shuffled_graph,shuffle_01,ambient heat intensity,Intensity of external heat loading on the cooling system.,heat_management,1,0,0,1,1,1,3,,pending,0,0.7027029628255564,20,0.05,0,0,0,0.00043132004819958165,"[""delay"", ""response time"", ""call delay"", ""control order"", ""delay position"", ""delayed action""]"
graph_00,industrial_cooling_system,3,node_005,core_shuffled_graph,shuffle_01,maintenance backlog severity,Severity of unresolved cooling-system maintenance work.,shutdown_and_delivery,1,0,0,0,0,1,3,,pending,0,-0.3583382606461668,19,0.05263157894736842,0,0,0,0.00043132004819958165,[]
graph_00,industrial_cooling_system,3,node_010,core_shuffled_graph,shuffle_01,temperature alarm risk,Risk that accumulated heat triggers a temperature alarm.,heat_management,0,1,1,1,2,1,3,,pending,0,0.8981217200057872,11,0.09090909090909091,0,0,0,0.00043132004819958165,"[""extreme thermal situation"", ""change intensity"", ""expansion cooling"", ""demand feeding"", ""cooling air"", ""cooling process""]"
graph_00,industrial_cooling_system,3,node_016,core_shuffled_graph,shuffle_01,repair completion delay,Delay in completing corrective coolant-loop repairs under maintenance backlog and pump pressure loss.,shutdown_and_delivery,0,1,1,1,1,1,3,,pending,0,0.8836441664425994,9,0.1111111111111111,0,0,0,0.00043132004819958165,"[""heat shrink"", ""remaining heat"", ""heat-absorbing"", ""temperature reduction"", ""equipment failure"", ""energy equipment services""]"
graph_00,industrial_cooling_system,3,node_003,core_shuffled_graph,shuffle_02,ambient heat intensity,Intensity of external heat loading on the cooling system.,heat_management,1,0,0,1,1,1,3,,pending,1,0.7183627792265967,2,0.5,0,1,0,0.00043132004819958165,"[""temperature measurement"", ""unreliability""]"
graph_00,industrial_cooling_system,3,node_005,core_shuffled_graph,shuffle_02,maintenance backlog severity,Severity of unresolved cooling-system maintenance work.,shutdown_and_delivery,1,0,0,0,0,1,3,,pending,0,0.5759849704720321,3,0.3333333333333333,0,1,0,0.00043132004819958165,"[""shutdown""]"
graph_00,industrial_cooling_system,3,node_010,core_shuffled_graph,shuffle_02,temperature alarm risk,Risk that accumulated heat triggers a temperature alarm.,heat_management,0,1,1,1,2,1,3,,pending,1,0.7913175237875152,8,0.125,0,0,0,0.00043132004819958165,"[""forced entry"", ""shutdown"", ""funding liquidity risk"", ""forced bet"", ""lockdown browser""]"
graph_00,industrial_cooling_system,3,node_016,core_shuffled_graph,shuffle_02,repair completion delay,Delay in completing corrective coolant-loop repairs under maintenance backlog and pump pressure loss.,shutdown_and_delivery,0,1,1,1,1,1,3,,pending,0,0.6752472324722779,4,0.25,0,1,0,0.00043132004819958165,"[""shutdown"", ""duration""]"
graph_00,industrial_cooling_system,3,node_003,core_shuffled_graph,shuffle_03,ambient heat intensity,Intensity of external heat loading on the cooling system.,heat_management,1,0,0,1,1,1,3,,pending,0,0.8459944092894229,16,0.0625,0,0,0,0.00043132004819958165,"[""response time"", ""duration"", ""turnaround time"", ""shutdown"", ""delay position"", ""length of service""]"
graph_00,industrial_cooling_system,3,node_005,core_shuffled_graph,shuffle_03,maintenance backlog severity,Severity of unresolved cooling-system maintenance work.,shutdown_and_delivery,1,0,0,0,0,1,3,,pending,1,0.5655991643370601,3,0.3333333333333333,0,1,0,0.00043132004819958165,"[""shutdown""]"
graph_00,industrial_cooling_system,3,node_010,core_shuffled_graph,shuffle_03,temperature alarm risk,Risk that accumulated heat triggers a temperature alarm.,heat_management,0,1,1,1,2,1,3,,pending,0,0.9042672701899866,10,0.1,0,0,0,0.00043132004819958165,"[""temperature coefficient"", ""expansion cooling"", ""change intensity"", ""buying temperature"", ""intensity level"", ""coolant system""]"
graph_00,industrial_cooling_system,3,node_016,core_shuffled_graph,shuffle_03,repair completion delay,Delay in completing corrective coolant-loop repairs under maintenance backlog and pump pressure loss.,shutdown_and_delivery,0,1,1,1,1,1,3,,pending,0,0.8613828508613274,15,0.06666666666666667,0,0,0,0.00043132004819958165,"[""pump failure"", ""compression pump"", ""pressure level"", ""reduce pressure"", ""pressure drop"", ""operating loss""]"
graph_00,industrial_cooling_system,3,node_003,core_shuffled_graph,shuffle_04,ambient heat intensity,Intensity of external heat loading on the cooling system.,heat_management,1,0,0,1,1,1,3,,pending,0,0.31610130027648264,19,0.05263157894736842,0,0,0,0.00043132004819958165,[]
graph_00,industrial_cooling_system,3,node_005,core_shuffled_graph,shuffle_04,maintenance backlog severity,Severity of unresolved cooling-system maintenance work.,shutdown_and_delivery,1,0,0,0,0,1,3,,pending,0,0.6316710421191558,11,0.09090909090909091,0,0,0,0.00043132004819958165,"[""unreliability"", ""temperature measurement""]"
graph_00,industrial_cooling_system,3,node_010,core_shuffled_graph,shuffle_04,temperature alarm risk,Risk that accumulated heat triggers a temperature alarm.,heat_management,0,1,1,1,2,1,3,,pending,1,0.8936001140215007,4,0.25,0,1,0,0.00043132004819958165,"[""control condition"", ""forced error"", ""shutdown"", ""forced bet"", ""conditional response"", ""funding liquidity risk""]"
graph_00,industrial_cooling_system,3,node_016,core_shuffled_graph,shuffle_04,repair completion delay,Delay in completing corrective coolant-loop repairs under maintenance backlog and pump pressure loss.,shutdown_and_delivery,0,1,1,1,1,1,3,,pending,1,0.49084562100334006,5,0.2,0,1,0,0.00043132004819958165,"[""forced bet"", ""shutdown"", ""forced sale""]"
graph_00,industrial_cooling_system,3,node_003,core_shuffled_graph,shuffle_05,ambient heat intensity,Intensity of external heat loading on the cooling system.,heat_management,1,0,0,1,1,1,3,,pending,0,0.3468522203492384,17,0.058823529411764705,0,0,0,0.00043132004819958165,"[""delay""]"
graph_00,industrial_cooling_system,3,node_005,core_shuffled_graph,shuffle_05,maintenance backlog severity,Severity of unresolved cooling-system maintenance work.,shutdown_and_delivery,1,0,0,0,0,1,3,,pending,0,0.6766252773066626,6,0.16666666666666666,0,0,0,0.00043132004819958165,"[""shutdown"", ""forced entry"", ""forced sale"", ""forced bet"", ""funding liquidity risk"", ""political risk""]"
graph_00,industrial_cooling_system,3,node_010,core_shuffled_graph,shuffle_05,temperature alarm risk,Risk that accumulated heat triggers a temperature alarm.,heat_management,0,1,1,1,2,1,3,,pending,0,0.8559811895129467,16,0.0625,0,0,0,0.00043132004819958165,"[""stop production"", ""coolant system"", ""shutdown"", ""broadcast delay"", ""turnaround time"", ""force majeure""]"
graph_00,industrial_cooling_system,3,node_016,core_shuffled_graph,shuffle_05,repair completion delay,Delay in completing corrective coolant-loop repairs under maintenance backlog and pump pressure loss.,shutdown_and_delivery,0,1,1,1,1,1,3,,pending,0,0.8845554141654707,12,0.08333333333333333,0,0,0,0.00043132004819958165,"[""pump failure"", ""reduce pressure"", ""cause loss"", ""compression pump"", ""propagation delay"", ""pressure level""]"
graph_00,industrial_cooling_system,3,node_003,core_shuffled_graph,shuffle_06,ambient heat intensity,Intensity of external heat loading on the cooling system.,heat_management,1,0,0,1,1,1,3,,pending,0,0.6919291518476398,19,0.05263157894736842,0,0,0,0.00043132004819958165,"[""response time"", ""delay position"", ""delay"", ""delayed action"", ""call delay"", ""control experiment""]"
graph_00,industrial_cooling_system,3,node_005,core_shuffled_graph,shuffle_06,maintenance backlog severity,Severity of unresolved cooling-system maintenance work.,shutdown_and_delivery,1,0,0,0,0,1,3,,pending,0,0.5947733662837359,15,0.06666666666666667,0,0,0,0.00043132004819958165,"[""heat production"", ""production model"", ""feature creep""]"
graph_00,industrial_cooling_system,3,node_010,core_shuffled_graph,shuffle_06,temperature alarm risk,Risk that accumulated heat triggers a temperature alarm.,heat_management,0,1,1,1,2,1,3,,pending,0,0.5110795908844731,9,0.1111111111111111,0,0,0,0.00043132004819958165,"[""expansion cooling"", ""cooling"", ""change intensity"", ""global cooling"", ""magnetic intensity"", ""cooling air""]"
graph_00,industrial_cooling_system,3,node_016,core_shuffled_graph,shuffle_06,repair completion delay,Delay in completing corrective coolant-loop repairs under maintenance backlog and pump pressure loss.,shutdown_and_delivery,0,1,1,1,1,1,3,,pending,0,0.763961111836974,7,0.14285714285714285,0,0,0,0.00043132004819958165,"[""production"", ""compression pump"", ""heat production"", ""production order"", ""production facility"", ""production costs""]"
graph_00,industrial_cooling_system,3,node_003,core_shuffled_graph,shuffle_07,ambient heat intensity,Intensity of external heat loading on the cooling system.,heat_management,1,0,0,1,1,1,3,,pending,0,0.4961572347398614,20,0.05,0,0,0,0.00043132004819958165,"[""flow control"", ""width restriction"", ""coolant system"", ""coolant"", ""restricted function""]"
graph_00,industrial_cooling_system,3,node_005,core_shuffled_graph,shuffle_07,maintenance backlog severity,Severity of unresolved cooling-system maintenance work.,shutdown_and_delivery,1,0,0,0,0,1,3,,pending,0,0.7132079039385917,10,0.1,0,0,0,0.00043132004819958165,"[""width restriction"", ""coolant system"", ""flow control"", ""coolant"", ""restricted thing"", ""restricted function""]"
graph_00,industrial_cooling_system,3,node_010,core_shuffled_graph,shuffle_07,temperature alarm risk,Risk that accumulated heat triggers a temperature alarm.,heat_management,0,1,1,1,2,1,3,,pending,0,0.842022573874895,10,0.1,0,0,0,0.00043132004819958165,"[""demand feeding"", ""change intensity"", ""forced entry"", ""conditioned avoidance response"", ""throttleable"", ""blockages""]"
graph_00,industrial_cooling_system,3,node_016,core_shuffled_graph,shuffle_07,repair completion delay,Delay in completing corrective coolant-loop repairs under maintenance backlog and pump pressure loss.,shutdown_and_delivery,0,1,1,1,1,1,3,,pending,0,0.8417572393315248,7,0.14285714285714285,0,0,0,0.00043132004819958165,"[""duration"", ""length of service"", ""shutdown"", ""shutting down"", ""turnaround time""]"
graph_00,industrial_cooling_system,3,node_003,core_shuffled_graph,shuffle_08,ambient heat intensity,Intensity of external heat loading on the cooling system.,heat_management,1,0,0,1,1,1,3,,pending,0,0.6956167070665303,18,0.05555555555555555,0,0,0,0.00043132004819958165,"[""delay payment"", ""shipment"", ""business interruption insurance"", ""shipping and handling"", ""security risk"", ""delayment""]"
graph_00,industrial_cooling_system,3,node_005,core_shuffled_graph,shuffle_08,maintenance backlog severity,Severity of unresolved cooling-system maintenance work.,shutdown_and_delivery,1,0,0,0,0,1,3,,pending,0,0.1472851071381481,6,0.16666666666666666,0,0,0,0.00043132004819958165,[]
graph_00,industrial_cooling_system,3,node_010,core_shuffled_graph,shuffle_08,temperature alarm risk,Risk that accumulated heat triggers a temperature alarm.,heat_management,0,1,1,1,2,1,3,,pending,1,0.8803185965662325,9,0.1111111111111111,0,0,0,0.00043132004819958165,"[""temperature reduction"", ""coolant system"", ""width restriction"", ""shutting out"", ""waste heat"", ""thermal barrier""]"
graph_00,industrial_cooling_system,3,node_016,core_shuffled_graph,shuffle_08,repair completion delay,Delay in completing corrective coolant-loop repairs under maintenance backlog and pump pressure loss.,shutdown_and_delivery,0,1,1,1,1,1,3,,pending,0,0.7494891939334707,8,0.125,0,0,0,0.00043132004819958165,"[""reduction in production"", ""duration"", ""width restriction"", ""length of service"", ""processing time"", ""flowtime""]"
graph_00,industrial_cooling_system,3,node_003,core_shuffled_graph,shuffle_09,ambient heat intensity,Intensity of external heat loading on the cooling system.,heat_management,1,0,0,1,1,1,3,,pending,1,-0.47172851035388996,6,0.16666666666666666,0,0,0,0.00043132004819958165,"[""low shipment""]"
graph_00,industrial_cooling_system,3,node_005,core_shuffled_graph,shuffle_09,maintenance backlog severity,Severity of unresolved cooling-system maintenance work.,shutdown_and_delivery,1,0,0,0,0,1,3,,pending,1,-0.5880887532288084,17,0.058823529411764705,0,0,0,0.00043132004819958165,"[""low shipment""]"
graph_00,industrial_cooling_system,3,node_010,core_shuffled_graph,shuffle_09,temperature alarm risk,Risk that accumulated heat triggers a temperature alarm.,heat_management,0,1,1,1,2,1,3,,pending,0,0.7828497506527322,5,0.2,0,1,0,0.00043132004819958165,"[""call delay"", ""delay position"", ""propagation delay"", ""delays"", ""shipment"", ""delay differential equation""]"
graph_00,industrial_cooling_system,3,node_016,core_shuffled_graph,shuffle_09,repair completion delay,Delay in completing corrective coolant-loop repairs under maintenance backlog and pump pressure loss.,shutdown_and_delivery,0,1,1,1,1,1,3,,pending,0,0.6899526373101315,3,0.3333333333333333,0,1,0,0.00043132004819958165,"[""shipment"", ""delay payment"", ""exchange rate risk"", ""delays"", ""shipping and handling""]"
graph_00,industrial_cooling_system,3,node_003,core_shuffled_graph,shuffle_10,ambient heat intensity,Intensity of external heat loading on the cooling system.,heat_management,1,0,0,1,1,1,3,,pending,1,-0.28509063476044727,2,0.5,0,1,0,0.00043132004819958165,"[""low shutdown""]"
graph_00,industrial_cooling_system,3,node_005,core_shuffled_graph,shuffle_10,maintenance backlog severity,Severity of unresolved cooling-system maintenance work.,shutdown_and_delivery,1,0,0,0,0,1,3,,pending,0,-0.38510646497672657,15,0.06666666666666667,0,0,0,0.00043132004819958165,"[""low shutdown""]"
graph_00,industrial_cooling_system,3,node_010,core_shuffled_graph,shuffle_10,temperature alarm risk,Risk that accumulated heat triggers a temperature alarm.,heat_management,0,1,1,1,2,1,3,,pending,0,0.7167814858674352,14,0.07142857142857142,0,0,0,0.00043132004819958165,"[""heat shrink"", ""creating by removal"", ""in deficit"", ""heat-absorbing"", ""removal module"", ""removest""]"
graph_00,industrial_cooling_system,3,node_016,core_shuffled_graph,shuffle_10,repair completion delay,Delay in completing corrective coolant-loop repairs under maintenance backlog and pump pressure loss.,shutdown_and_delivery,0,1,1,1,1,1,3,,pending,0,0.8148528722979522,16,0.0625,0,0,0,0.00043132004819958165,"[""temperature measurement"", ""unreliability"", ""pump failure"", ""pumpability"", ""buying temperature"", ""length of service""]"
graph_00,industrial_cooling_system,3,node_003,core_shuffled_graph,shuffle_11,ambient heat intensity,Intensity of external heat loading on the cooling system.,heat_management,1,0,0,1,1,1,3,,pending,0,0.19241364880393017,9,0.1111111111111111,0,0,0,0.00043132004819958165,[]
graph_00,industrial_cooling_system,3,node_005,core_shuffled_graph,shuffle_11,maintenance backlog severity,Severity of unresolved cooling-system maintenance work.,shutdown_and_delivery,1,0,0,0,0,1,3,,pending,1,-0.8404203930267622,12,0.08333333333333333,0,0,0,0.00043132004819958165,"[""low emergency relief"", ""low extreme thermal situation"", ""low evaporative cooling"", ""low threatening demand"", ""low expansion cooling"", ""low emergency measure""]"
graph_00,industrial_cooling_system,3,node_010,core_shuffled_graph,shuffle_11,temperature alarm risk,Risk that accumulated heat triggers a temperature alarm.,heat_management,0,1,1,1,2,1,3,,pending,0,0.8261433217511794,13,0.07692307692307693,0,0,0,0.00043132004819958165,"[""delays"", ""stop production"", ""production order"", ""delayed"", ""broadcast delay"", ""production cost""]"
graph_00,industrial_cooling_system,3,node_016,core_shuffled_graph,shuffle_11,repair completion delay,Delay in completing corrective coolant-loop repairs under maintenance backlog and pump pressure loss.,shutdown_and_delivery,0,1,1,1,1,1,3,,pending,0,0.7539259773770907,18,0.05555555555555555,0,0,0,0.00043132004819958165,"[""intensity level"", ""cooling off period"", ""change intensity"", ""heat capacity"", ""intrinsic brightness"", ""magnetic intensity""]"
graph_00,industrial_cooling_system,3,node_003,core_shuffled_graph,shuffle_12,ambient heat intensity,Intensity of external heat loading on the cooling system.,heat_management,1,0,0,1,1,1,3,,pending,1,0.8273724354820449,12,0.08333333333333333,0,0,0,0.00043132004819958165,"[""shutdown"", ""length of service"", ""turnaround time"", ""shutoff"", ""shutting down"", ""length of days""]"
graph_00,industrial_cooling_system,3,node_005,core_shuffled_graph,shuffle_12,maintenance backlog severity,Severity of unresolved cooling-system maintenance work.,shutdown_and_delivery,1,0,0,0,0,1,3,,pending,0,0.7691323334247768,9,0.1111111111111111,0,0,0,0.00043132004819958165,"[""shutdown"", ""screening length"", ""turnaround time"", ""time delay"", ""shutting out"", ""length of service""]"
graph_00,industrial_cooling_system,3,node_010,core_shuffled_graph,shuffle_12,temperature alarm risk,Risk that accumulated heat triggers a temperature alarm.,heat_management,0,1,1,1,2,1,3,,pending,1,0.3221126860289235,5,0.2,0,1,0,0.00043132004819958165,[]
graph_00,industrial_cooling_system,3,node_016,core_shuffled_graph,shuffle_12,repair completion delay,Delay in completing corrective coolant-loop repairs under maintenance backlog and pump pressure loss.,shutdown_and_delivery,0,1,1,1,1,1,3,,pending,0,0.785882131560414,10,0.1,0,0,0,0.00043132004819958165,"[""contamination"", ""coolant"", ""screening length"", ""biosafety level"", ""command processing overhead time"", ""coolant system""]"
graph_00,industrial_cooling_system,3,node_003,core_shuffled_graph,shuffle_13,ambient heat intensity,Intensity of external heat loading on the cooling system.,heat_management,1,0,0,1,1,1,3,,pending,0,0.7753169802427975,18,0.05555555555555555,0,0,0,0.00043132004819958165,"[""stop production"", ""forced entry"", ""call delay"", ""delay payment"", ""production control"", ""shutdown""]"
graph_00,industrial_cooling_system,3,node_005,core_shuffled_graph,shuffle_13,maintenance backlog severity,Severity of unresolved cooling-system maintenance work.,shutdown_and_delivery,1,0,0,0,0,1,3,,pending,0,0.5013278015120199,6,0.16666666666666666,0,0,0,0.00043132004819958165,"[""duration"", ""length of days""]"
graph_00,industrial_cooling_system,3,node_010,core_shuffled_graph,shuffle_13,temperature alarm risk,Risk that accumulated heat triggers a temperature alarm.,heat_management,0,1,1,1,2,1,3,,pending,0,0.8662262299682281,14,0.07142857142857142,0,0,0,0.00043132004819958165,"[""call delay"", ""delayed action"", ""response time"", ""control order"", ""delay slot"", ""control condition""]"
graph_00,industrial_cooling_system,3,node_016,core_shuffled_graph,shuffle_13,repair completion delay,Delay in completing corrective coolant-loop repairs under maintenance backlog and pump pressure loss.,shutdown_and_delivery,0,1,1,1,1,1,3,,pending,1,0.8177455795114952,4,0.25,0,1,0,0.00043132004819958165,"[""delay"", ""delay position"", ""delayed action"", ""response time"", ""call delay""]"
graph_00,industrial_cooling_system,3,node_003,core_shuffled_graph,shuffle_14,ambient heat intensity,Intensity of external heat loading on the cooling system.,heat_management,1,0,0,1,1,1,3,,pending,0,0.13255943643927862,17,0.058823529411764705,0,0,0,0.00043132004819958165,[]
graph_00,industrial_cooling_system,3,node_005,core_shuffled_graph,shuffle_14,maintenance backlog severity,Severity of unresolved cooling-system maintenance work.,shutdown_and_delivery,1,0,0,0,0,1,3,,pending,0,0.3977757685838433,11,0.09090909090909091,0,0,0,0.00043132004819958165,"[""delayed action"", ""be delayed"", ""delayed""]"
graph_00,industrial_cooling_system,3,node_010,core_shuffled_graph,shuffle_14,temperature alarm risk,Risk that accumulated heat triggers a temperature alarm.,heat_management,0,1,1,1,2,1,3,,pending,0,0.8216885785674991,14,0.07142857142857142,0,0,0,0.00043132004819958165,"[""pump failure"", ""disease severity"", ""tread wear indicator"", ""severity""]"
graph_00,industrial_cooling_system,3,node_016,core_shuffled_graph,shuffle_14,repair completion delay,Delay in completing corrective coolant-loop repairs under maintenance backlog and pump pressure loss.,shutdown_and_delivery,0,1,1,1,1,1,3,,pending,0,0.8906770650075576,3,0.3333333333333333,0,1,0,0.00043132004819958165,"[""production order"", ""delays"", ""pump failure"", ""delayed"", ""broadcast delay"", ""production costs""]"
graph_00,industrial_cooling_system,3,node_003,core_shuffled_graph,shuffle_15,ambient heat intensity,Intensity of external heat loading on the cooling system.,heat_management,1,0,0,1,1,1,3,,pending,0,0.8242122023659115,4,0.25,0,1,0,0.00043132004819958165,"[""temperature measurement"", ""unreliability""]"
graph_00,industrial_cooling_system,3,node_005,core_shuffled_graph,shuffle_15,maintenance backlog severity,Severity of unresolved cooling-system maintenance work.,shutdown_and_delivery,1,0,0,0,0,1,3,,pending,0,0.13446441874166662,10,0.1,0,0,0,0.00043132004819958165,[]
graph_00,industrial_cooling_system,3,node_010,core_shuffled_graph,shuffle_15,temperature alarm risk,Risk that accumulated heat triggers a temperature alarm.,heat_management,0,1,1,1,2,1,3,,pending,0,0.8774587859754909,12,0.08333333333333333,0,0,0,0.00043132004819958165,"[""shutdown"", ""length of service"", ""emergency measure"", ""extreme thermal situation"", ""cooling off period"", ""emergency relief""]"
graph_00,industrial_cooling_system,3,node_016,core_shuffled_graph,shuffle_15,repair completion delay,Delay in completing corrective coolant-loop repairs under maintenance backlog and pump pressure loss.,shutdown_and_delivery,0,1,1,1,1,1,3,,pending,0,0.6092773278184817,10,0.1,0,0,0,0.00043132004819958165,"[""cooling process"", ""production order"", ""behind schedule"", ""production values"", ""delaying"", ""production costs""]"
graph_00,industrial_cooling_system,3,node_003,core_shuffled_graph,shuffle_16,ambient heat intensity,Intensity of external heat loading on the cooling system.,heat_management,1,0,0,1,1,1,3,,pending,0,0.614816024816643,20,0.05,0,0,0,0.00043132004819958165,"[""control function"", ""fractal response time"", ""control coupling"", ""control order"", ""frequency response""]"
graph_00,industrial_cooling_system,3,node_005,core_shuffled_graph,shuffle_16,maintenance backlog severity,Severity of unresolved cooling-system maintenance work.,shutdown_and_delivery,1,0,0,0,0,1,3,,pending,0,-0.32112448908927477,19,0.05263157894736842,0,0,0,0.00043132004819958165,[]
graph_00,industrial_cooling_system,3,node_010,core_shuffled_graph,shuffle_16,temperature alarm risk,Risk that accumulated heat triggers a temperature alarm.,heat_management,0,1,1,1,2,1,3,,pending,0,0.6840185894512698,3,0.3333333333333333,0,1,0,0.00043132004819958165,"[""forced bet"", ""shutdown"", ""risked"", ""forced sale""]"
graph_00,industrial_cooling_system,3,node_016,core_shuffled_graph,shuffle_16,repair completion delay,Delay in completing corrective coolant-loop repairs under maintenance backlog and pump pressure loss.,shutdown_and_delivery,0,1,1,1,1,1,3,,pending,0,0.34813835304440777,8,0.125,0,0,0,0.00043132004819958165,"[""piece of equipment""]"
graph_00,industrial_cooling_system,3,node_003,core_shuffled_graph,shuffle_17,ambient heat intensity,Intensity of external heat loading on the cooling system.,heat_management,1,0,0,1,1,1,3,,pending,1,0.6645326097759171,8,0.125,0,0,0,0.00043132004819958165,"[""duration"", ""peak flow meter"", ""shutdown"", ""business conditions"", ""buying temperature"", ""price freeze""]"
graph_00,industrial_cooling_system,3,node_005,core_shuffled_graph,shuffle_17,maintenance backlog severity,Severity of unresolved cooling-system maintenance work.,shutdown_and_delivery,1,0,0,0,0,1,3,,pending,0,0.618652993469202,6,0.16666666666666666,0,0,0,0.00043132004819958165,"[""delayed"", ""delays"", ""production order"", ""be delayed"", ""broadcast delay"", ""stop production""]"
graph_00,industrial_cooling_system,3,node_010,core_shuffled_graph,shuffle_17,temperature alarm risk,Risk that accumulated heat triggers a temperature alarm.,heat_management,0,1,1,1,2,1,3,,pending,1,0.8368609750861854,12,0.08333333333333333,0,0,0,0.00043132004819958165,"[""shutdown"", ""length of service"", ""turnaround time"", ""shutting down"", ""duration""]"
graph_00,industrial_cooling_system,3,node_016,core_shuffled_graph,shuffle_17,repair completion delay,Delay in completing corrective coolant-loop repairs under maintenance backlog and pump pressure loss.,shutdown_and_delivery,0,1,1,1,1,1,3,,pending,0,0.8910693412338186,7,0.14285714285714285,0,0,0,0.00043132004819958165,"[""pump failure"", ""disease severity"", ""length of service"", ""severity"", ""tread wear indicator"", ""delay payment""]"
graph_00,industrial_cooling_system,3,node_003,core_shuffled_graph,shuffle_18,ambient heat intensity,Intensity of external heat loading on the cooling system.,heat_management,1,0,0,1,1,1,3,,pending,0,-0.2712598940179652,6,0.16666666666666666,0,0,0,0.00043132004819958165,[]
graph_00,industrial_cooling_system,3,node_005,core_shuffled_graph,shuffle_18,maintenance backlog severity,Severity of unresolved cooling-system maintenance work.,shutdown_and_delivery,1,0,0,0,0,1,3,,pending,0,0.27293614241648506,16,0.0625,0,0,0,0.00043132004819958165,[]
graph_00,industrial_cooling_system,3,node_010,core_shuffled_graph,shuffle_18,temperature alarm risk,Risk that accumulated heat triggers a temperature alarm.,heat_management,0,1,1,1,2,1,3,,pending,0,0.6421536064665871,8,0.125,0,0,0,0.00043132004819958165,"[""shutdown"", ""duration"", ""length of service""]"
graph_00,industrial_cooling_system,3,node_016,core_shuffled_graph,shuffle_18,repair completion delay,Delay in completing corrective coolant-loop repairs under maintenance backlog and pump pressure loss.,shutdown_and_delivery,0,1,1,1,1,1,3,,pending,0,0.8695899426612637,8,0.125,0,0,0,0.00043132004819958165,"[""pump failure"", ""shutdown"", ""length of service"", ""turnaround time"", ""operating loss"", ""shutting down""]"
graph_00,industrial_cooling_system,3,node_003,core_shuffled_graph,shuffle_19,ambient heat intensity,Intensity of external heat loading on the cooling system.,heat_management,1,0,0,1,1,1,3,,pending,1,0.6341926424138719,3,0.3333333333333333,0,1,0,0.00043132004819958165,"[""extreme thermal situation"", ""emergency relief"", ""evaporative cooler""]"
graph_00,industrial_cooling_system,3,node_005,core_shuffled_graph,shuffle_19,maintenance backlog severity,Severity of unresolved cooling-system maintenance work.,shutdown_and_delivery,1,0,0,0,0,1,3,,pending,0,0.04107475700800604,15,0.06666666666666667,0,0,0,0.00043132004819958165,[]
graph_00,industrial_cooling_system,3,node_010,core_shuffled_graph,shuffle_19,temperature alarm risk,Risk that accumulated heat triggers a temperature alarm.,heat_management,0,1,1,1,2,1,3,,pending,1,0.8790631688975512,11,0.09090909090909091,0,0,0,0.00043132004819958165,"[""expansion cooling"", ""change intensity"", ""intensity level"", ""demand characteristic"", ""cooling air"", ""global cooling""]"
graph_00,industrial_cooling_system,3,node_016,core_shuffled_graph,shuffle_19,repair completion delay,Delay in completing corrective coolant-loop repairs under maintenance backlog and pump pressure loss.,shutdown_and_delivery,0,1,1,1,1,1,3,,pending,0,0.7976707204664756,15,0.06666666666666667,0,0,0,0.00043132004819958165,"[""blockage"", ""intake"", ""disease severity"", ""intake silencer"", ""blockages"", ""intake system""]"
graph_00,industrial_cooling_system,4,node_004,uniform,,sensor drift severity,Severity of calibration drift in the temperature sensor.,sensing_and_control,1,0,0,1,1,1,4,,pending,0,0.9148099855968823,16,0.0625,0,0,0,0.0004289255318940402,"[""extreme thermal situation"", ""performance degradation"", ""pump failure"", ""severity"", ""equipment failure"", ""temperature measure""]"
graph_00,industrial_cooling_system,4,node_006,uniform,,coolant flow restriction,Restriction of coolant flow caused by blockage and contamination.,intake_and_pressure,0,1,2,1,2,1,4,,pending,0,0.9185157171994712,12,0.08333333333333333,0,0,0,0.0004289255318940402,"[""extreme thermal situation"", ""performance degradation"", ""pump failure"", ""severity"", ""equipment failure"", ""temperature measure""]"
graph_00,industrial_cooling_system,4,node_011,uniform,,cooling demand intensity,Intensity of additional cooling demanded by the thermal load.,heat_management,0,1,2,1,1,1,4,,pending,0,0.9263128812057742,6,0.16666666666666666,0,0,0,0.0004289255318940402,"[""extreme thermal situation"", ""performance degradation"", ""pump failure"", ""severity"", ""equipment failure"", ""temperature measure""]"
graph_00,industrial_cooling_system,4,node_017,uniform,,shutdown duration,Duration for which the equipment remains shut down.,shutdown_and_delivery,0,1,3,1,1,1,4,,pending,1,0.9068417091275394,20,0.05,0,0,0,0.0004289255318940402,"[""extreme thermal situation"", ""performance degradation"", ""pump failure"", ""severity"", ""equipment failure"", ""temperature measure""]"
graph_00,industrial_cooling_system,4,node_004,raw_correlation,,sensor drift severity,Severity of calibration drift in the temperature sensor.,sensing_and_control,1,0,0,1,1,1,4,,pending,1,0.9063249036636833,10,0.1,0,0,0,0.0004289255318940402,"[""temperature measurement"", ""unreliability"", ""call delay"", ""delay differential equation"", ""temperature coefficient"", ""climate control""]"
graph_00,industrial_cooling_system,4,node_006,raw_correlation,,coolant flow restriction,Restriction of coolant flow caused by blockage and contamination.,intake_and_pressure,0,1,2,1,2,1,4,,pending,1,0.9251992913542582,7,0.14285714285714285,0,0,0,0.0004289255318940402,"[""extreme thermal situation"", ""temperature reduction"", ""equipment failure"", ""performance degradation"", ""heat transmission"", ""coolant system""]"
graph_00,industrial_cooling_system,4,node_011,raw_correlation,,cooling demand intensity,Intensity of additional cooling demanded by the thermal load.,heat_management,0,1,2,1,1,1,4,,pending,1,0.9287277051974352,4,0.25,0,1,0,0.0004289255318940402,"[""extreme thermal situation"", ""equipment failure"", ""temperature reduction"", ""performance degradation"", ""climate control"", ""call delay""]"
graph_00,industrial_cooling_system,4,node_017,raw_correlation,,shutdown duration,Duration for which the equipment remains shut down.,shutdown_and_delivery,0,1,3,1,1,1,4,,pending,1,0.9087113581826493,18,0.05555555555555555,0,0,0,0.0004289255318940402,"[""extreme thermal situation"", ""equipment failure"", ""call delay"", ""performance degradation"", ""climate control"", ""delayment""]"
graph_00,industrial_cooling_system,4,node_004,core_oracle_estimated_weights,,sensor drift severity,Severity of calibration drift in the temperature sensor.,sensing_and_control,1,0,0,1,1,1,4,,pending,1,0.5433320669457815,3,0.3333333333333333,0,1,0,0.0004289255318940402,"[""unreliability""]"
graph_00,industrial_cooling_system,4,node_006,core_oracle_estimated_weights,,coolant flow restriction,Restriction of coolant flow caused by blockage and contamination.,intake_and_pressure,0,1,2,1,2,1,4,,pending,1,0.9150282547660485,4,0.25,0,1,0,0.0004289255318940402,"[""separation energy"", ""intake silencer"", ""search leakage"", ""temperature reduction"", ""appetite suppressant"", ""coolant system""]"
graph_00,industrial_cooling_system,4,node_011,core_oracle_estimated_weights,,cooling demand intensity,Intensity of additional cooling demanded by the thermal load.,heat_management,0,1,2,1,1,1,4,,pending,1,0.9320496959694478,4,0.25,0,1,0,0.0004289255318940402,"[""extreme thermal situation"", ""energy equipment services"", ""heat-absorbing"", ""remaining heat"", ""expansion cooling"", ""heat capacity""]"
graph_00,industrial_cooling_system,4,node_017,core_oracle_estimated_weights,,shutdown duration,Duration for which the equipment remains shut down.,shutdown_and_delivery,0,1,3,1,1,1,4,,pending,1,0.9095472740111428,6,0.16666666666666666,0,0,0,0.0004289255318940402,"[""equipment failure"", ""delay payment"", ""completion of construction"", ""risk of infection"", ""delayment"", ""extreme thermal situation""]"
graph_00,industrial_cooling_system,4,node_004,core_oracle_true_weights,,sensor drift severity,Severity of calibration drift in the temperature sensor.,sensing_and_control,1,0,0,1,1,1,4,,pending,1,0.6021805009491215,3,0.3333333333333333,0,1,0,0.0004289255318940402,"[""unreliability"", ""temperature measurement""]"
graph_00,industrial_cooling_system,4,node_006,core_oracle_true_weights,,coolant flow restriction,Restriction of coolant flow caused by blockage and contamination.,intake_and_pressure,0,1,2,1,2,1,4,,pending,1,0.9222250031913106,4,0.25,0,1,0,0.0004289255318940402,"[""intake silencer"", ""coolant system"", ""blockage"", ""disease severity"", ""separation energy"", ""contamination""]"
graph_00,industrial_cooling_system,4,node_011,core_oracle_true_weights,,cooling demand intensity,Intensity of additional cooling demanded by the thermal load.,heat_management,0,1,2,1,1,1,4,,pending,1,0.9266668960939191,4,0.25,0,1,0,0.0004289255318940402,"[""extreme thermal situation"", ""energy equipment services"", ""remaining heat"", ""heat-absorbing"", ""heat capacity"", ""heat shrink""]"
graph_00,industrial_cooling_system,4,node_017,core_oracle_true_weights,,shutdown duration,Duration for which the equipment remains shut down.,shutdown_and_delivery,0,1,3,1,1,1,4,,pending,1,0.911543483458068,6,0.16666666666666666,0,0,0,0.0004289255318940402,"[""equipment failure"", ""delay payment"", ""completion of construction"", ""production order"", ""call delay"", ""extreme thermal situation""]"
graph_00,industrial_cooling_system,4,node_004,core_reversed_graph,,sensor drift severity,Severity of calibration drift in the temperature sensor.,sensing_and_control,1,0,0,1,1,1,4,,pending,1,0.8310022005489722,4,0.25,0,1,0,0.0004289255318940402,"[""unreliability"", ""temperature measurement""]"
graph_00,industrial_cooling_system,4,node_006,core_reversed_graph,,coolant flow restriction,Restriction of coolant flow caused by blockage and contamination.,intake_and_pressure,0,1,2,1,2,1,4,,pending,1,0.9304564938441788,4,0.25,0,1,0,0.0004289255318940402,"[""search leakage"", ""temperature reduction"", ""disease severity"", ""separation energy"", ""coolant system"", ""fluid absorption""]"
graph_00,industrial_cooling_system,4,node_011,core_reversed_graph,,cooling demand intensity,Intensity of additional cooling demanded by the thermal load.,heat_management,0,1,2,1,1,1,4,,pending,1,0.769218867919897,3,0.3333333333333333,0,1,0,0.0004289255318940402,"[""heat-absorbing"", ""deplete"", ""expansion cooling"", ""restoring energy"", ""hot extraction"", ""drained""]"
graph_00,industrial_cooling_system,4,node_017,core_reversed_graph,,shutdown duration,Duration for which the equipment remains shut down.,shutdown_and_delivery,0,1,3,1,1,1,4,,pending,1,0.8877626658451011,7,0.14285714285714285,0,0,0,0.0004289255318940402,"[""production order"", ""equipment failure"", ""delay payment"", ""stop production"", ""broadcast delay"", ""delayed""]"
graph_00,industrial_cooling_system,4,node_004,core_shuffled_graph,shuffle_00,sensor drift severity,Severity of calibration drift in the temperature sensor.,sensing_and_control,1,0,0,1,1,1,4,,pending,0,0.4882468163640005,2,0.5,0,1,0,0.0004289255318940402,"[""unreliability""]"
graph_00,industrial_cooling_system,4,node_006,core_shuffled_graph,shuffle_00,coolant flow restriction,Restriction of coolant flow caused by blockage and contamination.,intake_and_pressure,0,1,2,1,2,1,4,,pending,1,0.8769390437293768,6,0.16666666666666666,0,0,0,0.0004289255318940402,"[""temperature measurement"", ""unreliability"", ""thermal equilibrium"", ""thermal conductance"", ""differential thermal analysis"", ""thermal conductivity""]"
graph_00,industrial_cooling_system,4,node_011,core_shuffled_graph,shuffle_00,cooling demand intensity,Intensity of additional cooling demanded by the thermal load.,heat_management,0,1,2,1,1,1,4,,pending,1,0.8999235112822895,6,0.16666666666666666,0,0,0,0.0004289255318940402,"[""temperature measurement"", ""unreliability"", ""equivalent potential temperature"", ""extreme thermal situation"", ""perceived temperature"", ""heat conductivity""]"
graph_00,industrial_cooling_system,4,node_017,core_shuffled_graph,shuffle_00,shutdown duration,Duration for which the equipment remains shut down.,shutdown_and_delivery,0,1,3,1,1,1,4,,pending,0,0.87557628682149,15,0.06666666666666667,0,0,0,0.0004289255318940402,"[""temperature reduction"", ""heat detector"", ""extreme thermal situation"", ""temperature gradient"", ""temperature measure"", ""unsystematic risk""]"
graph_00,industrial_cooling_system,4,node_004,core_shuffled_graph,shuffle_01,sensor drift severity,Severity of calibration drift in the temperature sensor.,sensing_and_control,1,0,0,1,1,1,4,,pending,0,0.7707606033169452,8,0.125,0,0,0,0.0004289255318940402,"[""delay"", ""call delay"", ""control order"", ""delay position"", ""delayed action"", ""response time""]"
graph_00,industrial_cooling_system,4,node_006,core_shuffled_graph,shuffle_01,coolant flow restriction,Restriction of coolant flow caused by blockage and contamination.,intake_and_pressure,0,1,2,1,2,1,4,,pending,0,0.9099066333717872,5,0.2,0,1,0,0.0004289255318940402,"[""inversion of control"", ""intake silencer"", ""conditioned avoidance response"", ""suppression"", ""blockage"", ""delayed action""]"
graph_00,industrial_cooling_system,4,node_011,core_shuffled_graph,shuffle_01,cooling demand intensity,Intensity of additional cooling demanded by the thermal load.,heat_management,0,1,2,1,1,1,4,,pending,0,0.7417522026758018,11,0.09090909090909091,0,0,0,0.0004289255318940402,"[""temperature indicator light"", ""raise alarm"", ""heat detector"", ""alarm gauge"", ""temperature measure"", ""security risk""]"
graph_00,industrial_cooling_system,4,node_017,core_shuffled_graph,shuffle_01,shutdown duration,Duration for which the equipment remains shut down.,shutdown_and_delivery,0,1,3,1,1,1,4,,pending,1,0.46868884521647586,2,0.5,0,1,0,0.0004289255318940402,"[""forced bet"", ""forced entry""]"
graph_00,industrial_cooling_system,4,node_004,core_shuffled_graph,shuffle_02,sensor drift severity,Severity of calibration drift in the temperature sensor.,sensing_and_control,1,0,0,1,1,1,4,,pending,1,0.7649391298157032,6,0.16666666666666666,0,0,0,0.0004289255318940402,"[""unreliability"", ""delays"", ""production control"", ""time-delay measuring instrument"", ""delay"", ""delayable""]"
graph_00,industrial_cooling_system,4,node_006,core_shuffled_graph,shuffle_02,coolant flow restriction,Restriction of coolant flow caused by blockage and contamination.,intake_and_pressure,0,1,2,1,2,1,4,,pending,1,0.8672612882519145,9,0.1111111111111111,0,0,0,0.0004289255318940402,"[""temperature measurement"", ""unreliability"", ""temperature indicator light"", ""constant temperature"", ""standard temperature"", ""heat production""]"
graph_00,industrial_cooling_system,4,node_011,core_shuffled_graph,shuffle_02,cooling demand intensity,Intensity of additional cooling demanded by the thermal load.,heat_management,0,1,2,1,1,1,4,,pending,1,0.8835402913625797,5,0.2,0,1,0,0.0004289255318940402,"[""pump failure"", ""demand valve"", ""run temperature"", ""force pump"", ""critically damped"", ""control condition""]"
graph_00,industrial_cooling_system,4,node_017,core_shuffled_graph,shuffle_02,shutdown duration,Duration for which the equipment remains shut down.,shutdown_and_delivery,0,1,3,1,1,1,4,,pending,1,0.8910496545088524,9,0.1111111111111111,0,0,0,0.0004289255318940402,"[""failed repair"", ""call delay"", ""emergency relief"", ""delay payment"", ""expansion cooling"", ""extreme thermal situation""]"
graph_00,industrial_cooling_system,4,node_004,core_shuffled_graph,shuffle_03,sensor drift severity,Severity of calibration drift in the temperature sensor.,sensing_and_control,1,0,0,1,1,1,4,,pending,1,0.5056153067592174,4,0.25,0,1,0,0.0004289255318940402,"[""unreliability"", ""temperature measurement""]"
graph_00,industrial_cooling_system,4,node_006,core_shuffled_graph,shuffle_03,coolant flow restriction,Restriction of coolant flow caused by blockage and contamination.,intake_and_pressure,0,1,2,1,2,1,4,,pending,0,0.5608477622966265,9,0.1111111111111111,0,0,0,0.0004289255318940402,"[""buying temperature"", ""temperature gauge"", ""emergency relief"", ""extreme heat"", ""extreme thermal situation"", ""keeping cool""]"
graph_00,industrial_cooling_system,4,node_011,core_shuffled_graph,shuffle_03,cooling demand intensity,Intensity of additional cooling demanded by the thermal load.,heat_management,0,1,2,1,1,1,4,,pending,0,0.8048524536885968,2,0.5,0,1,0,0.0004289255318940402,"[""buying temperature"", ""extreme thermal situation"", ""temperature gauge"", ""extreme heat"", ""emergency relief"", ""perceived temperature""]"
graph_00,industrial_cooling_system,4,node_017,core_shuffled_graph,shuffle_03,shutdown duration,Duration for which the equipment remains shut down.,shutdown_and_delivery,0,1,3,1,1,1,4,,pending,1,0.8901519592271324,7,0.14285714285714285,0,0,0,0.0004289255318940402,"[""response time"", ""control condition"", ""call delay"", ""delayed action"", ""control engineering"", ""propagation delay""]"
graph_00,industrial_cooling_system,4,node_004,core_shuffled_graph,shuffle_04,sensor drift severity,Severity of calibration drift in the temperature sensor.,sensing_and_control,1,0,0,1,1,1,4,,pending,1,0.8540779529557968,5,0.2,0,1,0,0.0004289255318940402,"[""temperature measurement"", ""unreliability""]"
graph_00,industrial_cooling_system,4,node_006,core_shuffled_graph,shuffle_04,coolant flow restriction,Restriction of coolant flow caused by blockage and contamination.,intake_and_pressure,0,1,2,1,2,1,4,,pending,1,0.8903868990561432,3,0.3333333333333333,0,1,0,0.0004289255318940402,"[""temperature reduction"", ""heat-absorbing"", ""creating by removal"", ""oxygen deficit"", ""structural deficit"", ""removal module""]"
graph_00,industrial_cooling_system,4,node_011,core_shuffled_graph,shuffle_04,cooling demand intensity,Intensity of additional cooling demanded by the thermal load.,heat_management,0,1,2,1,1,1,4,,pending,1,0.9294410761550624,4,0.25,0,1,0,0.0004289255318940402,"[""extreme thermal situation"", ""temperature gradient"", ""temperature reduction"", ""emergency relief"", ""emergency measure"", ""heat exhaustion""]"
graph_00,industrial_cooling_system,4,node_017,core_shuffled_graph,shuffle_04,shutdown duration,Duration for which the equipment remains shut down.,shutdown_and_delivery,0,1,3,1,1,1,4,,pending,1,0.7485939881877582,16,0.0625,0,0,0,0.0004289255318940402,"[""equipment"", ""energy equipment services"", ""extreme thermal situation"", ""heat content"", ""heat insulation"", ""heat engine""]"
graph_00,industrial_cooling_system,4,node_004,core_shuffled_graph,shuffle_05,sensor drift severity,Severity of calibration drift in the temperature sensor.,sensing_and_control,1,0,0,1,1,1,4,,pending,0,0.8267308531681924,12,0.08333333333333333,0,0,0,0.0004289255318940402,"[""shutdown"", ""forced bet"", ""forced entry"", ""risk of infection"", ""funding liquidity risk"", ""forced sale""]"
graph_00,industrial_cooling_system,4,node_006,core_shuffled_graph,shuffle_05,coolant flow restriction,Restriction of coolant flow caused by blockage and contamination.,intake_and_pressure,0,1,2,1,2,1,4,,pending,1,0.8281960832500325,12,0.08333333333333333,0,0,0,0.0004289255318940402,"[""raise alarm"", ""security risk"", ""call delay"", ""exchange rate risk"", ""acute kidney failure"", ""specific risk""]"
graph_00,industrial_cooling_system,4,node_011,core_shuffled_graph,shuffle_05,cooling demand intensity,Intensity of additional cooling demanded by the thermal load.,heat_management,0,1,2,1,1,1,4,,pending,1,0.9227266103111269,2,0.5,0,1,0,0.0004289255318940402,"[""emergency relief"", ""threatening demand"", ""evaporative cooling"", ""oxygen demand"", ""extreme emergency"", ""expansion cooling""]"
graph_00,industrial_cooling_system,4,node_017,core_shuffled_graph,shuffle_05,shutdown duration,Duration for which the equipment remains shut down.,shutdown_and_delivery,0,1,3,1,1,1,4,,pending,0,0.8642306883007863,18,0.05555555555555555,0,0,0,0.0004289255318940402,"[""temperature measurement"", ""temperature indicator light"", ""unsystematic risk"", ""temperature measure"", ""unreliability"", ""temperature reduction""]"
graph_00,industrial_cooling_system,4,node_004,core_shuffled_graph,shuffle_06,sensor drift severity,Severity of calibration drift in the temperature sensor.,sensing_and_control,1,0,0,1,1,1,4,,pending,0,0.8281087803630381,10,0.1,0,0,0,0.0004289255318940402,"[""temperature measurement"", ""unreliability"", ""stop production"", ""unsystematic risk"", ""forced bet"", ""delayable""]"
graph_00,industrial_cooling_system,4,node_006,core_shuffled_graph,shuffle_06,coolant flow restriction,Restriction of coolant flow caused by blockage and contamination.,intake_and_pressure,0,1,2,1,2,1,4,,pending,1,0.7856670854811372,5,0.2,0,1,0,0.0004289255318940402,"[""call delay"", ""control order"", ""delay"", ""delayed action"", ""response time"", ""delay position""]"
graph_00,industrial_cooling_system,4,node_011,core_shuffled_graph,shuffle_06,cooling demand intensity,Intensity of additional cooling demanded by the thermal load.,heat_management,0,1,2,1,1,1,4,,pending,0,0.8914101190407457,12,0.08333333333333333,0,0,0,0.0004289255318940402,"[""climate control"", ""temperature indicator light"", ""call delay"", ""pump failure"", ""startle response"", ""pressure regulator""]"
graph_00,industrial_cooling_system,4,node_017,core_shuffled_graph,shuffle_06,shutdown duration,Duration for which the equipment remains shut down.,shutdown_and_delivery,0,1,3,1,1,1,4,,pending,0,0.12587488751055753,13,0.07692307692307693,0,0,0,0.0004289255318940402,[]
graph_00,industrial_cooling_system,4,node_004,core_shuffled_graph,shuffle_07,sensor drift severity,Severity of calibration drift in the temperature sensor.,sensing_and_control,1,0,0,1,1,1,4,,pending,0,0.527316678869458,12,0.08333333333333333,0,0,0,0.0004289255318940402,"[""failed repair""]"
graph_00,industrial_cooling_system,4,node_006,core_shuffled_graph,shuffle_07,coolant flow restriction,Restriction of coolant flow caused by blockage and contamination.,intake_and_pressure,0,1,2,1,2,1,4,,pending,1,0.870442857316514,6,0.16666666666666666,0,0,0,0.0004289255318940402,"[""forced entry"", ""risk of infection"", ""forced bet"", ""business interruption insurance"", ""shutdown"", ""operational damage""]"
graph_00,industrial_cooling_system,4,node_011,core_shuffled_graph,shuffle_07,cooling demand intensity,Intensity of additional cooling demanded by the thermal load.,heat_management,0,1,2,1,1,1,4,,pending,0,0.8485286701769593,15,0.06666666666666667,0,0,0,0.0004289255318940402,"[""forced bet"", ""forced entry"", ""shutdown"", ""failed repair"", ""risk of infection"", ""funding liquidity risk""]"
graph_00,industrial_cooling_system,4,node_017,core_shuffled_graph,shuffle_07,shutdown duration,Duration for which the equipment remains shut down.,shutdown_and_delivery,0,1,3,1,1,1,4,,pending,0,0.8774428475848962,6,0.16666666666666666,0,0,0,0.0004289255318940402,"[""failed repair"", ""delay payment"", ""call delay"", ""completion of construction"", ""anticipatory completion"", ""repair to""]"
graph_00,industrial_cooling_system,4,node_004,core_shuffled_graph,shuffle_08,sensor drift severity,Severity of calibration drift in the temperature sensor.,sensing_and_control,1,0,0,1,1,1,4,,pending,0,0.7350512380864402,13,0.07692307692307693,0,0,0,0.0004289255318940402,"[""production control"", ""delays"", ""load factor"", ""delayed"", ""annuality"", ""broadcast delay""]"
graph_00,industrial_cooling_system,4,node_006,core_shuffled_graph,shuffle_08,coolant flow restriction,Restriction of coolant flow caused by blockage and contamination.,intake_and_pressure,0,1,2,1,2,1,4,,pending,1,0.8736743973553311,10,0.1,0,0,0,0.0004289255318940402,"[""risk of infection"", ""thermal relay"", ""failed repair"", ""call delay"", ""extreme thermal situation"", ""climate control""]"
graph_00,industrial_cooling_system,4,node_011,core_shuffled_graph,shuffle_08,cooling demand intensity,Intensity of additional cooling demanded by the thermal load.,heat_management,0,1,2,1,1,1,4,,pending,0,0.9003415042106034,4,0.25,0,1,0,0.0004289255318940402,"[""equipment failure"", ""heat conductivity"", ""delayed action"", ""energy equipment services"", ""response time"", ""remaining heat""]"
graph_00,industrial_cooling_system,4,node_017,core_shuffled_graph,shuffle_08,shutdown duration,Duration for which the equipment remains shut down.,shutdown_and_delivery,0,1,3,1,1,1,4,,pending,0,0.8724511928989299,11,0.09090909090909091,0,0,0,0.0004289255318940402,"[""extreme thermal situation"", ""external risk"", ""heat production"", ""accident risk"", ""intensity level"", ""raise alarm""]"
graph_00,industrial_cooling_system,4,node_004,core_shuffled_graph,shuffle_09,sensor drift severity,Severity of calibration drift in the temperature sensor.,sensing_and_control,1,0,0,1,1,1,4,,pending,0,0.6728480629167363,12,0.08333333333333333,0,0,0,0.0004289255318940402,"[""forced bet"", ""shutdown"", ""forced entry"", ""compulsory purchase""]"
graph_00,industrial_cooling_system,4,node_006,core_shuffled_graph,shuffle_09,coolant flow restriction,Restriction of coolant flow caused by blockage and contamination.,intake_and_pressure,0,1,2,1,2,1,4,,pending,1,0.9029139510327452,5,0.2,0,1,0,0.0004289255318940402,"[""stop production"", ""coolant system"", ""risk of infection"", ""forced error"", ""burden of production"", ""postponement""]"
graph_00,industrial_cooling_system,4,node_011,core_shuffled_graph,shuffle_09,cooling demand intensity,Intensity of additional cooling demanded by the thermal load.,heat_management,0,1,2,1,1,1,4,,pending,0,0.8912070707879491,9,0.1111111111111111,0,0,0,0.0004289255318940402,"[""risk of infection"", ""shutdown"", ""extreme thermal situation"", ""forced error"", ""forced convection"", ""forced entry""]"
graph_00,industrial_cooling_system,4,node_017,core_shuffled_graph,shuffle_09,shutdown duration,Duration for which the equipment remains shut down.,shutdown_and_delivery,0,1,3,1,1,1,4,,pending,0,0.3465022497420527,14,0.07142857142857142,0,0,0,0.0004289255318940402,"[""extreme emergency""]"
graph_00,industrial_cooling_system,4,node_004,core_shuffled_graph,shuffle_10,sensor drift severity,Severity of calibration drift in the temperature sensor.,sensing_and_control,1,0,0,1,1,1,4,,pending,1,0.7397543339448,4,0.25,0,1,0,0.0004289255318940402,"[""unreliability"", ""temperature measurement""]"
graph_00,industrial_cooling_system,4,node_006,core_shuffled_graph,shuffle_10,coolant flow restriction,Restriction of coolant flow caused by blockage and contamination.,intake_and_pressure,0,1,2,1,2,1,4,,pending,1,0.8495991326100768,5,0.2,0,1,0,0.0004289255318940402,"[""delay"", ""production control"", ""delayed action"", ""call delay"", ""delay position"", ""delay slot""]"
graph_00,industrial_cooling_system,4,node_011,core_shuffled_graph,shuffle_10,cooling demand intensity,Intensity of additional cooling demanded by the thermal load.,heat_management,0,1,2,1,1,1,4,,pending,0,0.8572264682516575,14,0.07142857142857142,0,0,0,0.0004289255318940402,"[""shutdown"", ""forced bet"", ""stop production"", ""delayed action"", ""call delay"", ""production control""]"
graph_00,industrial_cooling_system,4,node_017,core_shuffled_graph,shuffle_10,shutdown duration,Duration for which the equipment remains shut down.,shutdown_and_delivery,0,1,3,1,1,1,4,,pending,0,0.8557303621701007,19,0.05263157894736842,0,0,0,0.0004289255318940402,"[""equipment casualty"", ""equipment failure"", ""extreme thermal situation"", ""heat transmission"", ""delayment"", ""delay payment""]"
graph_00,industrial_cooling_system,4,node_004,core_shuffled_graph,shuffle_11,sensor drift severity,Severity of calibration drift in the temperature sensor.,sensing_and_control,1,0,0,1,1,1,4,,pending,0,0.6901625847193253,12,0.08333333333333333,0,0,0,0.0004289255318940402,"[""shutdown"", ""forced bet"", ""forced error"", ""uncontrovertible"", ""unprofitability"", ""forced entry""]"
graph_00,industrial_cooling_system,4,node_006,core_shuffled_graph,shuffle_11,coolant flow restriction,Restriction of coolant flow caused by blockage and contamination.,intake_and_pressure,0,1,2,1,2,1,4,,pending,1,0.9332434935370776,3,0.3333333333333333,0,1,0,0.0004289255318940402,"[""coolant system"", ""pump failure"", ""search leakage"", ""contamination"", ""reduce pressure"", ""pressure level""]"
graph_00,industrial_cooling_system,4,node_011,core_shuffled_graph,shuffle_11,cooling demand intensity,Intensity of additional cooling demanded by the thermal load.,heat_management,0,1,2,1,1,1,4,,pending,0,0.8469662681773779,16,0.0625,0,0,0,0.0004289255318940402,"[""failed repair"", ""call delay"", ""completion of construction"", ""repair to"", ""delay payment"", ""anticipatory completion""]"
graph_00,industrial_cooling_system,4,node_017,core_shuffled_graph,shuffle_11,shutdown duration,Duration for which the equipment remains shut down.,shutdown_and_delivery,0,1,3,1,1,1,4,,pending,0,0.8875879030102767,10,0.1,0,0,0,0.0004289255318940402,"[""call delay"", ""response time"", ""delayed action"", ""delayment"", ""delay payment"", ""delays""]"
graph_00,industrial_cooling_system,4,node_004,core_shuffled_graph,shuffle_12,sensor drift severity,Severity of calibration drift in the temperature sensor.,sensing_and_control,1,0,0,1,1,1,4,,pending,0,0.615406829521351,7,0.14285714285714285,0,0,0,0.0004289255318940402,"[""pump failure"", ""drain pump""]"
graph_00,industrial_cooling_system,4,node_006,core_shuffled_graph,shuffle_12,coolant flow restriction,Restriction of coolant flow caused by blockage and contamination.,intake_and_pressure,0,1,2,1,2,1,4,,pending,0,0.8786866939278222,4,0.25,0,1,0,0.0004289255318940402,"[""pressure regulator"", ""unreliability"", ""adaptive control function"", ""time-delay measuring instrument"", ""response time"", ""control variable""]"
graph_00,industrial_cooling_system,4,node_011,core_shuffled_graph,shuffle_12,cooling demand intensity,Intensity of additional cooling demanded by the thermal load.,heat_management,0,1,2,1,1,1,4,,pending,0,-0.8114772405599554,10,0.1,0,0,0,0.0004289255318940402,"[""low backlog"", ""low maintenance costs"", ""low severity"", ""low disease severity"", ""low maintenance"", ""low cap of maintenance""]"
graph_00,industrial_cooling_system,4,node_017,core_shuffled_graph,shuffle_12,shutdown duration,Duration for which the equipment remains shut down.,shutdown_and_delivery,0,1,3,1,1,1,4,,pending,1,0.8756000543393762,12,0.08333333333333333,0,0,0,0.0004289255318940402,"[""pump failure"", ""pressure level"", ""pressure regulator"", ""loss function"", ""reduce pressure"", ""loss ratio""]"
graph_00,industrial_cooling_system,4,node_004,core_shuffled_graph,shuffle_13,sensor drift severity,Severity of calibration drift in the temperature sensor.,sensing_and_control,1,0,0,1,1,1,4,,pending,1,0.8677084671680324,3,0.3333333333333333,0,1,0,0.0004289255318940402,"[""temperature measurement"", ""unreliability""]"
graph_00,industrial_cooling_system,4,node_006,core_shuffled_graph,shuffle_13,coolant flow restriction,Restriction of coolant flow caused by blockage and contamination.,intake_and_pressure,0,1,2,1,2,1,4,,pending,1,0.8180616033210611,5,0.2,0,1,0,0.0004289255318940402,"[""response time"", ""delay position"", ""control experiment"", ""control function"", ""call delay"", ""control order""]"
graph_00,industrial_cooling_system,4,node_011,core_shuffled_graph,shuffle_13,cooling demand intensity,Intensity of additional cooling demanded by the thermal load.,heat_management,0,1,2,1,1,1,4,,pending,1,0.9145028171814201,2,0.5,0,1,0,0.0004289255318940402,"[""temperature reduction"", ""extreme thermal situation"", ""heat-absorbing"", ""heat dissipation"", ""waste heat"", ""heat shrink""]"
graph_00,industrial_cooling_system,4,node_017,core_shuffled_graph,shuffle_13,shutdown duration,Duration for which the equipment remains shut down.,shutdown_and_delivery,0,1,3,1,1,1,4,,pending,1,0.882328238764438,12,0.08333333333333333,0,0,0,0.0004289255318940402,"[""pump failure"", ""worse for wear"", ""severity"", ""working conditions"", ""production cost"", ""production costs""]"
graph_00,industrial_cooling_system,4,node_004,core_shuffled_graph,shuffle_14,sensor drift severity,Severity of calibration drift in the temperature sensor.,sensing_and_control,1,0,0,1,1,1,4,,pending,0,0.5910383613739597,16,0.0625,0,0,0,0.0004289255318940402,"[""delay payment"", ""call delay"", ""delayed action"", ""last minute rush""]"
graph_00,industrial_cooling_system,4,node_006,core_shuffled_graph,shuffle_14,coolant flow restriction,Restriction of coolant flow caused by blockage and contamination.,intake_and_pressure,0,1,2,1,2,1,4,,pending,0,0.8828837723187408,9,0.1111111111111111,0,0,0,0.0004289255318940402,"[""call delay"", ""blockages"", ""blockage"", ""intestinal obstruction"", ""pressure regulator"", ""input validation fault""]"
graph_00,industrial_cooling_system,4,node_011,core_shuffled_graph,shuffle_14,cooling demand intensity,Intensity of additional cooling demanded by the thermal load.,heat_management,0,1,2,1,1,1,4,,pending,0,0.7224109939769139,3,0.3333333333333333,0,1,0,0.0004289255318940402,"[""heat shrink"", ""temperature reduction"", ""heat-absorbing"", ""heat dissipation"", ""heat dump""]"
graph_00,industrial_cooling_system,4,node_017,core_shuffled_graph,shuffle_14,shutdown duration,Duration for which the equipment remains shut down.,shutdown_and_delivery,0,1,3,1,1,1,4,,pending,0,0.09997732030421627,11,0.09090909090909091,0,0,0,0.0004289255318940402,[]
graph_00,industrial_cooling_system,4,node_004,core_shuffled_graph,shuffle_15,sensor drift severity,Severity of calibration drift in the temperature sensor.,sensing_and_control,1,0,0,1,1,1,4,,pending,0,0.8185269103763664,8,0.125,0,0,0,0.0004289255318940402,"[""delay payment"", ""control condition"", ""foreign exchange risk"", ""pump failure"", ""time-delay measuring system"", ""delay differential equation""]"
graph_00,industrial_cooling_system,4,node_006,core_shuffled_graph,shuffle_15,coolant flow restriction,Restriction of coolant flow caused by blockage and contamination.,intake_and_pressure,0,1,2,1,2,1,4,,pending,0,0.8418646106281509,12,0.08333333333333333,0,0,0,0.0004289255318940402,"[""backlog"", ""maintenance costs"", ""disease severity"", ""severity"", ""system maintenance"", ""cap of maintenance""]"
graph_00,industrial_cooling_system,4,node_011,core_shuffled_graph,shuffle_15,cooling demand intensity,Intensity of additional cooling demanded by the thermal load.,heat_management,0,1,2,1,1,1,4,,pending,1,0.7898397209038515,7,0.14285714285714285,0,0,0,0.0004289255318940402,"[""call delay"", ""delayers"", ""engine cooling system"", ""delay slot"", ""unavailable energy"", ""feedback transfer function""]"
graph_00,industrial_cooling_system,4,node_017,core_shuffled_graph,shuffle_15,shutdown duration,Duration for which the equipment remains shut down.,shutdown_and_delivery,0,1,3,1,1,1,4,,pending,0,0.3783341767307406,16,0.0625,0,0,0,0.0004289255318940402,"[""set alarm"", ""temperature indicator light"", ""alarm gauge""]"
graph_00,industrial_cooling_system,4,node_004,core_shuffled_graph,shuffle_16,sensor drift severity,Severity of calibration drift in the temperature sensor.,sensing_and_control,1,0,0,1,1,1,4,,pending,0,0.4178095473134404,14,0.07142857142857142,0,0,0,0.0004289255318940402,"[""temperature measurement""]"
graph_00,industrial_cooling_system,4,node_006,core_shuffled_graph,shuffle_16,coolant flow restriction,Restriction of coolant flow caused by blockage and contamination.,intake_and_pressure,0,1,2,1,2,1,4,,pending,0,0.43569945690104345,6,0.16666666666666666,0,0,0,0.0004289255318940402,"[""forced sale"", ""shutdown"", ""forced bet""]"
graph_00,industrial_cooling_system,4,node_011,core_shuffled_graph,shuffle_16,cooling demand intensity,Intensity of additional cooling demanded by the thermal load.,heat_management,0,1,2,1,1,1,4,,pending,1,0.8906523668274036,9,0.1111111111111111,0,0,0,0.0004289255318940402,"[""stop production"", ""temperature reduction"", ""extreme thermal situation"", ""heat prostration"", ""shutting out"", ""emergency measures""]"
graph_00,industrial_cooling_system,4,node_017,core_shuffled_graph,shuffle_16,shutdown duration,Duration for which the equipment remains shut down.,shutdown_and_delivery,0,1,3,1,1,1,4,,pending,0,0.4704899313555697,18,0.05555555555555555,0,0,0,0.0004289255318940402,"[""delays"", ""production order"", ""pre production"", ""delayed"", ""delay"", ""production""]"
graph_00,industrial_cooling_system,4,node_004,core_shuffled_graph,shuffle_17,sensor drift severity,Severity of calibration drift in the temperature sensor.,sensing_and_control,1,0,0,1,1,1,4,,pending,0,0.5623311610616851,4,0.25,0,1,0,0.0004289255318940402,"[""unreliability""]"
graph_00,industrial_cooling_system,4,node_006,core_shuffled_graph,shuffle_17,coolant flow restriction,Restriction of coolant flow caused by blockage and contamination.,intake_and_pressure,0,1,2,1,2,1,4,,pending,0,0.6505414048173498,12,0.08333333333333333,0,0,0,0.0004289255318940402,"[""temperature measurement"", ""unreliability"", ""maximum and minimum thermometer""]"
graph_00,industrial_cooling_system,4,node_011,core_shuffled_graph,shuffle_17,cooling demand intensity,Intensity of additional cooling demanded by the thermal load.,heat_management,0,1,2,1,1,1,4,,pending,1,0.8298656521058111,5,0.2,0,1,0,0.0004289255318940402,"[""temperature measurement"", ""unreliability"", ""maximum and minimum thermometer""]"
graph_00,industrial_cooling_system,4,node_017,core_shuffled_graph,shuffle_17,shutdown duration,Duration for which the equipment remains shut down.,shutdown_and_delivery,0,1,3,1,1,1,4,,pending,0,0.8821770230387782,16,0.0625,0,0,0,0.0004289255318940402,"[""extreme thermal situation"", ""temperature reduction"", ""temperature gradient"", ""emergency measure"", ""quantity of heat"", ""heat exhaustion""]"
graph_00,industrial_cooling_system,4,node_004,core_shuffled_graph,shuffle_18,sensor drift severity,Severity of calibration drift in the temperature sensor.,sensing_and_control,1,0,0,1,1,1,4,,pending,1,0.8741768978895832,4,0.25,0,1,0,0.0004289255318940402,"[""temperature measurement"", ""unreliability"", ""time-delay measuring system"", ""fractal response time""]"
graph_00,industrial_cooling_system,4,node_006,core_shuffled_graph,shuffle_18,coolant flow restriction,Restriction of coolant flow caused by blockage and contamination.,intake_and_pressure,0,1,2,1,2,1,4,,pending,1,0.9265340425467867,3,0.3333333333333333,0,1,0,0.0004289255318940402,"[""temperature reduction"", ""performance degradation"", ""coolant system"", ""extreme thermal situation"", ""remaining heat"", ""heat transmission""]"
graph_00,industrial_cooling_system,4,node_011,core_shuffled_graph,shuffle_18,cooling demand intensity,Intensity of additional cooling demanded by the thermal load.,heat_management,0,1,2,1,1,1,4,,pending,1,0.9207131659166107,3,0.3333333333333333,0,1,0,0.0004289255318940402,"[""temperature reduction"", ""performance degradation"", ""extreme thermal situation"", ""remaining heat"", ""heat shrink"", ""heat transmission""]"
graph_00,industrial_cooling_system,4,node_017,core_shuffled_graph,shuffle_18,shutdown duration,Duration for which the equipment remains shut down.,shutdown_and_delivery,0,1,3,1,1,1,4,,pending,1,0.8868309877396453,19,0.05263157894736842,0,0,0,0.0004289255318940402,"[""equipment failure"", ""call delay"", ""climate control"", ""temperature measurement"", ""thermal relay"", ""performance degradation""]"
graph_00,industrial_cooling_system,4,node_004,core_shuffled_graph,shuffle_19,sensor drift severity,Severity of calibration drift in the temperature sensor.,sensing_and_control,1,0,0,1,1,1,4,,pending,0,0.6087728643648067,18,0.05555555555555555,0,0,0,0.0004289255318940402,"[""request for production"", ""production cost"", ""stop production"", ""production"", ""production control"", ""production model""]"
graph_00,industrial_cooling_system,4,node_006,core_shuffled_graph,shuffle_19,coolant flow restriction,Restriction of coolant flow caused by blockage and contamination.,intake_and_pressure,0,1,2,1,2,1,4,,pending,1,0.9139671748350964,5,0.2,0,1,0,0.0004289255318940402,"[""pump failure"", ""temperature measurement"", ""reduce pressure"", ""loss function"", ""pumpability"", ""pressure regulator""]"
graph_00,industrial_cooling_system,4,node_011,core_shuffled_graph,shuffle_19,cooling demand intensity,Intensity of additional cooling demanded by the thermal load.,heat_management,0,1,2,1,1,1,4,,pending,0,0.87220328891361,12,0.08333333333333333,0,0,0,0.0004289255318940402,"[""temperature reduction"", ""extreme thermal situation"", ""unsystematic risk"", ""risk of exposure"", ""temperature measure"", ""risk of infection""]"
graph_00,industrial_cooling_system,4,node_017,core_shuffled_graph,shuffle_19,shutdown duration,Duration for which the equipment remains shut down.,shutdown_and_delivery,0,1,3,1,1,1,4,,pending,0,0.7657372869334235,17,0.058823529411764705,0,0,0,0.0004289255318940402,"[""emergency relief"", ""threatening demand"", ""extreme emergency"", ""evaporative cooling"", ""expansion cooling"", ""cooling drinks""]"
graph_01,logistics_and_delivery_system,0,node_000,uniform,,supplier delay risk,Risk that inbound materials arrive later than planned.,supply_and_inventory,1,0,0,1,1,1,2,,pending,0,0.9148260939437814,18,0.05555555555555555,0,0,0,0.00044929313896352306,"[""severity"", ""response time"", ""load time"", ""shortages"", ""workload"", ""propagation delay""]"
graph_01,logistics_and_delivery_system,0,node_006,uniform,,procurement queue delay,Delay in clearing inbound procurement orders.,supply_and_inventory,0,1,1,1,1,1,2,,pending,0,0.9281886991214041,7,0.14285714285714285,0,0,0,0.00044929313896352306,"[""severity"", ""response time"", ""load time"", ""shortages"", ""workload"", ""propagation delay""]"
graph_01,logistics_and_delivery_system,0,node_013,uniform,,outbound delivery delay,Delay in outbound delivery caused by route disruption and dispatch backlog.,transport_and_attempt,0,1,2,1,1,1,6,,pending,0,0.9267912625711577,9,0.1111111111111111,0,0,0,0.00044929313896352306,"[""severity"", ""response time"", ""load time"", ""shortages"", ""workload"", ""propagation delay""]"
graph_01,logistics_and_delivery_system,0,node_019,uniform,,service complaint risk,Risk that a delayed customer files a service complaint.,recovery_and_customer,0,1,2,0,0,1,3,,pending,0,0.9018774511372529,20,0.05,0,0,0,0.00044929313896352306,"[""severity"", ""response time"", ""load time"", ""shortages"", ""workload"", ""propagation delay""]"
graph_01,logistics_and_delivery_system,0,node_000,raw_correlation,,supplier delay risk,Risk that inbound materials arrive later than planned.,supply_and_inventory,1,0,0,1,1,1,2,,pending,1,0.916721390841607,9,0.1111111111111111,0,0,0,0.00044929313896352306,"[""inventory management"", ""shortage"", ""inventory control"", ""load time"", ""response time"", ""shipping and handling""]"
graph_01,logistics_and_delivery_system,0,node_006,raw_correlation,,procurement queue delay,Delay in clearing inbound procurement orders.,supply_and_inventory,0,1,1,1,1,1,2,,pending,1,0.9254997344643525,7,0.14285714285714285,0,0,0,0.00044929313896352306,"[""workload"", ""inventory management"", ""inventory control"", ""command processing overhead time"", ""shortages"", ""extended order drill""]"
graph_01,logistics_and_delivery_system,0,node_013,raw_correlation,,outbound delivery delay,Delay in outbound delivery caused by route disruption and dispatch backlog.,transport_and_attempt,0,1,2,1,1,1,6,,pending,0,0.9324231892875136,5,0.2,0,1,0,0.00044929313896352306,"[""severity"", ""propagation delay"", ""response time"", ""load time"", ""continuous delivery"", ""call delay""]"
graph_01,logistics_and_delivery_system,0,node_019,raw_correlation,,service complaint risk,Risk that a delayed customer files a service complaint.,recovery_and_customer,0,1,2,0,0,1,3,,pending,0,0.9026782983944727,20,0.05,0,0,0,0.00044929313896352306,"[""load time"", ""propagation delay"", ""response time"", ""delivery date"", ""continuous delivery"", ""severity""]"
graph_01,logistics_and_delivery_system,0,node_000,core_oracle_estimated_weights,,supplier delay risk,Risk that inbound materials arrive later than planned.,supply_and_inventory,1,0,0,1,1,1,2,,pending,1,0.7870518749729799,2,0.5,0,1,0,0.00044929313896352306,"[""inventory management"", ""inventory accounting"", ""inventory control"", ""shortage""]"
graph_01,logistics_and_delivery_system,0,node_006,core_oracle_estimated_weights,,procurement queue delay,Delay in clearing inbound procurement orders.,supply_and_inventory,0,1,1,1,1,1,2,,pending,1,0.8863824287233429,5,0.2,0,1,0,0.00044929313896352306,"[""inventory management"", ""inventory control"", ""shortage"", ""risk appetite"", ""surge into"", ""benefit of inventory""]"
graph_01,logistics_and_delivery_system,0,node_013,core_oracle_estimated_weights,,outbound delivery delay,Delay in outbound delivery caused by route disruption and dispatch backlog.,transport_and_attempt,0,1,2,1,1,1,6,,pending,0,0.9052015786065739,5,0.2,0,1,0,0.00044929313896352306,"[""disruptions"", ""backlog"", ""accident risk"", ""logistical nightmare"", ""severity"", ""propagation delay""]"
graph_01,logistics_and_delivery_system,0,node_019,core_oracle_estimated_weights,,service complaint risk,Risk that a delayed customer files a service complaint.,recovery_and_customer,0,1,2,0,0,1,3,,pending,0,0.8937361087230199,9,0.1111111111111111,0,0,0,0.00044929313896352306,"[""delivery date"", ""length of service"", ""call delay"", ""waiting period"", ""repeat customer"", ""continuous delivery""]"
graph_01,logistics_and_delivery_system,0,node_000,core_oracle_true_weights,,supplier delay risk,Risk that inbound materials arrive later than planned.,supply_and_inventory,1,0,0,1,1,1,2,,pending,1,0.8154187904441967,2,0.5,0,1,0,0.00044929313896352306,"[""inventory management"", ""inventory accounting"", ""shortage"", ""inventory control""]"
graph_01,logistics_and_delivery_system,0,node_006,core_oracle_true_weights,,procurement queue delay,Delay in clearing inbound procurement orders.,supply_and_inventory,0,1,1,1,1,1,2,,pending,1,0.8852903905101885,5,0.2,0,1,0,0.00044929313896352306,"[""inventory management"", ""shortage"", ""inventory control"", ""benefit of inventory"", ""risk appetite""]"
graph_01,logistics_and_delivery_system,0,node_013,core_oracle_true_weights,,outbound delivery delay,Delay in outbound delivery caused by route disruption and dispatch backlog.,transport_and_attempt,0,1,2,1,1,1,6,,pending,0,0.9051353899131385,5,0.2,0,1,0,0.00044929313896352306,"[""disruptions"", ""accident risk"", ""backlog"", ""logistical nightmare"", ""propagation delay"", ""severity""]"
graph_01,logistics_and_delivery_system,0,node_019,core_oracle_true_weights,,service complaint risk,Risk that a delayed customer files a service complaint.,recovery_and_customer,0,1,2,0,0,1,3,,pending,0,0.889068427888832,8,0.125,0,0,0,0.00044929313896352306,"[""length of service"", ""delivery date"", ""waiting period"", ""call delay"", ""repeat customer"", ""short customer""]"
graph_01,logistics_and_delivery_system,0,node_000,core_reversed_graph,,supplier delay risk,Risk that inbound materials arrive later than planned.,supply_and_inventory,1,0,0,1,1,1,2,,pending,1,0.88177447770756,3,0.3333333333333333,0,1,0,0.00044929313896352306,"[""inventory management"", ""shortage"", ""inventory control"", ""inventory accounting"", ""benefit of inventory"", ""exchange rate risk""]"
graph_01,logistics_and_delivery_system,0,node_006,core_reversed_graph,,procurement queue delay,Delay in clearing inbound procurement orders.,supply_and_inventory,0,1,1,1,1,1,2,,pending,1,0.8588398828522847,6,0.16666666666666666,0,0,0,0.00044929313896352306,"[""shortage"", ""inventory management"", ""inventory control"", ""benefit of inventory"", ""inventory accounting""]"
graph_01,logistics_and_delivery_system,0,node_013,core_reversed_graph,,outbound delivery delay,Delay in outbound delivery caused by route disruption and dispatch backlog.,transport_and_attempt,0,1,2,1,1,1,6,,pending,1,0.9125448624614637,5,0.2,0,1,0,0.00044929313896352306,"[""business interruption insurance"", ""delivery"", ""delaying tactics"", ""propagation delay"", ""logistical nightmare"", ""backlog""]"
graph_01,logistics_and_delivery_system,0,node_019,core_reversed_graph,,service complaint risk,Risk that a delayed customer files a service complaint.,recovery_and_customer,0,1,2,0,0,1,3,,pending,1,0.8573375359843793,8,0.125,0,0,0,0.00044929313896352306,"[""delivery date"", ""short customer"", ""waiting period"", ""length of service"", ""call delay"", ""missed miscarriage""]"
graph_01,logistics_and_delivery_system,0,node_000,core_shuffled_graph,shuffle_00,supplier delay risk,Risk that inbound materials arrive later than planned.,supply_and_inventory,1,0,0,1,1,1,2,,pending,1,0.5384528527906797,9,0.1111111111111111,0,0,0,0.00044929313896352306,"[""inventory accounting"", ""inventory control"", ""benefit of inventory""]"
graph_01,logistics_and_delivery_system,0,node_006,core_shuffled_graph,shuffle_00,procurement queue delay,Delay in clearing inbound procurement orders.,supply_and_inventory,0,1,1,1,1,1,2,,pending,1,0.8629114410291328,7,0.14285714285714285,0,0,0,0.00044929313896352306,"[""intensity level"", ""surge into"", ""surge"", ""large order"", ""change intensity"", ""order type""]"
graph_01,logistics_and_delivery_system,0,node_013,core_shuffled_graph,shuffle_00,outbound delivery delay,Delay in outbound delivery caused by route disruption and dispatch backlog.,transport_and_attempt,0,1,2,1,1,1,6,,pending,1,0.9058306592587777,8,0.125,0,0,0,0.00044929313896352306,"[""traffic congestion"", ""delays"", ""logistical nightmare"", ""processing time"", ""packability"", ""priority processing""]"
graph_01,logistics_and_delivery_system,0,node_019,core_shuffled_graph,shuffle_00,service complaint risk,Risk that a delayed customer files a service complaint.,recovery_and_customer,0,1,2,0,0,1,3,,pending,1,0.8226377712823176,16,0.0625,0,0,0,0.00044929313896352306,"[""redelivery"", ""workload"", ""intensity level"", ""change intensity"", ""grow in intensity"", ""capacity utilization rate""]"
graph_01,logistics_and_delivery_system,0,node_000,core_shuffled_graph,shuffle_01,supplier delay risk,Risk that inbound materials arrive later than planned.,supply_and_inventory,1,0,0,1,1,1,2,,pending,1,0.5291098674261175,6,0.16666666666666666,0,0,0,0.00044929313896352306,"[""loading"", ""delay""]"
graph_01,logistics_and_delivery_system,0,node_006,core_shuffled_graph,shuffle_01,procurement queue delay,Delay in clearing inbound procurement orders.,supply_and_inventory,0,1,1,1,1,1,2,,pending,1,0.6570693440123182,4,0.25,0,1,0,0.00044929313896352306,"[""loading"", ""load time"", ""delay"", ""delaying""]"
graph_01,logistics_and_delivery_system,0,node_013,core_shuffled_graph,shuffle_01,outbound delivery delay,Delay in outbound delivery caused by route disruption and dispatch backlog.,transport_and_attempt,0,1,2,1,1,1,6,,pending,0,0.8996738859735538,10,0.1,0,0,0,0.00044929313896352306,"[""workload"", ""redelivery"", ""delaying tactics"", ""red bag delivery"", ""packability"", ""temporary expedient""]"
graph_01,logistics_and_delivery_system,0,node_019,core_shuffled_graph,shuffle_01,service complaint risk,Risk that a delayed customer files a service complaint.,recovery_and_customer,0,1,2,0,0,1,3,,pending,0,0.871209201724448,14,0.07142857142857142,0,0,0,0.00044929313896352306,"[""missed miscarriage"", ""delivery date"", ""continuous delivery"", ""missing trader fraud"", ""missed approach"", ""deliveries""]"
graph_01,logistics_and_delivery_system,0,node_000,core_shuffled_graph,shuffle_02,supplier delay risk,Risk that inbound materials arrive later than planned.,supply_and_inventory,1,0,0,1,1,1,2,,pending,0,0.7621910414175126,16,0.0625,0,0,0,0.00044929313896352306,"[""workload"", ""command processing overhead"", ""inventory control"", ""large order"", ""work order"", ""material handling""]"
graph_01,logistics_and_delivery_system,0,node_006,core_shuffled_graph,shuffle_02,procurement queue delay,Delay in clearing inbound procurement orders.,supply_and_inventory,0,1,1,1,1,1,2,,pending,1,0.8914471390346015,4,0.25,0,1,0,0.00044929313896352306,"[""packing"", ""packing case"", ""inventory management"", ""shortage"", ""packaging concern"", ""stockpiling""]"
graph_01,logistics_and_delivery_system,0,node_013,core_shuffled_graph,shuffle_02,outbound delivery delay,Delay in outbound delivery caused by route disruption and dispatch backlog.,transport_and_attempt,0,1,2,1,1,1,6,,pending,0,0.8979767905308926,8,0.125,0,0,0,0.00044929313896352306,"[""disruptions"", ""accident risk"", ""logistical nightmare"", ""routing leak"", ""constructed route system"", ""routemarch""]"
graph_01,logistics_and_delivery_system,0,node_019,core_shuffled_graph,shuffle_02,service complaint risk,Risk that a delayed customer files a service complaint.,recovery_and_customer,0,1,2,0,0,1,3,,pending,0,0.8476968804958724,18,0.05555555555555555,0,0,0,0.00044929313896352306,"[""delays"", ""packability"", ""traffic congestion"", ""packing case"", ""close packing"", ""packing""]"
graph_01,logistics_and_delivery_system,0,node_000,core_shuffled_graph,shuffle_03,supplier delay risk,Risk that inbound materials arrive later than planned.,supply_and_inventory,1,0,0,1,1,1,2,,pending,0,0.7566580273294858,7,0.14285714285714285,0,0,0,0.00044929313896352306,"[""packing"", ""delayed"", ""packing case"", ""send packing"", ""packing box"", ""delaying""]"
graph_01,logistics_and_delivery_system,0,node_006,core_shuffled_graph,shuffle_03,procurement queue delay,Delay in clearing inbound procurement orders.,supply_and_inventory,0,1,1,1,1,1,2,,pending,0,0.8451473760835263,10,0.1,0,0,0,0.00044929313896352306,"[""severity"", ""command processing overhead time"", ""intensity level"", ""length of service"", ""large order"", ""dispatch table""]"
graph_01,logistics_and_delivery_system,0,node_013,core_shuffled_graph,shuffle_03,outbound delivery delay,Delay in outbound delivery caused by route disruption and dispatch backlog.,transport_and_attempt,0,1,2,1,1,1,6,,pending,0,0.9036895030235166,6,0.16666666666666666,0,0,0,0.00044929313896352306,"[""traffic congestion"", ""length of service"", ""call delay"", ""severity"", ""load time"", ""ticket time limit""]"
graph_01,logistics_and_delivery_system,0,node_019,core_shuffled_graph,shuffle_03,service complaint risk,Risk that a delayed customer files a service complaint.,recovery_and_customer,0,1,2,0,0,1,3,,pending,0,0.8216730208960672,18,0.05555555555555555,0,0,0,0.00044929313896352306,"[""weather quantity"", ""disruptions"", ""change intensity"", ""disruption"", ""adverse weather"", ""military disrupt task""]"
graph_01,logistics_and_delivery_system,0,node_000,core_shuffled_graph,shuffle_04,supplier delay risk,Risk that inbound materials arrive later than planned.,supply_and_inventory,1,0,0,1,1,1,2,,pending,1,-0.44606792092358755,11,0.09090909090909091,0,0,0,0.00044929313896352306,"[""low disruptions"", ""low weather bomb"", ""low adverse weather""]"
graph_01,logistics_and_delivery_system,0,node_006,core_shuffled_graph,shuffle_04,procurement queue delay,Delay in clearing inbound procurement orders.,supply_and_inventory,0,1,1,1,1,1,2,,pending,0,0.8563623831034171,12,0.08333333333333333,0,0,0,0.00044929313896352306,"[""workload"", ""command processing overhead time"", ""intensity level"", ""large order"", ""command processing overhead"", ""inventory control""]"
graph_01,logistics_and_delivery_system,0,node_013,core_shuffled_graph,shuffle_04,outbound delivery delay,Delay in outbound delivery caused by route disruption and dispatch backlog.,transport_and_attempt,0,1,2,1,1,1,6,,pending,1,0.8092242414233951,11,0.09090909090909091,0,0,0,0.00044929313896352306,"[""surge into"", ""approach trench"", ""workload"", ""composite order"", ""effort or strain"", ""surge""]"
graph_01,logistics_and_delivery_system,0,node_019,core_shuffled_graph,shuffle_04,service complaint risk,Risk that a delayed customer files a service complaint.,recovery_and_customer,0,1,2,0,0,1,3,,pending,0,0.8549618822066197,20,0.05,0,0,0,0.00044929313896352306,"[""backlogged"", ""accountable depot"", ""priority processing"", ""depots"", ""lot processing step"", ""backlog""]"
graph_01,logistics_and_delivery_system,0,node_000,core_shuffled_graph,shuffle_05,supplier delay risk,Risk that inbound materials arrive later than planned.,supply_and_inventory,1,0,0,1,1,1,2,,pending,0,0.6293458488401735,4,0.25,0,1,0,0.00044929313896352306,"[""inventory control"", ""inventory management""]"
graph_01,logistics_and_delivery_system,0,node_006,core_shuffled_graph,shuffle_05,procurement queue delay,Delay in clearing inbound procurement orders.,supply_and_inventory,0,1,1,1,1,1,2,,pending,0,0.4082276985200334,5,0.2,0,1,0,0.00044929313896352306,"[""inventory control""]"
graph_01,logistics_and_delivery_system,0,node_013,core_shuffled_graph,shuffle_05,outbound delivery delay,Delay in outbound delivery caused by route disruption and dispatch backlog.,transport_and_attempt,0,1,2,1,1,1,6,,pending,0,0.8807097101742506,13,0.07692307692307693,0,0,0,0.00044929313896352306,"[""workload"", ""inventory control"", ""intensity level"", ""capacity utilization rate"", ""freight rate"", ""command processing overhead time""]"
graph_01,logistics_and_delivery_system,0,node_019,core_shuffled_graph,shuffle_05,service complaint risk,Risk that a delayed customer files a service complaint.,recovery_and_customer,0,1,2,0,0,1,3,,pending,0,0.8973167711088169,15,0.06666666666666667,0,0,0,0.00044929313896352306,"[""shortages"", ""business interruption insurance"", ""weather quantity"", ""inventory management"", ""disruption"", ""risk evaluation""]"
graph_01,logistics_and_delivery_system,0,node_000,core_shuffled_graph,shuffle_06,supplier delay risk,Risk that inbound materials arrive later than planned.,supply_and_inventory,1,0,0,1,1,1,2,,pending,1,0.9045976370032351,6,0.16666666666666666,0,0,0,0.00044929313896352306,"[""call delay"", ""inventory management"", ""inventory control"", ""packaging concern"", ""packing case"", ""shipping and handling""]"
graph_01,logistics_and_delivery_system,0,node_006,core_shuffled_graph,shuffle_06,procurement queue delay,Delay in clearing inbound procurement orders.,supply_and_inventory,0,1,1,1,1,1,2,,pending,0,0.40762590072640115,13,0.07692307692307693,0,0,0,0.00044929313896352306,"[""backfall"", ""dispatch table""]"
graph_01,logistics_and_delivery_system,0,node_013,core_shuffled_graph,shuffle_06,outbound delivery delay,Delay in outbound delivery caused by route disruption and dispatch backlog.,transport_and_attempt,0,1,2,1,1,1,6,,pending,0,0.6628757976721528,10,0.1,0,0,0,0.00044929313896352306,"[""severity"", ""dispatch table"", ""backlog"", ""backfall"", ""dispatch case""]"
graph_01,logistics_and_delivery_system,0,node_019,core_shuffled_graph,shuffle_06,service complaint risk,Risk that a delayed customer files a service complaint.,recovery_and_customer,0,1,2,0,0,1,3,,pending,0,0.8758393031682606,9,0.1111111111111111,0,0,0,0.00044929313896352306,"[""length of service"", ""waiting on tables"", ""customer to customer"", ""serving customers"", ""customer support"", ""response time""]"
graph_01,logistics_and_delivery_system,0,node_000,core_shuffled_graph,shuffle_07,supplier delay risk,Risk that inbound materials arrive later than planned.,supply_and_inventory,1,0,0,1,1,1,2,,pending,0,0.8133253077707244,7,0.14285714285714285,0,0,0,0.00044929313896352306,"[""length of service"", ""waiting period"", ""customer to customer"", ""short customer"", ""customer service department"", ""waiting area""]"
graph_01,logistics_and_delivery_system,0,node_006,core_shuffled_graph,shuffle_07,procurement queue delay,Delay in clearing inbound procurement orders.,supply_and_inventory,0,1,1,1,1,1,2,,pending,1,0.8825101552887014,8,0.125,0,0,0,0.00044929313896352306,"[""intensity level"", ""inventory control"", ""extended order drill"", ""order type"", ""large order"", ""command processing overhead time""]"
graph_01,logistics_and_delivery_system,0,node_013,core_shuffled_graph,shuffle_07,outbound delivery delay,Delay in outbound delivery caused by route disruption and dispatch backlog.,transport_and_attempt,0,1,2,1,1,1,6,,pending,0,0.9097393954262754,6,0.16666666666666666,0,0,0,0.00044929313896352306,"[""missed miscarriage"", ""delivery date"", ""arriving late"", ""call delay"", ""missed approach"", ""delivery health""]"
graph_01,logistics_and_delivery_system,0,node_019,core_shuffled_graph,shuffle_07,service complaint risk,Risk that a delayed customer files a service complaint.,recovery_and_customer,0,1,2,0,0,1,3,,pending,0,0.8677345969669739,11,0.09090909090909091,0,0,0,0.00044929313896352306,"[""missed miscarriage"", ""missed approach"", ""delivery date"", ""error prone"", ""mail delivery"", ""continuous delivery""]"
graph_01,logistics_and_delivery_system,0,node_000,core_shuffled_graph,shuffle_08,supplier delay risk,Risk that inbound materials arrive later than planned.,supply_and_inventory,1,0,0,1,1,1,2,,pending,1,0.8468223468210708,3,0.3333333333333333,0,1,0,0.00044929313896352306,"[""inventory management"", ""shortage"", ""inventory accounting"", ""inventory control"", ""security risk"", ""exchange rate risk""]"
graph_01,logistics_and_delivery_system,0,node_006,core_shuffled_graph,shuffle_08,procurement queue delay,Delay in clearing inbound procurement orders.,supply_and_inventory,0,1,1,1,1,1,2,,pending,1,0.8401555592292977,8,0.125,0,0,0,0.00044929313896352306,"[""length of service"", ""redelivery"", ""load time"", ""peak cell rate"", ""arrival time"", ""eager load""]"
graph_01,logistics_and_delivery_system,0,node_013,core_shuffled_graph,shuffle_08,outbound delivery delay,Delay in outbound delivery caused by route disruption and dispatch backlog.,transport_and_attempt,0,1,2,1,1,1,6,,pending,1,0.901495699360248,4,0.25,0,1,0,0.00044929313896352306,"[""load time"", ""traffic congestion"", ""propagation delay"", ""call delay"", ""delay slot"", ""congestion""]"
graph_01,logistics_and_delivery_system,0,node_019,core_shuffled_graph,shuffle_08,service complaint risk,Risk that a delayed customer files a service complaint.,recovery_and_customer,0,1,2,0,0,1,3,,pending,1,0.8863020340245369,13,0.07692307692307693,0,0,0,0.00044929313896352306,"[""failure rate"", ""inventory management"", ""return address"", ""inventory count"", ""run time error"", ""address verification service""]"
graph_01,logistics_and_delivery_system,0,node_000,core_shuffled_graph,shuffle_09,supplier delay risk,Risk that inbound materials arrive later than planned.,supply_and_inventory,1,0,0,1,1,1,2,,pending,1,0.3971803491404223,5,0.2,0,1,0,0.00044929313896352306,"[""inventory control""]"
graph_01,logistics_and_delivery_system,0,node_006,core_shuffled_graph,shuffle_09,procurement queue delay,Delay in clearing inbound procurement orders.,supply_and_inventory,0,1,1,1,1,1,2,,pending,1,0.46290671148860474,6,0.16666666666666666,0,0,0,0.00044929313896352306,"[""inventory control""]"
graph_01,logistics_and_delivery_system,0,node_013,core_shuffled_graph,shuffle_09,outbound delivery delay,Delay in outbound delivery caused by route disruption and dispatch backlog.,transport_and_attempt,0,1,2,1,1,1,6,,pending,0,0.9098799995078126,5,0.2,0,1,0,0.00044929313896352306,"[""missed miscarriage"", ""length of service"", ""delivery date"", ""business interruption insurance"", ""weather quantity"", ""deliverability""]"
graph_01,logistics_and_delivery_system,0,node_019,core_shuffled_graph,shuffle_09,service complaint risk,Risk that a delayed customer files a service complaint.,recovery_and_customer,0,1,2,0,0,1,3,,pending,0,0.8334762953780557,19,0.05263157894736842,0,0,0,0.00044929313896352306,"[""workload"", ""command processing overhead time"", ""eager load"", ""redelivery"", ""redownload"", ""load time""]"
graph_01,logistics_and_delivery_system,0,node_000,core_shuffled_graph,shuffle_10,supplier delay risk,Risk that inbound materials arrive later than planned.,supply_and_inventory,1,0,0,1,1,1,2,,pending,0,0.1412120911249572,16,0.0625,0,0,0,0.00044929313896352306,[]
graph_01,logistics_and_delivery_system,0,node_006,core_shuffled_graph,shuffle_10,procurement queue delay,Delay in clearing inbound procurement orders.,supply_and_inventory,0,1,1,1,1,1,2,,pending,1,0.8641075126821236,8,0.125,0,0,0,0.00044929313896352306,"[""inventory control"", ""inventory management"", ""shortage"", ""intensity level"", ""risk appetite"", ""change intensity""]"
graph_01,logistics_and_delivery_system,0,node_013,core_shuffled_graph,shuffle_10,outbound delivery delay,Delay in outbound delivery caused by route disruption and dispatch backlog.,transport_and_attempt,0,1,2,1,1,1,6,,pending,1,0.9173246218131131,7,0.14285714285714285,0,0,0,0.00044929313896352306,"[""traffic congestion"", ""load time"", ""severity"", ""congestion"", ""delays"", ""propagation delay""]"
graph_01,logistics_and_delivery_system,0,node_019,core_shuffled_graph,shuffle_10,service complaint risk,Risk that a delayed customer files a service complaint.,recovery_and_customer,0,1,2,0,0,1,3,,pending,0,0.6772292346389353,8,0.125,0,0,0,0.00044929313896352306,"[""disease severity"", ""backfall"", ""severity"", ""backburn"", ""multiple dispatch"", ""backdrivability""]"
graph_01,logistics_and_delivery_system,0,node_000,core_shuffled_graph,shuffle_11,supplier delay risk,Risk that inbound materials arrive later than planned.,supply_and_inventory,1,0,0,1,1,1,2,,pending,0,0.3587363076754058,14,0.07142857142857142,0,0,0,0.00044929313896352306,"[""serving customers""]"
graph_01,logistics_and_delivery_system,0,node_006,core_shuffled_graph,shuffle_11,procurement queue delay,Delay in clearing inbound procurement orders.,supply_and_inventory,0,1,1,1,1,1,2,,pending,1,0.8200742590664237,5,0.2,0,1,0,0.00044929313896352306,"[""serving customers"", ""length of service"", ""customer to customer"", ""command processing overhead time"", ""waiting tables"", ""load time""]"
graph_01,logistics_and_delivery_system,0,node_013,core_shuffled_graph,shuffle_11,outbound delivery delay,Delay in outbound delivery caused by route disruption and dispatch backlog.,transport_and_attempt,0,1,2,1,1,1,6,,pending,0,0.9264978365718723,3,0.3333333333333333,0,1,0,0.00044929313896352306,"[""delivery date"", ""call delay"", ""length of service"", ""delays"", ""time of arrival"", ""propagation delay""]"
graph_01,logistics_and_delivery_system,0,node_019,core_shuffled_graph,shuffle_11,service complaint risk,Risk that a delayed customer files a service complaint.,recovery_and_customer,0,1,2,0,0,1,3,,pending,0,0.8437729728207003,15,0.06666666666666667,0,0,0,0.00044929313896352306,"[""backlog"", ""backlogged"", ""command processing overhead time"", ""priority processing"", ""accountable depot"", ""dispatch table""]"
graph_01,logistics_and_delivery_system,0,node_000,core_shuffled_graph,shuffle_12,supplier delay risk,Risk that inbound materials arrive later than planned.,supply_and_inventory,1,0,0,1,1,1,2,,pending,0,0.6329700217194926,18,0.05555555555555555,0,0,0,0.00044929313896352306,"[""backlog"", ""severity"", ""dispatch table"", ""multiple dispatch"", ""dispatch case""]"
graph_01,logistics_and_delivery_system,0,node_006,core_shuffled_graph,shuffle_12,procurement queue delay,Delay in clearing inbound procurement orders.,supply_and_inventory,0,1,1,1,1,1,2,,pending,0,0.8736895172621474,5,0.2,0,1,0,0.00044929313896352306,"[""inventory management"", ""shortage"", ""inventory control"", ""benefit of inventory"", ""inventory accounting"", ""inventory count""]"
graph_01,logistics_and_delivery_system,0,node_013,core_shuffled_graph,shuffle_12,outbound delivery delay,Delay in outbound delivery caused by route disruption and dispatch backlog.,transport_and_attempt,0,1,2,1,1,1,6,,pending,0,0.8706597257120638,7,0.14285714285714285,0,0,0,0.00044929313896352306,"[""load time"", ""delaying"", ""loading space"", ""delay slot"", ""delays"", ""preloading""]"
graph_01,logistics_and_delivery_system,0,node_019,core_shuffled_graph,shuffle_12,service complaint risk,Risk that a delayed customer files a service complaint.,recovery_and_customer,0,1,2,0,0,1,3,,pending,0,0.7973926556895833,7,0.14285714285714285,0,0,0,0.00044929313896352306,"[""delivery health"", ""missed miscarriage"", ""missed approach"", ""date of delivery"", ""delivery service"", ""missed abortion""]"
graph_01,logistics_and_delivery_system,0,node_000,core_shuffled_graph,shuffle_13,supplier delay risk,Risk that inbound materials arrive later than planned.,supply_and_inventory,1,0,0,1,1,1,2,,pending,1,0.8850407635945136,4,0.25,0,1,0,0.00044929313896352306,"[""inventory management"", ""inventory control"", ""call delay"", ""inventory count"", ""delays"", ""loading space""]"
graph_01,logistics_and_delivery_system,0,node_006,core_shuffled_graph,shuffle_13,procurement queue delay,Delay in clearing inbound procurement orders.,supply_and_inventory,0,1,1,1,1,1,2,,pending,0,0.8498070972346361,3,0.3333333333333333,0,1,0,0.00044929313896352306,"[""waiting period"", ""length of service"", ""short customer"", ""customer to customer"", ""call waiting"", ""customer service department""]"
graph_01,logistics_and_delivery_system,0,node_013,core_shuffled_graph,shuffle_13,outbound delivery delay,Delay in outbound delivery caused by route disruption and dispatch backlog.,transport_and_attempt,0,1,2,1,1,1,6,,pending,1,0.8571800673333378,10,0.1,0,0,0,0.00044929313896352306,"[""disruptions"", ""disruption"", ""weather quantity"", ""adverse weather"", ""weather protection"", ""temporary expedient""]"
graph_01,logistics_and_delivery_system,0,node_019,core_shuffled_graph,shuffle_13,service complaint risk,Risk that a delayed customer files a service complaint.,recovery_and_customer,0,1,2,0,0,1,3,,pending,0,0.8825720359528071,19,0.05263157894736842,0,0,0,0.00044929313896352306,"[""inventory management"", ""workload"", ""inventory control"", ""shipping and handling"", ""command processing overhead time"", ""capacity utilization rate""]"
graph_01,logistics_and_delivery_system,0,node_000,core_shuffled_graph,shuffle_14,supplier delay risk,Risk that inbound materials arrive later than planned.,supply_and_inventory,1,0,0,1,1,1,2,,pending,0,0.7608629206722727,10,0.1,0,0,0,0.00044929313896352306,"[""length of service"", ""short customer"", ""customer to customer"", ""waiting period"", ""call waiting"", ""waiting area""]"
graph_01,logistics_and_delivery_system,0,node_006,core_shuffled_graph,shuffle_14,procurement queue delay,Delay in clearing inbound procurement orders.,supply_and_inventory,0,1,1,1,1,1,2,,pending,1,0.8275263444609081,13,0.07692307692307693,0,0,0,0.00044929313896352306,"[""workload"", ""command processing overhead time"", ""intensity level"", ""command processing overhead"", ""handling instructions"", ""total order""]"
graph_01,logistics_and_delivery_system,0,node_013,core_shuffled_graph,shuffle_14,outbound delivery delay,Delay in outbound delivery caused by route disruption and dispatch backlog.,transport_and_attempt,0,1,2,1,1,1,6,,pending,0,0.8795408425151784,10,0.1,0,0,0,0.00044929313896352306,"[""severity"", ""backlog"", ""accident risk"", ""business interruption insurance"", ""routing leak"", ""disruptions""]"
graph_01,logistics_and_delivery_system,0,node_019,core_shuffled_graph,shuffle_14,service complaint risk,Risk that a delayed customer files a service complaint.,recovery_and_customer,0,1,2,0,0,1,3,,pending,0,0.8402814984311724,9,0.1111111111111111,0,0,0,0.00044929313896352306,"[""shortage"", ""employee turnover"", ""warehouse chain"", ""absence without leave"", ""understaffed"", ""warehouseman's lien""]"
graph_01,logistics_and_delivery_system,0,node_000,core_shuffled_graph,shuffle_15,supplier delay risk,Risk that inbound materials arrive later than planned.,supply_and_inventory,1,0,0,1,1,1,2,,pending,1,0.37151574409789434,4,0.25,0,1,0,0.00044929313896352306,[]
graph_01,logistics_and_delivery_system,0,node_006,core_shuffled_graph,shuffle_15,procurement queue delay,Delay in clearing inbound procurement orders.,supply_and_inventory,0,1,1,1,1,1,2,,pending,0,0.8446430366040187,11,0.09090909090909091,0,0,0,0.00044929313896352306,"[""workload"", ""command processing overhead"", ""command processing overhead time"", ""large order"", ""handling cost"", ""material handling""]"
graph_01,logistics_and_delivery_system,0,node_013,core_shuffled_graph,shuffle_15,outbound delivery delay,Delay in outbound delivery caused by route disruption and dispatch backlog.,transport_and_attempt,0,1,2,1,1,1,6,,pending,0,0.8788839147201843,7,0.14285714285714285,0,0,0,0.00044929313896352306,"[""backlogged"", ""priority processing"", ""depot"", ""lot processing step"", ""backlog"", ""processing time""]"
graph_01,logistics_and_delivery_system,0,node_019,core_shuffled_graph,shuffle_15,service complaint risk,Risk that a delayed customer files a service complaint.,recovery_and_customer,0,1,2,0,0,1,3,,pending,0,0.8823101511303699,12,0.08333333333333333,0,0,0,0.00044929313896352306,"[""length of service"", ""response time"", ""short customer"", ""customer support"", ""duration"", ""ticket time limit""]"
graph_01,logistics_and_delivery_system,0,node_000,core_shuffled_graph,shuffle_16,supplier delay risk,Risk that inbound materials arrive later than planned.,supply_and_inventory,1,0,0,1,1,1,2,,pending,1,0.7703018355277154,7,0.14285714285714285,0,0,0,0.00044929313896352306,"[""short customer"", ""waiting period"", ""shortage"", ""length of service"", ""waiting area"", ""duration""]"
graph_01,logistics_and_delivery_system,0,node_006,core_shuffled_graph,shuffle_16,procurement queue delay,Delay in clearing inbound procurement orders.,supply_and_inventory,0,1,1,1,1,1,2,,pending,0,0.6898993292621072,8,0.125,0,0,0,0.00044929313896352306,"[""warehouse store"", ""staffing"", ""employee turnover"", ""warehousewoman"", ""vacancy rate"", ""rehires""]"
graph_01,logistics_and_delivery_system,0,node_013,core_shuffled_graph,shuffle_16,outbound delivery delay,Delay in outbound delivery caused by route disruption and dispatch backlog.,transport_and_attempt,0,1,2,1,1,1,6,,pending,0,0.8216347100383591,9,0.1111111111111111,0,0,0,0.00044929313896352306,"[""warehouse store"", ""staffing"", ""warehousewoman"", ""employee turnover"", ""warehouseman"", ""vacancy rate""]"
graph_01,logistics_and_delivery_system,0,node_019,core_shuffled_graph,shuffle_16,service complaint risk,Risk that a delayed customer files a service complaint.,recovery_and_customer,0,1,2,0,0,1,3,,pending,0,0.8653248613748852,20,0.05,0,0,0,0.00044929313896352306,"[""load time"", ""redelivery"", ""workload"", ""priority processing"", ""propagation delay"", ""backloading""]"
graph_01,logistics_and_delivery_system,0,node_000,core_shuffled_graph,shuffle_17,supplier delay risk,Risk that inbound materials arrive later than planned.,supply_and_inventory,1,0,0,1,1,1,2,,pending,0,0.6137364688356555,10,0.1,0,0,0,0.00044929313896352306,"[""load time"", ""loading""]"
graph_01,logistics_and_delivery_system,0,node_006,core_shuffled_graph,shuffle_17,procurement queue delay,Delay in clearing inbound procurement orders.,supply_and_inventory,0,1,1,1,1,1,2,,pending,0,0.8514212608086945,4,0.25,0,1,0,0.00044929313896352306,"[""inventory management"", ""inventory control"", ""shortage"", ""inventory accounting"", ""benefit of inventory""]"
graph_01,logistics_and_delivery_system,0,node_013,core_shuffled_graph,shuffle_17,outbound delivery delay,Delay in outbound delivery caused by route disruption and dispatch backlog.,transport_and_attempt,0,1,2,1,1,1,6,,pending,0,0.8652819876547546,9,0.1111111111111111,0,0,0,0.00044929313896352306,"[""routing leak"", ""disruption"", ""length of service"", ""flight risk"", ""business interruption insurance"", ""accident risk""]"
graph_01,logistics_and_delivery_system,0,node_019,core_shuffled_graph,shuffle_17,service complaint risk,Risk that a delayed customer files a service complaint.,recovery_and_customer,0,1,2,0,0,1,3,,pending,0,0.852046375408591,14,0.07142857142857142,0,0,0,0.00044929313896352306,"[""length of service"", ""processing time"", ""repeat customer"", ""waiting period"", ""short customer"", ""ticket time limit""]"
graph_01,logistics_and_delivery_system,0,node_000,core_shuffled_graph,shuffle_18,supplier delay risk,Risk that inbound materials arrive later than planned.,supply_and_inventory,1,0,0,1,1,1,2,,pending,1,0.7866273552856197,3,0.3333333333333333,0,1,0,0.00044929313896352306,"[""shortage"", ""inventory item"", ""make inventory"", ""inventory accounting"", ""take inventory"", ""stockpiling""]"
graph_01,logistics_and_delivery_system,0,node_006,core_shuffled_graph,shuffle_18,procurement queue delay,Delay in clearing inbound procurement orders.,supply_and_inventory,0,1,1,1,1,1,2,,pending,0,0.8281871281829026,3,0.3333333333333333,0,1,0,0.00044929313896352306,"[""take inventory"", ""inventories"", ""hasty preparation"", ""stockpiles"", ""stockpiling"", ""packing case""]"
graph_01,logistics_and_delivery_system,0,node_013,core_shuffled_graph,shuffle_18,outbound delivery delay,Delay in outbound delivery caused by route disruption and dispatch backlog.,transport_and_attempt,0,1,2,1,1,1,6,,pending,1,0.7459040858822498,6,0.16666666666666666,0,0,0,0.00044929313896352306,"[""packing"", ""packing case"", ""packing box"", ""send packing"", ""delayed""]"
graph_01,logistics_and_delivery_system,0,node_019,core_shuffled_graph,shuffle_18,service complaint risk,Risk that a delayed customer files a service complaint.,recovery_and_customer,0,1,2,0,0,1,3,,pending,0,0.44731455354186955,17,0.058823529411764705,0,0,0,0.00044929313896352306,"[""packing"", ""packing box"", ""packing case""]"
graph_01,logistics_and_delivery_system,0,node_000,core_shuffled_graph,shuffle_19,supplier delay risk,Risk that inbound materials arrive later than planned.,supply_and_inventory,1,0,0,1,1,1,2,,pending,1,0.4887348518211208,4,0.25,0,1,0,0.00044929313896352306,"[""inventory management"", ""inventory control""]"
graph_01,logistics_and_delivery_system,0,node_006,core_shuffled_graph,shuffle_19,procurement queue delay,Delay in clearing inbound procurement orders.,supply_and_inventory,0,1,1,1,1,1,2,,pending,1,0.8073901151469165,11,0.09090909090909091,0,0,0,0.00044929313896352306,"[""workload"", ""redelivery"", ""intensity level"", ""grow in intensity"", ""capacity utilization rate"", ""benefit of inventory""]"
graph_01,logistics_and_delivery_system,0,node_013,core_shuffled_graph,shuffle_19,outbound delivery delay,Delay in outbound delivery caused by route disruption and dispatch backlog.,transport_and_attempt,0,1,2,1,1,1,6,,pending,1,0.8779553095080379,5,0.2,0,1,0,0.00044929313896352306,"[""delaying"", ""delays"", ""call delay"", ""delay payment"", ""load time"", ""rain delay""]"
graph_01,logistics_and_delivery_system,0,node_019,core_shuffled_graph,shuffle_19,service complaint risk,Risk that a delayed customer files a service complaint.,recovery_and_customer,0,1,2,0,0,1,3,,pending,1,0.6121113646225209,10,0.1,0,0,0,0.00044929313896352306,"[""redelivery"", ""workload""]"
graph_01,logistics_and_delivery_system,1,node_001,uniform,,order surge intensity,Intensity of a sudden increase in customer orders.,supply_and_inventory,1,0,0,1,3,1,2,,pending,0,0.9066319017063567,19,0.05263157894736842,0,0,0,0.00045432358203234064,"[""call delay"", ""load time"", ""severity"", ""propagation delay"", ""response time"", ""deliverability""]"
graph_01,logistics_and_delivery_system,1,node_007,uniform,,inventory shortage risk,Risk that available inventory cannot meet demand.,supply_and_inventory,0,1,2,1,2,1,2,,pending,0,0.9165832819248191,16,0.0625,0,0,0,0.00045432358203234064,"[""call delay"", ""load time"", ""severity"", ""propagation delay"", ""response time"", ""deliverability""]"
graph_01,logistics_and_delivery_system,1,node_014,uniform,,delivery attempt delay,Delay before a courier can complete a delivery attempt.,transport_and_attempt,0,1,2,1,2,1,6,,pending,0,0.9371287426597075,3,0.3333333333333333,0,1,0,0.00045432358203234064,"[""call delay"", ""load time"", ""severity"", ""propagation delay"", ""response time"", ""deliverability""]"
graph_01,logistics_and_delivery_system,1,node_017,uniform,,depot processing backlog,Severity of parcels awaiting processing at the depot due to redelivery workload and loading delays.,recovery_and_customer,0,1,2,1,1,1,3,,pending,1,0.9166902023338787,15,0.06666666666666667,0,0,0,0.00045432358203234064,"[""call delay"", ""load time"", ""severity"", ""propagation delay"", ""response time"", ""deliverability""]"
graph_01,logistics_and_delivery_system,1,node_001,raw_correlation,,order surge intensity,Intensity of a sudden increase in customer orders.,supply_and_inventory,1,0,0,1,3,1,2,,pending,1,0.9170026872422886,11,0.09090909090909091,0,0,0,0.00045432358203234064,"[""workload"", ""command processing overhead time"", ""load time"", ""shipping and handling"", ""call delay"", ""job queue""]"
graph_01,logistics_and_delivery_system,1,node_007,raw_correlation,,inventory shortage risk,Risk that available inventory cannot meet demand.,supply_and_inventory,0,1,2,1,2,1,2,,pending,1,0.9121671569064906,12,0.08333333333333333,0,0,0,0.00045432358203234064,"[""call delay"", ""delay payment"", ""load time"", ""delaying agent"", ""command processing overhead time"", ""supply chain management""]"
graph_01,logistics_and_delivery_system,1,node_014,raw_correlation,,delivery attempt delay,Delay before a courier can complete a delivery attempt.,transport_and_attempt,0,1,2,1,2,1,6,,pending,1,0.9360542611902172,3,0.3333333333333333,0,1,0,0.00045432358203234064,"[""call delay"", ""propagation delay"", ""response time"", ""severity"", ""length of service"", ""delivery date""]"
graph_01,logistics_and_delivery_system,1,node_017,raw_correlation,,depot processing backlog,Severity of parcels awaiting processing at the depot due to redelivery workload and loading delays.,recovery_and_customer,0,1,2,1,1,1,3,,pending,1,0.9181115567191235,14,0.07142857142857142,0,0,0,0.00045432358203234064,"[""load time"", ""call delay"", ""severity"", ""workload"", ""propagation delay"", ""delivered duty unpaid""]"
graph_01,logistics_and_delivery_system,1,node_001,core_oracle_estimated_weights,,order surge intensity,Intensity of a sudden increase in customer orders.,supply_and_inventory,1,0,0,1,3,1,2,,pending,1,0.6996833732875681,3,0.3333333333333333,0,1,0,0.00045432358203234064,"[""workload"", ""command processing overhead""]"
graph_01,logistics_and_delivery_system,1,node_007,core_oracle_estimated_weights,,inventory shortage risk,Risk that available inventory cannot meet demand.,supply_and_inventory,0,1,2,1,2,1,2,,pending,1,0.8833567506696052,5,0.2,0,1,0,0.00045432358203234064,"[""delay payment"", ""call delay"", ""supply chain management"", ""delaying agent"", ""suppliers"", ""extended order drill""]"
graph_01,logistics_and_delivery_system,1,node_014,core_oracle_estimated_weights,,delivery attempt delay,Delay before a courier can complete a delivery attempt.,transport_and_attempt,0,1,2,1,2,1,6,,pending,1,0.9021046005928477,3,0.3333333333333333,0,1,0,0.00045432358203234064,"[""delivery date"", ""return address"", ""recorded delivery"", ""missed call"", ""missed miscarriage"", ""mail delivery""]"
graph_01,logistics_and_delivery_system,1,node_017,core_oracle_estimated_weights,,depot processing backlog,Severity of parcels awaiting processing at the depot due to redelivery workload and loading delays.,recovery_and_customer,0,1,2,1,1,1,3,,pending,1,0.874711745758555,9,0.1111111111111111,0,0,0,0.00045432358203234064,"[""load time"", ""redelivery"", ""workload"", ""eager load"", ""loading""]"
graph_01,logistics_and_delivery_system,1,node_001,core_oracle_true_weights,,order surge intensity,Intensity of a sudden increase in customer orders.,supply_and_inventory,1,0,0,1,3,1,2,,pending,1,0.8123246904976245,3,0.3333333333333333,0,1,0,0.00045432358203234064,"[""workload"", ""command processing overhead"", ""intensity level""]"
graph_01,logistics_and_delivery_system,1,node_007,core_oracle_true_weights,,inventory shortage risk,Risk that available inventory cannot meet demand.,supply_and_inventory,0,1,2,1,2,1,2,,pending,1,0.8909486310226598,7,0.14285714285714285,0,0,0,0.00045432358203234064,"[""delay payment"", ""call delay"", ""delaying agent"", ""supply chain management"", ""procurement"", ""delaying tactics""]"
graph_01,logistics_and_delivery_system,1,node_014,core_oracle_true_weights,,delivery attempt delay,Delay before a courier can complete a delivery attempt.,transport_and_attempt,0,1,2,1,2,1,6,,pending,1,0.9180228905427944,4,0.25,0,1,0,0.00045432358203234064,"[""delivery date"", ""return address"", ""missed call"", ""error correction code"", ""recorded delivery"", ""missed miscarriage""]"
graph_01,logistics_and_delivery_system,1,node_017,core_oracle_true_weights,,depot processing backlog,Severity of parcels awaiting processing at the depot due to redelivery workload and loading delays.,recovery_and_customer,0,1,2,1,1,1,3,,pending,1,0.8775727294849707,9,0.1111111111111111,0,0,0,0.00045432358203234064,"[""load time"", ""redelivery"", ""workload"", ""eager load""]"
graph_01,logistics_and_delivery_system,1,node_001,core_reversed_graph,,order surge intensity,Intensity of a sudden increase in customer orders.,supply_and_inventory,1,0,0,1,3,1,2,,pending,1,0.9255580973625483,4,0.25,0,1,0,0.00045432358203234064,"[""workload"", ""command processing overhead time"", ""job queue"", ""change intensity"", ""queueing theory"", ""extended order drill""]"
graph_01,logistics_and_delivery_system,1,node_007,core_reversed_graph,,inventory shortage risk,Risk that available inventory cannot meet demand.,supply_and_inventory,0,1,2,1,2,1,2,,pending,1,0.8987940263752792,11,0.09090909090909091,0,0,0,0.00045432358203234064,"[""command processing overhead time"", ""length of service"", ""call delay"", ""extended order drill"", ""supply chain management"", ""delay payment""]"
graph_01,logistics_and_delivery_system,1,node_014,core_reversed_graph,,delivery attempt delay,Delay before a courier can complete a delivery attempt.,transport_and_attempt,0,1,2,1,2,1,6,,pending,1,0.941371698838352,3,0.3333333333333333,0,1,0,0.00045432358203234064,"[""delivery date"", ""call delay"", ""propagation delay"", ""continuous delivery"", ""absentee rate"", ""return address""]"
graph_01,logistics_and_delivery_system,1,node_017,core_reversed_graph,,depot processing backlog,Severity of parcels awaiting processing at the depot due to redelivery workload and loading delays.,recovery_and_customer,0,1,2,1,1,1,3,,pending,1,0.8942392104427493,10,0.1,0,0,0,0.00045432358203234064,"[""load time"", ""redelivery"", ""call delay"", ""workload"", ""propagation delay"", ""eager load""]"
graph_01,logistics_and_delivery_system,1,node_001,core_shuffled_graph,shuffle_00,order surge intensity,Intensity of a sudden increase in customer orders.,supply_and_inventory,1,0,0,1,3,1,2,,pending,0,0.8338402923971762,15,0.06666666666666667,0,0,0,0.00045432358203234064,"[""job queue"", ""procurement"", ""procurements"", ""call delay"", ""delay payment"", ""circular queue""]"
graph_01,logistics_and_delivery_system,1,node_007,core_shuffled_graph,shuffle_00,inventory shortage risk,Risk that available inventory cannot meet demand.,supply_and_inventory,0,1,2,1,2,1,2,,pending,0,0.8399588074349111,11,0.09090909090909091,0,0,0,0.00045432358203234064,"[""call delay"", ""delaying"", ""delaying agent"", ""packing case"", ""delay payment"", ""delays""]"
graph_01,logistics_and_delivery_system,1,node_014,core_shuffled_graph,shuffle_00,delivery attempt delay,Delay before a courier can complete a delivery attempt.,transport_and_attempt,0,1,2,1,2,1,6,,pending,0,0.9217279921963223,2,0.5,0,1,0,0.00045432358203234064,"[""missed miscarriage"", ""delivery date"", ""missed call"", ""delivery health"", ""missing trader fraud"", ""absentee rate""]"
graph_01,logistics_and_delivery_system,1,node_017,core_shuffled_graph,shuffle_00,depot processing backlog,Severity of parcels awaiting processing at the depot due to redelivery workload and loading delays.,recovery_and_customer,0,1,2,1,1,1,3,,pending,0,0.6558065090855525,8,0.125,0,0,0,0.00045432358203234064,"[""outbound"", ""delay payment""]"
graph_01,logistics_and_delivery_system,1,node_001,core_shuffled_graph,shuffle_01,order surge intensity,Intensity of a sudden increase in customer orders.,supply_and_inventory,1,0,0,1,3,1,2,,pending,1,0.4368173605188335,3,0.3333333333333333,0,1,0,0.00045432358203234064,"[""complaint"", ""service charge""]"
graph_01,logistics_and_delivery_system,1,node_007,core_shuffled_graph,shuffle_01,inventory shortage risk,Risk that available inventory cannot meet demand.,supply_and_inventory,0,1,2,1,2,1,2,,pending,1,0.8234728674056521,2,0.5,0,1,0,0.00045432358203234064,"[""warehouse store"", ""storage warehouse"", ""staffing"", ""shortages"", ""warehouseman"", ""warehousings""]"
graph_01,logistics_and_delivery_system,1,node_014,core_shuffled_graph,shuffle_01,delivery attempt delay,Delay before a courier can complete a delivery attempt.,transport_and_attempt,0,1,2,1,2,1,6,,pending,1,0.9051649724159859,6,0.16666666666666666,0,0,0,0.00045432358203234064,"[""accident risk"", ""routing leak"", ""delivery service"", ""risk of exposure"", ""load balancing"", ""delivered duty unpaid""]"
graph_01,logistics_and_delivery_system,1,node_017,core_shuffled_graph,shuffle_01,depot processing backlog,Severity of parcels awaiting processing at the depot due to redelivery workload and loading delays.,recovery_and_customer,0,1,2,1,1,1,3,,pending,1,0.8473603543185008,19,0.05263157894736842,0,0,0,0.00045432358203234064,"[""workload"", ""service level"", ""consumer complaint"", ""voice complaint"", ""seismic risk"", ""service charge""]"
graph_01,logistics_and_delivery_system,1,node_001,core_shuffled_graph,shuffle_02,order surge intensity,Intensity of a sudden increase in customer orders.,supply_and_inventory,1,0,0,1,3,1,2,,pending,1,0.5806931648374581,18,0.05555555555555555,0,0,0,0.00045432358203234064,"[""load time"", ""loading"", ""delay slot"", ""delaying""]"
graph_01,logistics_and_delivery_system,1,node_007,core_shuffled_graph,shuffle_02,inventory shortage risk,Risk that available inventory cannot meet demand.,supply_and_inventory,0,1,2,1,2,1,2,,pending,0,0.8696475382509394,10,0.1,0,0,0,0.00045432358203234064,"[""call delay"", ""packability"", ""delay payment"", ""delaying agent"", ""delayment"", ""close packing""]"
graph_01,logistics_and_delivery_system,1,node_014,core_shuffled_graph,shuffle_02,delivery attempt delay,Delay before a courier can complete a delivery attempt.,transport_and_attempt,0,1,2,1,2,1,6,,pending,0,0.924380368051792,3,0.3333333333333333,0,1,0,0.00045432358203234064,"[""accident risk"", ""specific risk"", ""delivery date"", ""missing trader fraud"", ""missed approach"", ""absentee rate""]"
graph_01,logistics_and_delivery_system,1,node_017,core_shuffled_graph,shuffle_02,depot processing backlog,Severity of parcels awaiting processing at the depot due to redelivery workload and loading delays.,recovery_and_customer,0,1,2,1,1,1,3,,pending,0,0.678629981588148,9,0.1111111111111111,0,0,0,0.00045432358203234064,"[""outbound"", ""delay payment"", ""delays""]"
graph_01,logistics_and_delivery_system,1,node_001,core_shuffled_graph,shuffle_03,order surge intensity,Intensity of a sudden increase in customer orders.,supply_and_inventory,1,0,0,1,3,1,2,,pending,1,0.7211027654160481,3,0.3333333333333333,0,1,0,0.00045432358203234064,"[""workload"", ""command processing overhead"", ""grow in intensity"", ""work order""]"
graph_01,logistics_and_delivery_system,1,node_007,core_shuffled_graph,shuffle_03,inventory shortage risk,Risk that available inventory cannot meet demand.,supply_and_inventory,0,1,2,1,2,1,2,,pending,0,0.7842390962329508,15,0.06666666666666667,0,0,0,0.00045432358203234064,"[""packing"", ""packing case"", ""packing box"", ""send packing""]"
graph_01,logistics_and_delivery_system,1,node_014,core_shuffled_graph,shuffle_03,delivery attempt delay,Delay before a courier can complete a delivery attempt.,transport_and_attempt,0,1,2,1,2,1,6,,pending,0,0.8565738142982322,13,0.07692307692307693,0,0,0,0.00045432358203234064,"[""redelivery"", ""workload"", ""change intensity"", ""intensity level"", ""field intensity"", ""breakeven load factor""]"
graph_01,logistics_and_delivery_system,1,node_017,core_shuffled_graph,shuffle_03,depot processing backlog,Severity of parcels awaiting processing at the depot due to redelivery workload and loading delays.,recovery_and_customer,0,1,2,1,1,1,3,,pending,0,0.8890894650441326,14,0.07142857142857142,0,0,0,0.00045432358203234064,"[""missed miscarriage"", ""shortages"", ""warehouse chain"", ""missing trader fraud"", ""continuous delivery"", ""delivery service""]"
graph_01,logistics_and_delivery_system,1,node_001,core_shuffled_graph,shuffle_04,order surge intensity,Intensity of a sudden increase in customer orders.,supply_and_inventory,1,0,0,1,3,1,2,,pending,0,0.8532865982157166,19,0.05263157894736842,0,0,0,0.00045432358203234064,"[""consumer complaint"", ""call delay"", ""service contract"", ""out of service"", ""complaints"", ""outbound""]"
graph_01,logistics_and_delivery_system,1,node_007,core_shuffled_graph,shuffle_04,inventory shortage risk,Risk that available inventory cannot meet demand.,supply_and_inventory,0,1,2,1,2,1,2,,pending,0,0.14718211814244392,12,0.08333333333333333,0,0,0,0.00045432358203234064,[]
graph_01,logistics_and_delivery_system,1,node_014,core_shuffled_graph,shuffle_04,delivery attempt delay,Delay before a courier can complete a delivery attempt.,transport_and_attempt,0,1,2,1,2,1,6,,pending,1,0.933991146132675,2,0.5,0,1,0,0.00045432358203234064,"[""missed miscarriage"", ""delivery date"", ""delivery health"", ""missing trader fraud"", ""continuous delivery"", ""missed approach""]"
graph_01,logistics_and_delivery_system,1,node_017,core_shuffled_graph,shuffle_04,depot processing backlog,Severity of parcels awaiting processing at the depot due to redelivery workload and loading delays.,recovery_and_customer,0,1,2,1,1,1,3,,pending,0,0.7942346868551104,19,0.05263157894736842,0,0,0,0.00045432358203234064,"[""traffic congestion"", ""severity"", ""accident risk"", ""specific risk"", ""disease severity"", ""risks""]"
graph_01,logistics_and_delivery_system,1,node_001,core_shuffled_graph,shuffle_05,order surge intensity,Intensity of a sudden increase in customer orders.,supply_and_inventory,1,0,0,1,3,1,2,,pending,0,0.8707061799741426,9,0.1111111111111111,0,0,0,0.00045432358203234064,"[""load time"", ""job queue"", ""call delay"", ""service charge"", ""customer service department"", ""long queue""]"
graph_01,logistics_and_delivery_system,1,node_007,core_shuffled_graph,shuffle_05,inventory shortage risk,Risk that available inventory cannot meet demand.,supply_and_inventory,0,1,2,1,2,1,2,,pending,0,0.8691935521061815,14,0.07142857142857142,0,0,0,0.00045432358203234064,"[""call delay"", ""backlog"", ""command processing overhead time"", ""delay payment"", ""severity"", ""dispatch case""]"
graph_01,logistics_and_delivery_system,1,node_014,core_shuffled_graph,shuffle_05,delivery attempt delay,Delay before a courier can complete a delivery attempt.,transport_and_attempt,0,1,2,1,2,1,6,,pending,0,0.809433760818391,13,0.07692307692307693,0,0,0,0.00045432358203234064,"[""redelivery"", ""workload"", ""intensity level""]"
graph_01,logistics_and_delivery_system,1,node_017,core_shuffled_graph,shuffle_05,depot processing backlog,Severity of parcels awaiting processing at the depot due to redelivery workload and loading delays.,recovery_and_customer,0,1,2,1,1,1,3,,pending,0,0.8612231649348165,10,0.1,0,0,0,0.00045432358203234064,"[""load time"", ""delaying"", ""loading"", ""call delay"", ""delay slot"", ""delay payment""]"
graph_01,logistics_and_delivery_system,1,node_001,core_shuffled_graph,shuffle_06,order surge intensity,Intensity of a sudden increase in customer orders.,supply_and_inventory,1,0,0,1,3,1,2,,pending,0,0.8377794627615203,10,0.1,0,0,0,0.00045432358203234064,"[""command processing overhead time"", ""send packing"", ""packing box"", ""packability"", ""workload"", ""delaying""]"
graph_01,logistics_and_delivery_system,1,node_007,core_shuffled_graph,shuffle_06,inventory shortage risk,Risk that available inventory cannot meet demand.,supply_and_inventory,0,1,2,1,2,1,2,,pending,0,0.6889165010757203,12,0.08333333333333333,0,0,0,0.00045432358203234064,"[""delay"", ""load time"", ""delaying agent"", ""backloading""]"
graph_01,logistics_and_delivery_system,1,node_014,core_shuffled_graph,shuffle_06,delivery attempt delay,Delay before a courier can complete a delivery attempt.,transport_and_attempt,0,1,2,1,2,1,6,,pending,0,0.7849274880594567,12,0.08333333333333333,0,0,0,0.00045432358203234064,"[""redelivery"", ""workload"", ""redfield ratio""]"
graph_01,logistics_and_delivery_system,1,node_017,core_shuffled_graph,shuffle_06,depot processing backlog,Severity of parcels awaiting processing at the depot due to redelivery workload and loading delays.,recovery_and_customer,0,1,2,1,1,1,3,,pending,0,0.8931819379197719,10,0.1,0,0,0,0.00045432358203234064,"[""redelivery"", ""workload"", ""load time"", ""packability"", ""packed cell volume"", ""command processing overhead time""]"
graph_01,logistics_and_delivery_system,1,node_001,core_shuffled_graph,shuffle_07,order surge intensity,Intensity of a sudden increase in customer orders.,supply_and_inventory,1,0,0,1,3,1,2,,pending,0,0.9173535120694823,3,0.3333333333333333,0,1,0,0.00045432358203234064,"[""workload"", ""command processing overhead time"", ""order taking"", ""intensity level"", ""queueing theory"", ""eager load""]"
graph_01,logistics_and_delivery_system,1,node_007,core_shuffled_graph,shuffle_07,inventory shortage risk,Risk that available inventory cannot meet demand.,supply_and_inventory,0,1,2,1,2,1,2,,pending,0,0.5834413340688415,11,0.09090909090909091,0,0,0,0.00045432358203234064,"[""delaying"", ""load time"", ""loading""]"
graph_01,logistics_and_delivery_system,1,node_014,core_shuffled_graph,shuffle_07,delivery attempt delay,Delay before a courier can complete a delivery attempt.,transport_and_attempt,0,1,2,1,2,1,6,,pending,0,0.6524753816594823,15,0.06666666666666667,0,0,0,0.00045432358203234064,"[""workload"", ""redelivery""]"
graph_01,logistics_and_delivery_system,1,node_017,core_shuffled_graph,shuffle_07,depot processing backlog,Severity of parcels awaiting processing at the depot due to redelivery workload and loading delays.,recovery_and_customer,0,1,2,1,1,1,3,,pending,0,0.7670473817461892,8,0.125,0,0,0,0.00045432358203234064,"[""load time"", ""loading""]"
graph_01,logistics_and_delivery_system,1,node_001,core_shuffled_graph,shuffle_08,order surge intensity,Intensity of a sudden increase in customer orders.,supply_and_inventory,1,0,0,1,3,1,2,,pending,1,0.8694919591479376,13,0.07692307692307693,0,0,0,0.00045432358203234064,"[""length of service"", ""backlog"", ""response time"", ""command processing overhead time"", ""backlogged"", ""call delay""]"
graph_01,logistics_and_delivery_system,1,node_007,core_shuffled_graph,shuffle_08,inventory shortage risk,Risk that available inventory cannot meet demand.,supply_and_inventory,0,1,2,1,2,1,2,,pending,1,0.8841005163893,9,0.1111111111111111,0,0,0,0.00045432358203234064,"[""call delay"", ""delay payment"", ""delaying agent"", ""supplier"", ""security risk"", ""risks""]"
graph_01,logistics_and_delivery_system,1,node_014,core_shuffled_graph,shuffle_08,delivery attempt delay,Delay before a courier can complete a delivery attempt.,transport_and_attempt,0,1,2,1,2,1,6,,pending,1,0.7634326973403148,4,0.25,0,1,0,0.00045432358203234064,"[""packing"", ""packing box"", ""delayed""]"
graph_01,logistics_and_delivery_system,1,node_017,core_shuffled_graph,shuffle_08,depot processing backlog,Severity of parcels awaiting processing at the depot due to redelivery workload and loading delays.,recovery_and_customer,0,1,2,1,1,1,3,,pending,1,0.8584157399049057,6,0.16666666666666666,0,0,0,0.00045432358203234064,"[""packing"", ""delayed"", ""packing box"", ""delayment"", ""delaying tactics"", ""delaying""]"
graph_01,logistics_and_delivery_system,1,node_001,core_shuffled_graph,shuffle_09,order surge intensity,Intensity of a sudden increase in customer orders.,supply_and_inventory,1,0,0,1,3,1,2,,pending,1,-0.7469006081365516,1,1.0,1,1,1,0.00045432358203234064,"[""low call delay"", ""low delay payment"", ""low delaying agent"", ""low suppliers"", ""low security risk"", ""low external risk""]"
graph_01,logistics_and_delivery_system,1,node_007,core_shuffled_graph,shuffle_09,inventory shortage risk,Risk that available inventory cannot meet demand.,supply_and_inventory,0,1,2,1,2,1,2,,pending,0,0.8130731810338463,15,0.06666666666666667,0,0,0,0.00045432358203234064,"[""length of service"", ""waiting period"", ""waiting on tables"", ""customer to customer"", ""short customer"", ""customer's broker""]"
graph_01,logistics_and_delivery_system,1,node_014,core_shuffled_graph,shuffle_09,delivery attempt delay,Delay before a courier can complete a delivery attempt.,transport_and_attempt,0,1,2,1,2,1,6,,pending,0,0.8528011284127418,13,0.07692307692307693,0,0,0,0.00045432358203234064,"[""routing leak"", ""accident risk"", ""disruptions"", ""routes"", ""routemarch"", ""displaced threshold runway""]"
graph_01,logistics_and_delivery_system,1,node_017,core_shuffled_graph,shuffle_09,depot processing backlog,Severity of parcels awaiting processing at the depot due to redelivery workload and loading delays.,recovery_and_customer,0,1,2,1,1,1,3,,pending,0,0.8497936580755384,11,0.09090909090909091,0,0,0,0.00045432358203234064,"[""load time"", ""loading"", ""call delay"", ""delay slot"", ""delay""]"
graph_01,logistics_and_delivery_system,1,node_001,core_shuffled_graph,shuffle_10,order surge intensity,Intensity of a sudden increase in customer orders.,supply_and_inventory,1,0,0,1,3,1,2,,pending,0,0.8236439490186983,13,0.07692307692307693,0,0,0,0.00045432358203234064,"[""packing"", ""packing case"", ""delaying"", ""delaying tactics"", ""receiving in advance"", ""send packing""]"
graph_01,logistics_and_delivery_system,1,node_007,core_shuffled_graph,shuffle_10,inventory shortage risk,Risk that available inventory cannot meet demand.,supply_and_inventory,0,1,2,1,2,1,2,,pending,1,0.8727940504169918,8,0.125,0,0,0,0.00045432358203234064,"[""procurement"", ""delay payment"", ""job queue"", ""call delay"", ""delaying tactics"", ""batch queue""]"
graph_01,logistics_and_delivery_system,1,node_014,core_shuffled_graph,shuffle_10,delivery attempt delay,Delay before a courier can complete a delivery attempt.,transport_and_attempt,0,1,2,1,2,1,6,,pending,1,0.877109450357793,4,0.25,0,1,0,0.00045432358203234064,"[""length of service"", ""customer to customer"", ""short customer"", ""response time"", ""ticket time limit"", ""waiting period""]"
graph_01,logistics_and_delivery_system,1,node_017,core_shuffled_graph,shuffle_10,depot processing backlog,Severity of parcels awaiting processing at the depot due to redelivery workload and loading delays.,recovery_and_customer,0,1,2,1,1,1,3,,pending,0,0.8618066021681957,14,0.07142857142857142,0,0,0,0.00045432358203234064,"[""severity"", ""backlogged"", ""redelivery"", ""call delay"", ""consumer complaint"", ""compensation culture""]"
graph_01,logistics_and_delivery_system,1,node_001,core_shuffled_graph,shuffle_11,order surge intensity,Intensity of a sudden increase in customer orders.,supply_and_inventory,1,0,0,1,3,1,2,,pending,1,-0.7951967667293411,16,0.0625,0,0,0,0.00045432358203234064,"[""low weather quantity"", ""low disruptions"", ""low change intensity"", ""low adverse weather"", ""low disruption""]"
graph_01,logistics_and_delivery_system,1,node_007,core_shuffled_graph,shuffle_11,inventory shortage risk,Risk that available inventory cannot meet demand.,supply_and_inventory,0,1,2,1,2,1,2,,pending,0,-0.7538617661938934,7,0.14285714285714285,0,0,0,0.00045432358203234064,"[""low weather quantity"", ""low disruptions"", ""low change intensity"", ""low adverse weather""]"
graph_01,logistics_and_delivery_system,1,node_014,core_shuffled_graph,shuffle_11,delivery attempt delay,Delay before a courier can complete a delivery attempt.,transport_and_attempt,0,1,2,1,2,1,6,,pending,1,0.9186391865522148,3,0.3333333333333333,0,1,0,0.00045432358203234064,"[""outbound"", ""delivery date"", ""delays"", ""recorded delivery"", ""arriving late"", ""delayment""]"
graph_01,logistics_and_delivery_system,1,node_017,core_shuffled_graph,shuffle_11,depot processing backlog,Severity of parcels awaiting processing at the depot due to redelivery workload and loading delays.,recovery_and_customer,0,1,2,1,1,1,3,,pending,0,0.7384450974688106,20,0.05,0,0,0,0.00045432358203234064,"[""consumer complaint"", ""service charge"", ""voice complaint"", ""service contract"", ""security risk"", ""service ceiling""]"
graph_01,logistics_and_delivery_system,1,node_001,core_shuffled_graph,shuffle_12,order surge intensity,Intensity of a sudden increase in customer orders.,supply_and_inventory,1,0,0,1,3,1,2,,pending,1,0.9051319407042571,4,0.25,0,1,0,0.00045432358203234064,"[""workload"", ""shipping and handling"", ""command processing overhead"", ""command processing overhead time"", ""order taking"", ""handling instructions""]"
graph_01,logistics_and_delivery_system,1,node_007,core_shuffled_graph,shuffle_12,inventory shortage risk,Risk that available inventory cannot meet demand.,supply_and_inventory,0,1,2,1,2,1,2,,pending,0,0.8505074758082223,11,0.09090909090909091,0,0,0,0.00045432358203234064,"[""delay payment"", ""batch queue"", ""continuous delivery"", ""backlog"", ""procurement"", ""propagation delay""]"
graph_01,logistics_and_delivery_system,1,node_014,core_shuffled_graph,shuffle_12,delivery attempt delay,Delay before a courier can complete a delivery attempt.,transport_and_attempt,0,1,2,1,2,1,6,,pending,0,0.8957366763497178,4,0.25,0,1,0,0.00045432358203234064,"[""consumer complaint"", ""length of service"", ""call delay"", ""customer service department"", ""outbound"", ""security risk""]"
graph_01,logistics_and_delivery_system,1,node_017,core_shuffled_graph,shuffle_12,depot processing backlog,Severity of parcels awaiting processing at the depot due to redelivery workload and loading delays.,recovery_and_customer,0,1,2,1,1,1,3,,pending,0,0.4883577685581943,10,0.1,0,0,0,0.00045432358203234064,"[""missed abortion"", ""missed miscarriage""]"
graph_01,logistics_and_delivery_system,1,node_001,core_shuffled_graph,shuffle_13,order surge intensity,Intensity of a sudden increase in customer orders.,supply_and_inventory,1,0,0,1,3,1,2,,pending,1,0.17702701464733406,6,0.16666666666666666,0,0,0,0.00045432358203234064,[]
graph_01,logistics_and_delivery_system,1,node_007,core_shuffled_graph,shuffle_13,inventory shortage risk,Risk that available inventory cannot meet demand.,supply_and_inventory,0,1,2,1,2,1,2,,pending,1,0.7805088254702014,9,0.1111111111111111,0,0,0,0.00045432358203234064,"[""call delay"", ""delay payment"", ""procurements""]"
graph_01,logistics_and_delivery_system,1,node_014,core_shuffled_graph,shuffle_13,delivery attempt delay,Delay before a courier can complete a delivery attempt.,transport_and_attempt,0,1,2,1,2,1,6,,pending,1,0.9362678096658235,2,0.5,0,1,0,0.00045432358203234064,"[""missed miscarriage"", ""delivery date"", ""backlog"", ""missed call"", ""continuous delivery"", ""delivery health""]"
graph_01,logistics_and_delivery_system,1,node_017,core_shuffled_graph,shuffle_13,depot processing backlog,Severity of parcels awaiting processing at the depot due to redelivery workload and loading delays.,recovery_and_customer,0,1,2,1,1,1,3,,pending,1,0.8821067291782949,13,0.07692307692307693,0,0,0,0.00045432358203234064,"[""load time"", ""redelivery"", ""workload"", ""becoming impatient"", ""call delay"", ""traffic congestion""]"
graph_01,logistics_and_delivery_system,1,node_001,core_shuffled_graph,shuffle_14,order surge intensity,Intensity of a sudden increase in customer orders.,supply_and_inventory,1,0,0,1,3,1,2,,pending,0,0.7322518494596925,18,0.05555555555555555,0,0,0,0.00045432358203234064,"[""packing"", ""packing case"", ""close packing"", ""send packing"", ""packing box"", ""packability""]"
graph_01,logistics_and_delivery_system,1,node_007,core_shuffled_graph,shuffle_14,inventory shortage risk,Risk that available inventory cannot meet demand.,supply_and_inventory,0,1,2,1,2,1,2,,pending,0,0.7050185173738954,10,0.1,0,0,0,0.00045432358203234064,"[""packing"", ""packing case"", ""close packing"", ""send packing"", ""packing box""]"
graph_01,logistics_and_delivery_system,1,node_014,core_shuffled_graph,shuffle_14,delivery attempt delay,Delay before a courier can complete a delivery attempt.,transport_and_attempt,0,1,2,1,2,1,6,,pending,0,0.8827405874387375,10,0.1,0,0,0,0.00045432358203234064,"[""length of service"", ""repeat customer"", ""response time"", ""departure time"", ""duration"", ""customer support""]"
graph_01,logistics_and_delivery_system,1,node_017,core_shuffled_graph,shuffle_14,depot processing backlog,Severity of parcels awaiting processing at the depot due to redelivery workload and loading delays.,recovery_and_customer,0,1,2,1,1,1,3,,pending,0,0.8206335974980433,11,0.09090909090909091,0,0,0,0.00045432358203234064,"[""failure rate"", ""address resolution protocol"", ""error correction"", ""address translation"", ""instruction address register"", ""computer address""]"
graph_01,logistics_and_delivery_system,1,node_001,core_shuffled_graph,shuffle_15,order surge intensity,Intensity of a sudden increase in customer orders.,supply_and_inventory,1,0,0,1,3,1,2,,pending,0,0.8295411128099365,15,0.06666666666666667,0,0,0,0.00045432358203234064,"[""length of service"", ""waiting period"", ""short customer"", ""customer to customer"", ""duration"", ""ticket time limit""]"
graph_01,logistics_and_delivery_system,1,node_007,core_shuffled_graph,shuffle_15,inventory shortage risk,Risk that available inventory cannot meet demand.,supply_and_inventory,0,1,2,1,2,1,2,,pending,0,0.6885931716982342,15,0.06666666666666667,0,0,0,0.00045432358203234064,"[""delay payment"", ""command processing overhead time"", ""call delay"", ""delaying tactics"", ""delaying agent"", ""extended order drill""]"
graph_01,logistics_and_delivery_system,1,node_014,core_shuffled_graph,shuffle_15,delivery attempt delay,Delay before a courier can complete a delivery attempt.,transport_and_attempt,0,1,2,1,2,1,6,,pending,0,0.9046120271102225,7,0.14285714285714285,0,0,0,0.00045432358203234064,"[""length of service"", ""response time"", ""ticket time limit"", ""propagation delay"", ""error correction code"", ""severity""]"
graph_01,logistics_and_delivery_system,1,node_017,core_shuffled_graph,shuffle_15,depot processing backlog,Severity of parcels awaiting processing at the depot due to redelivery workload and loading delays.,recovery_and_customer,0,1,2,1,1,1,3,,pending,0,0.8955135070578997,11,0.09090909090909091,0,0,0,0.00045432358203234064,"[""outbound"", ""delivery date"", ""delay payment"", ""propagation delay"", ""call delay"", ""delays""]"
graph_01,logistics_and_delivery_system,1,node_001,core_shuffled_graph,shuffle_16,order surge intensity,Intensity of a sudden increase in customer orders.,supply_and_inventory,1,0,0,1,3,1,2,,pending,0,0.8970744928523552,12,0.08333333333333333,0,0,0,0.00045432358203234064,"[""call delay"", ""load time"", ""command processing overhead time"", ""shipping and handling"", ""workload"", ""job queue""]"
graph_01,logistics_and_delivery_system,1,node_007,core_shuffled_graph,shuffle_16,inventory shortage risk,Risk that available inventory cannot meet demand.,supply_and_inventory,0,1,2,1,2,1,2,,pending,0,0.8701597282309848,17,0.058823529411764705,0,0,0,0.00045432358203234064,"[""workload"", ""command processing overhead time"", ""shipping and handling"", ""order taking"", ""extended order drill"", ""packing case""]"
graph_01,logistics_and_delivery_system,1,node_014,core_shuffled_graph,shuffle_16,delivery attempt delay,Delay before a courier can complete a delivery attempt.,transport_and_attempt,0,1,2,1,2,1,6,,pending,0,0.8451991465068478,11,0.09090909090909091,0,0,0,0.00045432358203234064,"[""backlog"", ""severity"", ""disease severity"", ""dispatch table"", ""length of service"", ""dispatch case""]"
graph_01,logistics_and_delivery_system,1,node_017,core_shuffled_graph,shuffle_16,depot processing backlog,Severity of parcels awaiting processing at the depot due to redelivery workload and loading delays.,recovery_and_customer,0,1,2,1,1,1,3,,pending,0,0.8930516788526479,12,0.08333333333333333,0,0,0,0.00045432358203234064,"[""call delay"", ""packaging concern"", ""service pack"", ""consumer complaint"", ""arriving late"", ""send packing""]"
graph_01,logistics_and_delivery_system,1,node_001,core_shuffled_graph,shuffle_17,order surge intensity,Intensity of a sudden increase in customer orders.,supply_and_inventory,1,0,0,1,3,1,2,,pending,1,0.8590713000912683,6,0.16666666666666666,0,0,0,0.00045432358203234064,"[""workload"", ""packing case"", ""service pack"", ""command processing overhead"", ""handling charge"", ""shipping and handling""]"
graph_01,logistics_and_delivery_system,1,node_007,core_shuffled_graph,shuffle_17,inventory shortage risk,Risk that available inventory cannot meet demand.,supply_and_inventory,0,1,2,1,2,1,2,,pending,0,0.8683875585737254,9,0.1111111111111111,0,0,0,0.00045432358203234064,"[""procurement"", ""job queue"", ""procurements"", ""delay payment"", ""call delay"", ""circular queue""]"
graph_01,logistics_and_delivery_system,1,node_014,core_shuffled_graph,shuffle_17,delivery attempt delay,Delay before a courier can complete a delivery attempt.,transport_and_attempt,0,1,2,1,2,1,6,,pending,0,0.6617325685211569,13,0.07692307692307693,0,0,0,0.00045432358203234064,"[""workload"", ""command processing overhead"", ""shipping and handling"", ""work order"", ""power loading"", ""large order""]"
graph_01,logistics_and_delivery_system,1,node_017,core_shuffled_graph,shuffle_17,depot processing backlog,Severity of parcels awaiting processing at the depot due to redelivery workload and loading delays.,recovery_and_customer,0,1,2,1,1,1,3,,pending,0,0.6753300670477332,18,0.05555555555555555,0,0,0,0.00045432358203234064,"[""consumer complaint"", ""voice complaint"", ""service call"", ""service charge"", ""file complaint"", ""complaint""]"
graph_01,logistics_and_delivery_system,1,node_001,core_shuffled_graph,shuffle_18,order surge intensity,Intensity of a sudden increase in customer orders.,supply_and_inventory,1,0,0,1,3,1,2,,pending,0,0.610471442640214,5,0.2,0,1,0,0.00045432358203234064,"[""redelivery""]"
graph_01,logistics_and_delivery_system,1,node_007,core_shuffled_graph,shuffle_18,inventory shortage risk,Risk that available inventory cannot meet demand.,supply_and_inventory,0,1,2,1,2,1,2,,pending,0,0.8764034287618145,12,0.08333333333333333,0,0,0,0.00045432358203234064,"[""command processing overhead time"", ""workload"", ""extended order drill"", ""handling cost"", ""serving customers"", ""large order""]"
graph_01,logistics_and_delivery_system,1,node_014,core_shuffled_graph,shuffle_18,delivery attempt delay,Delay before a courier can complete a delivery attempt.,transport_and_attempt,0,1,2,1,2,1,6,,pending,1,0.9156581516677698,2,0.5,0,1,0,0.00045432358203234064,"[""missed miscarriage"", ""delivery date"", ""missed call"", ""delivery health"", ""deliveries"", ""continuous delivery""]"
graph_01,logistics_and_delivery_system,1,node_017,core_shuffled_graph,shuffle_18,depot processing backlog,Severity of parcels awaiting processing at the depot due to redelivery workload and loading delays.,recovery_and_customer,0,1,2,1,1,1,3,,pending,0,0.8781697586192148,6,0.16666666666666666,0,0,0,0.00045432358203234064,"[""staffing"", ""shortages"", ""warehouseman"", ""warehouse chain"", ""warehouse store"", ""storage warehouse""]"
graph_01,logistics_and_delivery_system,1,node_001,core_shuffled_graph,shuffle_19,order surge intensity,Intensity of a sudden increase in customer orders.,supply_and_inventory,1,0,0,1,3,1,2,,pending,1,0.42783468992425255,3,0.3333333333333333,0,1,0,0.00045432358203234064,[]
graph_01,logistics_and_delivery_system,1,node_007,core_shuffled_graph,shuffle_19,inventory shortage risk,Risk that available inventory cannot meet demand.,supply_and_inventory,0,1,2,1,2,1,2,,pending,1,0.8651338117019294,16,0.0625,0,0,0,0.00045432358203234064,"[""workload"", ""command processing overhead time"", ""extended order drill"", ""large order"", ""order taking"", ""handling cost""]"
graph_01,logistics_and_delivery_system,1,node_014,core_shuffled_graph,shuffle_19,delivery attempt delay,Delay before a courier can complete a delivery attempt.,transport_and_attempt,0,1,2,1,2,1,6,,pending,0,0.4963715992565211,13,0.07692307692307693,0,0,0,0.00045432358203234064,"[""redelivery""]"
graph_01,logistics_and_delivery_system,1,node_017,core_shuffled_graph,shuffle_19,depot processing backlog,Severity of parcels awaiting processing at the depot due to redelivery workload and loading delays.,recovery_and_customer,0,1,2,1,1,1,3,,pending,0,0.8951773509776701,6,0.16666666666666666,0,0,0,0.00045432358203234064,"[""packing"", ""delays"", ""delaying"", ""delay slot"", ""load time"", ""packability""]"
graph_01,logistics_and_delivery_system,2,node_002,uniform,,warehouse staffing shortage,Severity of insufficient staffing in warehouse operations.,warehouse_operations,1,0,0,1,2,1,3,,pending,0,0.9044162239546848,20,0.05,0,0,0,0.0004426724175961224,"[""call delay"", ""delay payment"", ""propagation delay"", ""load time"", ""severity"", ""delivery date""]"
graph_01,logistics_and_delivery_system,2,node_008,uniform,,order handling workload intensity,Intensity of warehouse order-handling work created by order surges and inventory shortages.,warehouse_operations,0,1,2,1,1,1,3,,pending,0,0.9226256611344772,10,0.1,0,0,0,0.0004426724175961224,"[""call delay"", ""delay payment"", ""propagation delay"", ""load time"", ""severity"", ""delivery date""]"
graph_01,logistics_and_delivery_system,2,node_012,uniform,,route disruption risk,Risk that planned delivery routes become disrupted.,transport_and_attempt,0,1,2,1,1,1,6,,pending,0,0.9125473052707463,16,0.0625,0,0,0,0.0004426724175961224,"[""call delay"", ""delay payment"", ""propagation delay"", ""load time"", ""severity"", ""delivery date""]"
graph_01,logistics_and_delivery_system,2,node_018,uniform,,customer wait duration,Duration customers wait before receiving their orders.,recovery_and_customer,0,1,3,1,1,1,3,,pending,1,0.9128235789630343,15,0.06666666666666667,0,0,0,0.0004426724175961224,"[""call delay"", ""delay payment"", ""propagation delay"", ""load time"", ""severity"", ""delivery date""]"
graph_01,logistics_and_delivery_system,2,node_002,raw_correlation,,warehouse staffing shortage,Severity of insufficient staffing in warehouse operations.,warehouse_operations,1,0,0,1,2,1,3,,pending,0,0.8911429927969925,15,0.06666666666666667,0,0,0,0.0004426724175961224,"[""load time"", ""call delay"", ""backlogged"", ""delays"", ""backloading"", ""delay payment""]"
graph_01,logistics_and_delivery_system,2,node_008,raw_correlation,,order handling workload intensity,Intensity of warehouse order-handling work created by order surges and inventory shortages.,warehouse_operations,0,1,2,1,1,1,3,,pending,0,0.9241645559781924,10,0.1,0,0,0,0.0004426724175961224,"[""inventory management"", ""call delay"", ""delay payment"", ""shortages"", ""extended order drill"", ""demand draft""]"
graph_01,logistics_and_delivery_system,2,node_012,raw_correlation,,route disruption risk,Risk that planned delivery routes become disrupted.,transport_and_attempt,0,1,2,1,1,1,6,,pending,1,0.9170992884389506,12,0.08333333333333333,0,0,0,0.0004426724175961224,"[""severity"", ""propagation delay"", ""call delay"", ""congestion"", ""delivery date"", ""traffic congestion""]"
graph_01,logistics_and_delivery_system,2,node_018,raw_correlation,,customer wait duration,Duration customers wait before receiving their orders.,recovery_and_customer,0,1,3,1,1,1,3,,pending,0,0.9131552900321891,14,0.07142857142857142,0,0,0,0.0004426724175961224,"[""call delay"", ""delay payment"", ""backlogged"", ""delivery date"", ""propagation delay"", ""continuous delivery""]"
graph_01,logistics_and_delivery_system,2,node_002,core_oracle_estimated_weights,,warehouse staffing shortage,Severity of insufficient staffing in warehouse operations.,warehouse_operations,1,0,0,1,2,1,3,,pending,0,0.436062300144534,11,0.09090909090909091,0,0,0,0.0004426724175961224,"[""delaying"", ""loading"", ""load time""]"
graph_01,logistics_and_delivery_system,2,node_008,core_oracle_estimated_weights,,order handling workload intensity,Intensity of warehouse order-handling work created by order surges and inventory shortages.,warehouse_operations,0,1,2,1,1,1,3,,pending,1,0.916237286390668,3,0.3333333333333333,0,1,0,0.0004426724175961224,"[""inventory management"", ""surge into"", ""inventory control"", ""shortages"", ""change intensity"", ""demand draft""]"
graph_01,logistics_and_delivery_system,2,node_012,core_oracle_estimated_weights,,route disruption risk,Risk that planned delivery routes become disrupted.,transport_and_attempt,0,1,2,1,1,1,6,,pending,1,0.894213734608594,4,0.25,0,1,0,0.0004426724175961224,"[""traffic congestion"", ""disruption"", ""weather quantity"", ""disease severity"", ""adverse weather""]"
graph_01,logistics_and_delivery_system,2,node_018,core_oracle_estimated_weights,,customer wait duration,Duration customers wait before receiving their orders.,recovery_and_customer,0,1,3,1,1,1,3,,pending,0,0.905045262213978,10,0.1,0,0,0,0.0004426724175961224,"[""consumer complaint"", ""call delay"", ""backlogged"", ""service of process"", ""service department"", ""inventory management""]"
graph_01,logistics_and_delivery_system,2,node_002,core_oracle_true_weights,,warehouse staffing shortage,Severity of insufficient staffing in warehouse operations.,warehouse_operations,1,0,0,1,2,1,3,,pending,0,0.5045051535137048,11,0.09090909090909091,0,0,0,0.0004426724175961224,"[""delaying"", ""delayed"", ""load time"", ""packing box""]"
graph_01,logistics_and_delivery_system,2,node_008,core_oracle_true_weights,,order handling workload intensity,Intensity of warehouse order-handling work created by order surges and inventory shortages.,warehouse_operations,0,1,2,1,1,1,3,,pending,1,0.915724266569171,3,0.3333333333333333,0,1,0,0.0004426724175961224,"[""surge into"", ""inventory control"", ""inventory management"", ""change intensity"", ""shortages"", ""demand draft""]"
graph_01,logistics_and_delivery_system,2,node_012,core_oracle_true_weights,,route disruption risk,Risk that planned delivery routes become disrupted.,transport_and_attempt,0,1,2,1,1,1,6,,pending,1,0.9000387416824428,4,0.25,0,1,0,0.0004426724175961224,"[""traffic congestion"", ""severity"", ""weather quantity"", ""disruption"", ""disease severity"", ""disruptions""]"
graph_01,logistics_and_delivery_system,2,node_018,core_oracle_true_weights,,customer wait duration,Duration customers wait before receiving their orders.,recovery_and_customer,0,1,3,1,1,1,3,,pending,0,0.9078485184271177,12,0.08333333333333333,0,0,0,0.0004426724175961224,"[""inventory management"", ""call delay"", ""backlogged"", ""delay payment"", ""shortages"", ""accountable depot""]"
graph_01,logistics_and_delivery_system,2,node_002,core_reversed_graph,,warehouse staffing shortage,Severity of insufficient staffing in warehouse operations.,warehouse_operations,1,0,0,1,2,1,3,,pending,0,0.8500856175740475,14,0.07142857142857142,0,0,0,0.0004426724175961224,"[""load time"", ""delaying"", ""call delay"", ""loading space"", ""packing box"", ""delays""]"
graph_01,logistics_and_delivery_system,2,node_008,core_reversed_graph,,order handling workload intensity,Intensity of warehouse order-handling work created by order surges and inventory shortages.,warehouse_operations,0,1,2,1,1,1,3,,pending,0,0.8789798382440759,9,0.1111111111111111,0,0,0,0.0004426724175961224,"[""inventory control"", ""surge into"", ""close packing"", ""packaging concern"", ""extended order drill"", ""demand draft""]"
graph_01,logistics_and_delivery_system,2,node_012,core_reversed_graph,,route disruption risk,Risk that planned delivery routes become disrupted.,transport_and_attempt,0,1,2,1,1,1,6,,pending,1,0.8887705957641872,4,0.25,0,1,0,0.0004426724175961224,"[""traffic congestion"", ""disruption"", ""weather quantity"", ""outspeed"", ""adverse weather"", ""outbound""]"
graph_01,logistics_and_delivery_system,2,node_018,core_reversed_graph,,customer wait duration,Duration customers wait before receiving their orders.,recovery_and_customer,0,1,3,1,1,1,3,,pending,0,0.8998291787420348,9,0.1111111111111111,0,0,0,0.0004426724175961224,"[""consumer complaint"", ""backlogged"", ""call delay"", ""service department"", ""security risk"", ""inventory control""]"
graph_01,logistics_and_delivery_system,2,node_002,core_shuffled_graph,shuffle_00,warehouse staffing shortage,Severity of insufficient staffing in warehouse operations.,warehouse_operations,1,0,0,1,2,1,3,,pending,0,0.06501965507637728,9,0.1111111111111111,0,0,0,0.0004426724175961224,[]
graph_01,logistics_and_delivery_system,2,node_008,core_shuffled_graph,shuffle_00,order handling workload intensity,Intensity of warehouse order-handling work created by order surges and inventory shortages.,warehouse_operations,0,1,2,1,1,1,3,,pending,0,0.8451452491483691,16,0.0625,0,0,0,0.0004426724175961224,"[""missed miscarriage"", ""delivery date"", ""missed approach"", ""missing trader fraud"", ""continuous delivery"", ""packaging concern""]"
graph_01,logistics_and_delivery_system,2,node_012,core_shuffled_graph,shuffle_00,route disruption risk,Risk that planned delivery routes become disrupted.,transport_and_attempt,0,1,2,1,1,1,6,,pending,0,0.7482159470506238,17,0.058823529411764705,0,0,0,0.0004426724175961224,"[""load time"", ""delaying"", ""delay"", ""delay slot""]"
graph_01,logistics_and_delivery_system,2,node_018,core_shuffled_graph,shuffle_00,customer wait duration,Duration customers wait before receiving their orders.,recovery_and_customer,0,1,3,1,1,1,3,,pending,0,0.8677661102626398,14,0.07142857142857142,0,0,0,0.0004426724175961224,"[""missed miscarriage"", ""delivery date"", ""missed approach"", ""failure rate"", ""error prone"", ""missing trader fraud""]"
graph_01,logistics_and_delivery_system,2,node_002,core_shuffled_graph,shuffle_01,warehouse staffing shortage,Severity of insufficient staffing in warehouse operations.,warehouse_operations,1,0,0,1,2,1,3,,pending,0,0.8089043291344844,10,0.1,0,0,0,0.0004426724175961224,"[""delaying"", ""packing case"", ""packing box"", ""packing"", ""load time"", ""delayed""]"
graph_01,logistics_and_delivery_system,2,node_008,core_shuffled_graph,shuffle_01,order handling workload intensity,Intensity of warehouse order-handling work created by order surges and inventory shortages.,warehouse_operations,0,1,2,1,1,1,3,,pending,0,0.6272183549918882,9,0.1111111111111111,0,0,0,0.0004426724175961224,"[""backlog"", ""depots"", ""lot processing step""]"
graph_01,logistics_and_delivery_system,2,node_012,core_shuffled_graph,shuffle_01,route disruption risk,Risk that planned delivery routes become disrupted.,transport_and_attempt,0,1,2,1,1,1,6,,pending,1,0.8381804428797884,10,0.1,0,0,0,0.0004426724175961224,"[""redelivery"", ""workload"", ""change intensity""]"
graph_01,logistics_and_delivery_system,2,node_018,core_shuffled_graph,shuffle_01,customer wait duration,Duration customers wait before receiving their orders.,recovery_and_customer,0,1,3,1,1,1,3,,pending,0,0.8222552963505309,12,0.08333333333333333,0,0,0,0.0004426724175961224,"[""redelivery"", ""workload"", ""intensity level"", ""change intensity""]"
graph_01,logistics_and_delivery_system,2,node_002,core_shuffled_graph,shuffle_02,warehouse staffing shortage,Severity of insufficient staffing in warehouse operations.,warehouse_operations,1,0,0,1,2,1,3,,pending,0,0.6766091466812652,10,0.1,0,0,0,0.0004426724175961224,"[""redelivery"", ""workload"", ""change intensity"", ""capacity utilization rate""]"
graph_01,logistics_and_delivery_system,2,node_008,core_shuffled_graph,shuffle_02,order handling workload intensity,Intensity of warehouse order-handling work created by order surges and inventory shortages.,warehouse_operations,0,1,2,1,1,1,3,,pending,0,0.8254768668220669,18,0.05555555555555555,0,0,0,0.0004426724175961224,"[""delay payment"", ""call delay"", ""delaying agent"", ""supplier"", ""suppliers"", ""delayment""]"
graph_01,logistics_and_delivery_system,2,node_012,core_shuffled_graph,shuffle_02,route disruption risk,Risk that planned delivery routes become disrupted.,transport_and_attempt,0,1,2,1,1,1,6,,pending,1,0.7083376459243427,8,0.125,0,0,0,0.0004426724175961224,"[""rain delay"", ""delaying"", ""time delay"", ""delay"", ""disruption""]"
graph_01,logistics_and_delivery_system,2,node_018,core_shuffled_graph,shuffle_02,customer wait duration,Duration customers wait before receiving their orders.,recovery_and_customer,0,1,3,1,1,1,3,,pending,1,0.7931499441627292,10,0.1,0,0,0,0.0004426724175961224,"[""backlog"", ""dispatch table"", ""severity"", ""dispatch case"", ""multiple dispatch""]"
graph_01,logistics_and_delivery_system,2,node_002,core_shuffled_graph,shuffle_03,warehouse staffing shortage,Severity of insufficient staffing in warehouse operations.,warehouse_operations,1,0,0,1,2,1,3,,pending,0,0.8458918676477191,10,0.1,0,0,0,0.0004426724175961224,"[""packing"", ""delaying"", ""packing plant"", ""packing case"", ""backlogged"", ""load time""]"
graph_01,logistics_and_delivery_system,2,node_008,core_shuffled_graph,shuffle_03,order handling workload intensity,Intensity of warehouse order-handling work created by order surges and inventory shortages.,warehouse_operations,0,1,2,1,1,1,3,,pending,0,0.5339679312970087,3,0.3333333333333333,0,1,0,0.0004426724175961224,"[""procurements"", ""job queue"", ""queues"", ""surge into"", ""queue of people""]"
graph_01,logistics_and_delivery_system,2,node_012,core_shuffled_graph,shuffle_03,route disruption risk,Risk that planned delivery routes become disrupted.,transport_and_attempt,0,1,2,1,1,1,6,,pending,1,0.8474417600923821,12,0.08333333333333333,0,0,0,0.0004426724175961224,"[""backlogged"", ""delay payment"", ""depot"", ""packaging concern"", ""depots"", ""logistic support""]"
graph_01,logistics_and_delivery_system,2,node_018,core_shuffled_graph,shuffle_03,customer wait duration,Duration customers wait before receiving their orders.,recovery_and_customer,0,1,3,1,1,1,3,,pending,0,0.8660168559390943,11,0.09090909090909091,0,0,0,0.0004426724175961224,"[""redelivery"", ""backlog"", ""command processing overhead time"", ""dynamic dispatch"", ""workload"", ""multiple dispatch""]"
graph_01,logistics_and_delivery_system,2,node_002,core_shuffled_graph,shuffle_04,warehouse staffing shortage,Severity of insufficient staffing in warehouse operations.,warehouse_operations,1,0,0,1,2,1,3,,pending,0,0.8353406980926512,15,0.06666666666666667,0,0,0,0.0004426724175961224,"[""load time"", ""delaying"", ""call delay"", ""loading"", ""delay slot"", ""delay""]"
graph_01,logistics_and_delivery_system,2,node_008,core_shuffled_graph,shuffle_04,order handling workload intensity,Intensity of warehouse order-handling work created by order surges and inventory shortages.,warehouse_operations,0,1,2,1,1,1,3,,pending,0,0.9168208461811016,4,0.25,0,1,0,0.0004426724175961224,"[""inventory management"", ""job queue"", ""operational exhaustion"", ""redelivery"", ""donor fatigue"", ""response time""]"
graph_01,logistics_and_delivery_system,2,node_012,core_shuffled_graph,shuffle_04,route disruption risk,Risk that planned delivery routes become disrupted.,transport_and_attempt,0,1,2,1,1,1,6,,pending,1,0.7983053042270146,11,0.09090909090909091,0,0,0,0.0004426724175961224,"[""backlog"", ""dispatch case"", ""dispatch table"", ""backfall""]"
graph_01,logistics_and_delivery_system,2,node_018,core_shuffled_graph,shuffle_04,customer wait duration,Duration customers wait before receiving their orders.,recovery_and_customer,0,1,3,1,1,1,3,,pending,0,0.7327594594498973,12,0.08333333333333333,0,0,0,0.0004426724175961224,"[""backlog"", ""dispatch table"", ""dispatch case""]"
graph_01,logistics_and_delivery_system,2,node_002,core_shuffled_graph,shuffle_05,warehouse staffing shortage,Severity of insufficient staffing in warehouse operations.,warehouse_operations,1,0,0,1,2,1,3,,pending,0,0.8059987056116215,11,0.09090909090909091,0,0,0,0.0004426724175961224,"[""packing"", ""packing case"", ""delayment"", ""delayed"", ""call delay"", ""close packing""]"
graph_01,logistics_and_delivery_system,2,node_008,core_shuffled_graph,shuffle_05,order handling workload intensity,Intensity of warehouse order-handling work created by order surges and inventory shortages.,warehouse_operations,0,1,2,1,1,1,3,,pending,0,0.819241015084421,12,0.08333333333333333,0,0,0,0.0004426724175961224,"[""delay payment"", ""delaying tactics"", ""inventory management"", ""batch queue"", ""lay in stock"", ""load time""]"
graph_01,logistics_and_delivery_system,2,node_012,core_shuffled_graph,shuffle_05,route disruption risk,Risk that planned delivery routes become disrupted.,transport_and_attempt,0,1,2,1,1,1,6,,pending,1,-0.8208646292754272,6,0.16666666666666666,0,0,0,0.0004426724175961224,"[""low delay payment"", ""low job queue"", ""low procurement"", ""low procurements"", ""low call delay"", ""low batch queue""]"
graph_01,logistics_and_delivery_system,2,node_018,core_shuffled_graph,shuffle_05,customer wait duration,Duration customers wait before receiving their orders.,recovery_and_customer,0,1,3,1,1,1,3,,pending,0,0.8792296187094477,13,0.07692307692307693,0,0,0,0.0004426724175961224,"[""backlog"", ""severity"", ""dispatch case"", ""disease severity"", ""dispatch table"", ""operational exhaustion""]"
graph_01,logistics_and_delivery_system,2,node_002,core_shuffled_graph,shuffle_06,warehouse staffing shortage,Severity of insufficient staffing in warehouse operations.,warehouse_operations,1,0,0,1,2,1,3,,pending,0,0.7676398909433877,14,0.07142857142857142,0,0,0,0.0004426724175961224,"[""backlogged"", ""backloading"", ""load time"", ""backlog"", ""call delay"", ""priority processing""]"
graph_01,logistics_and_delivery_system,2,node_008,core_shuffled_graph,shuffle_06,order handling workload intensity,Intensity of warehouse order-handling work created by order surges and inventory shortages.,warehouse_operations,0,1,2,1,1,1,3,,pending,0,0.8025462867030656,5,0.2,0,1,0,0.0004426724175961224,"[""voice complaint"", ""service ceiling"", ""security risk"", ""risks"", ""consumer complaint"", ""service call""]"
graph_01,logistics_and_delivery_system,2,node_012,core_shuffled_graph,shuffle_06,route disruption risk,Risk that planned delivery routes become disrupted.,transport_and_attempt,0,1,2,1,1,1,6,,pending,1,0.9033998204721294,4,0.25,0,1,0,0.0004426724175961224,"[""disruption"", ""degree of storminess"", ""consumer complaint"", ""disruptions"", ""severity"", ""adverse weather""]"
graph_01,logistics_and_delivery_system,2,node_018,core_shuffled_graph,shuffle_06,customer wait duration,Duration customers wait before receiving their orders.,recovery_and_customer,0,1,3,1,1,1,3,,pending,1,0.825434127885649,4,0.25,0,1,0,0.0004426724175961224,"[""consumer complaint"", ""security risk"", ""voice complaint"", ""service charge"", ""service contract"", ""complaints""]"
graph_01,logistics_and_delivery_system,2,node_002,core_shuffled_graph,shuffle_07,warehouse staffing shortage,Severity of insufficient staffing in warehouse operations.,warehouse_operations,1,0,0,1,2,1,3,,pending,0,0.43507696695244363,12,0.08333333333333333,0,0,0,0.0004426724175961224,"[""delaying tactics"", ""delaying""]"
graph_01,logistics_and_delivery_system,2,node_008,core_shuffled_graph,shuffle_07,order handling workload intensity,Intensity of warehouse order-handling work created by order surges and inventory shortages.,warehouse_operations,0,1,2,1,1,1,3,,pending,0,0.8998872836241275,3,0.3333333333333333,0,1,0,0.0004426724175961224,"[""demand draft"", ""change intensity"", ""inventory control"", ""surge into"", ""inventory management"", ""surge""]"
graph_01,logistics_and_delivery_system,2,node_012,core_shuffled_graph,shuffle_07,route disruption risk,Risk that planned delivery routes become disrupted.,transport_and_attempt,0,1,2,1,1,1,6,,pending,1,0.9001211426390909,3,0.3333333333333333,0,1,0,0.0004426724175961224,"[""traffic congestion"", ""weather quantity"", ""disruption"", ""change intensity"", ""disruptions"", ""severity""]"
graph_01,logistics_and_delivery_system,2,node_018,core_shuffled_graph,shuffle_07,customer wait duration,Duration customers wait before receiving their orders.,recovery_and_customer,0,1,3,1,1,1,3,,pending,0,0.7565167993314528,14,0.07142857142857142,0,0,0,0.0004426724175961224,"[""redelivery"", ""workload"", ""work load""]"
graph_01,logistics_and_delivery_system,2,node_002,core_shuffled_graph,shuffle_08,warehouse staffing shortage,Severity of insufficient staffing in warehouse operations.,warehouse_operations,1,0,0,1,2,1,3,,pending,1,0.4068135177835883,6,0.16666666666666666,0,0,0,0.0004426724175961224,"[""packing case"", ""packing""]"
graph_01,logistics_and_delivery_system,2,node_008,core_shuffled_graph,shuffle_08,order handling workload intensity,Intensity of warehouse order-handling work created by order surges and inventory shortages.,warehouse_operations,0,1,2,1,1,1,3,,pending,1,-0.7206792211686005,4,0.25,0,1,0,0.0004426724175961224,"[""low missed miscarriage"", ""low delivery health"", ""low missed approach"", ""low missed call"", ""low missed abortion"", ""low date of delivery""]"
graph_01,logistics_and_delivery_system,2,node_012,core_shuffled_graph,shuffle_08,route disruption risk,Risk that planned delivery routes become disrupted.,transport_and_attempt,0,1,2,1,1,1,6,,pending,1,0.8256149821851818,5,0.2,0,1,0,0.0004426724175961224,"[""delivery health"", ""missed miscarriage"", ""outbound"", ""delivery date"", ""mail delivery"", ""external risk""]"
graph_01,logistics_and_delivery_system,2,node_018,core_shuffled_graph,shuffle_08,customer wait duration,Duration customers wait before receiving their orders.,recovery_and_customer,0,1,3,1,1,1,3,,pending,1,0.8888869001158823,11,0.09090909090909091,0,0,0,0.0004426724175961224,"[""backlogged"", ""depots"", ""priority processing"", ""job queue"", ""purchasing department"", ""lot processing step""]"
graph_01,logistics_and_delivery_system,2,node_002,core_shuffled_graph,shuffle_09,warehouse staffing shortage,Severity of insufficient staffing in warehouse operations.,warehouse_operations,1,0,0,1,2,1,3,,pending,1,0.8238692608330244,10,0.1,0,0,0,0.0004426724175961224,"[""packing"", ""packing case"", ""delaying"", ""delayment"", ""packability"", ""packing box""]"
graph_01,logistics_and_delivery_system,2,node_008,core_shuffled_graph,shuffle_09,order handling workload intensity,Intensity of warehouse order-handling work created by order surges and inventory shortages.,warehouse_operations,0,1,2,1,1,1,3,,pending,1,0.8771775469219439,8,0.125,0,0,0,0.0004426724175961224,"[""delaying tactics"", ""inventory management"", ""packaging concern"", ""distress purchase"", ""demand draft"", ""job queue""]"
graph_01,logistics_and_delivery_system,2,node_012,core_shuffled_graph,shuffle_09,route disruption risk,Risk that planned delivery routes become disrupted.,transport_and_attempt,0,1,2,1,1,1,6,,pending,0,0.8392657443506331,12,0.08333333333333333,0,0,0,0.0004426724175961224,"[""delay payment"", ""delaying tactics"", ""delivery date"", ""delivery"", ""call delay"", ""attempts""]"
graph_01,logistics_and_delivery_system,2,node_018,core_shuffled_graph,shuffle_09,customer wait duration,Duration customers wait before receiving their orders.,recovery_and_customer,0,1,3,1,1,1,3,,pending,0,0.8759038264033823,16,0.0625,0,0,0,0.0004426724175961224,"[""delivery date"", ""continuous delivery"", ""missed miscarriage"", ""delivery health"", ""outbound"", ""payment on delivery""]"
graph_01,logistics_and_delivery_system,2,node_002,core_shuffled_graph,shuffle_10,warehouse staffing shortage,Severity of insufficient staffing in warehouse operations.,warehouse_operations,1,0,0,1,2,1,3,,pending,0,0.5606504878200951,8,0.125,0,0,0,0.0004426724175961224,"[""redelivery"", ""workload"", ""intensity level""]"
graph_01,logistics_and_delivery_system,2,node_008,core_shuffled_graph,shuffle_10,order handling workload intensity,Intensity of warehouse order-handling work created by order surges and inventory shortages.,warehouse_operations,0,1,2,1,1,1,3,,pending,0,0.8371693097345239,12,0.08333333333333333,0,0,0,0.0004426724175961224,"[""delaying tactics"", ""delaying"", ""arrival of goods"", ""attempt"", ""delay payment"", ""delivery date""]"
graph_01,logistics_and_delivery_system,2,node_012,core_shuffled_graph,shuffle_10,route disruption risk,Risk that planned delivery routes become disrupted.,transport_and_attempt,0,1,2,1,1,1,6,,pending,1,-0.7440276842698215,6,0.16666666666666666,0,0,0,0.0004426724175961224,"[""low procurement"", ""low job queue"", ""low delay payment"", ""low procurements"", ""low delaying tactics"", ""low call delay""]"
graph_01,logistics_and_delivery_system,2,node_018,core_shuffled_graph,shuffle_10,customer wait duration,Duration customers wait before receiving their orders.,recovery_and_customer,0,1,3,1,1,1,3,,pending,1,0.8508261410113658,10,0.1,0,0,0,0.0004426724175961224,"[""delay payment"", ""attempts"", ""delaying tactics"", ""delivery date"", ""delivery service"", ""attempt""]"
graph_01,logistics_and_delivery_system,2,node_002,core_shuffled_graph,shuffle_11,warehouse staffing shortage,Severity of insufficient staffing in warehouse operations.,warehouse_operations,1,0,0,1,2,1,3,,pending,0,0.8261904406846264,10,0.1,0,0,0,0.0004426724175961224,"[""accountable depot"", ""backlogged"", ""backlog"", ""depots"", ""service of process"", ""depot""]"
graph_01,logistics_and_delivery_system,2,node_008,core_shuffled_graph,shuffle_11,order handling workload intensity,Intensity of warehouse order-handling work created by order surges and inventory shortages.,warehouse_operations,0,1,2,1,1,1,3,,pending,1,0.8871663694958616,4,0.25,0,1,0,0.0004426724175961224,"[""backlog"", ""command processing overhead time"", ""dispatch case"", ""dispatch table"", ""job queue"", ""backorder""]"
graph_01,logistics_and_delivery_system,2,node_012,core_shuffled_graph,shuffle_11,route disruption risk,Risk that planned delivery routes become disrupted.,transport_and_attempt,0,1,2,1,1,1,6,,pending,1,0.8785651198720114,5,0.2,0,1,0,0.0004426724175961224,"[""missed miscarriage"", ""deliveries"", ""missed call"", ""delivery date"", ""delivery health"", ""missing trader fraud""]"
graph_01,logistics_and_delivery_system,2,node_018,core_shuffled_graph,shuffle_11,customer wait duration,Duration customers wait before receiving their orders.,recovery_and_customer,0,1,3,1,1,1,3,,pending,0,0.8958607054037953,9,0.1111111111111111,0,0,0,0.0004426724175961224,"[""delay payment"", ""call delay"", ""outbound"", ""delivery date"", ""procurement"", ""propagation delay""]"
graph_01,logistics_and_delivery_system,2,node_002,core_shuffled_graph,shuffle_12,warehouse staffing shortage,Severity of insufficient staffing in warehouse operations.,warehouse_operations,1,0,0,1,2,1,3,,pending,0,0.862391993410457,14,0.07142857142857142,0,0,0,0.0004426724175961224,"[""load time"", ""call delay"", ""backloading"", ""backlogged"", ""delayment"", ""packability""]"
graph_01,logistics_and_delivery_system,2,node_008,core_shuffled_graph,shuffle_12,order handling workload intensity,Intensity of warehouse order-handling work created by order surges and inventory shortages.,warehouse_operations,0,1,2,1,1,1,3,,pending,0,0.892063530848789,6,0.16666666666666666,0,0,0,0.0004426724175961224,"[""packing"", ""surge into"", ""demand draft"", ""packing material"", ""packaging concern"", ""delaying tactics""]"
graph_01,logistics_and_delivery_system,2,node_012,core_shuffled_graph,shuffle_12,route disruption risk,Risk that planned delivery routes become disrupted.,transport_and_attempt,0,1,2,1,1,1,6,,pending,1,0.8891222847421612,8,0.125,0,0,0,0.0004426724175961224,"[""delivery date"", ""missed approach"", ""missed miscarriage"", ""delivery health"", ""delivery service"", ""continuous delivery""]"
graph_01,logistics_and_delivery_system,2,node_018,core_shuffled_graph,shuffle_12,customer wait duration,Duration customers wait before receiving their orders.,recovery_and_customer,0,1,3,1,1,1,3,,pending,1,0.8935350200229382,14,0.07142857142857142,0,0,0,0.0004426724175961224,"[""call delay"", ""attempts"", ""effort distance"", ""delivery date"", ""error diffusion"", ""failure rate""]"
graph_01,logistics_and_delivery_system,2,node_002,core_shuffled_graph,shuffle_13,warehouse staffing shortage,Severity of insufficient staffing in warehouse operations.,warehouse_operations,1,0,0,1,2,1,3,,pending,0,0.8395820008399772,16,0.0625,0,0,0,0.0004426724175961224,"[""load time"", ""call delay"", ""send packing"", ""packing case"", ""loading"", ""loading space""]"
graph_01,logistics_and_delivery_system,2,node_008,core_shuffled_graph,shuffle_13,order handling workload intensity,Intensity of warehouse order-handling work created by order surges and inventory shortages.,warehouse_operations,0,1,2,1,1,1,3,,pending,0,0.7657471198932244,11,0.09090909090909091,0,0,0,0.0004426724175961224,"[""consumer complaint"", ""service contract"", ""voice complaint"", ""security risk"", ""complaint"", ""service charge""]"
graph_01,logistics_and_delivery_system,2,node_012,core_shuffled_graph,shuffle_13,route disruption risk,Risk that planned delivery routes become disrupted.,transport_and_attempt,0,1,2,1,1,1,6,,pending,0,0.7987732923051468,16,0.0625,0,0,0,0.0004426724175961224,"[""workload"", ""disease severity"", ""multiple dispatch"", ""dynamic dispatch"", ""redelivery"", ""backdrivability""]"
graph_01,logistics_and_delivery_system,2,node_018,core_shuffled_graph,shuffle_13,customer wait duration,Duration customers wait before receiving their orders.,recovery_and_customer,0,1,3,1,1,1,3,,pending,0,0.9014341824298046,9,0.1111111111111111,0,0,0,0.0004426724175961224,"[""backlogged"", ""load time"", ""backlog"", ""call delay"", ""dispatch case"", ""propagation delay""]"
graph_01,logistics_and_delivery_system,2,node_002,core_shuffled_graph,shuffle_14,warehouse staffing shortage,Severity of insufficient staffing in warehouse operations.,warehouse_operations,1,0,0,1,2,1,3,,pending,0,0.8337614759396808,20,0.05,0,0,0,0.0004426724175961224,"[""consumer complaint"", ""call delay"", ""service contract"", ""service charge"", ""security risk"", ""outbound""]"
graph_01,logistics_and_delivery_system,2,node_008,core_shuffled_graph,shuffle_14,order handling workload intensity,Intensity of warehouse order-handling work created by order surges and inventory shortages.,warehouse_operations,0,1,2,1,1,1,3,,pending,0,0.8101091606240817,10,0.1,0,0,0,0.0004426724175961224,"[""job queue"", ""procurements"", ""delaying tactics"", ""batch queue"", ""procurement"", ""delay payment""]"
graph_01,logistics_and_delivery_system,2,node_012,core_shuffled_graph,shuffle_14,route disruption risk,Risk that planned delivery routes become disrupted.,transport_and_attempt,0,1,2,1,1,1,6,,pending,0,0.8888749173361545,11,0.09090909090909091,0,0,0,0.0004426724175961224,"[""delivery date"", ""delays"", ""delay payment"", ""propagation delay"", ""traffic congestion"", ""continuous delivery""]"
graph_01,logistics_and_delivery_system,2,node_018,core_shuffled_graph,shuffle_14,customer wait duration,Duration customers wait before receiving their orders.,recovery_and_customer,0,1,3,1,1,1,3,,pending,1,0.8039901352207586,8,0.125,0,0,0,0.0004426724175961224,"[""delay payment"", ""call delay"", ""delayed"", ""delaying tactics"", ""delivery date"", ""delay""]"
graph_01,logistics_and_delivery_system,2,node_002,core_shuffled_graph,shuffle_15,warehouse staffing shortage,Severity of insufficient staffing in warehouse operations.,warehouse_operations,1,0,0,1,2,1,3,,pending,0,0.8169358734006841,13,0.07692307692307693,0,0,0,0.0004426724175961224,"[""packing"", ""delaying"", ""packing case"", ""delayment"", ""delayed"", ""packability""]"
graph_01,logistics_and_delivery_system,2,node_008,core_shuffled_graph,shuffle_15,order handling workload intensity,Intensity of warehouse order-handling work created by order surges and inventory shortages.,warehouse_operations,0,1,2,1,1,1,3,,pending,0,0.829836758325642,12,0.08333333333333333,0,0,0,0.0004426724175961224,"[""backlogged"", ""supply depot"", ""lot processing step"", ""inventory management"", ""purchasing department"", ""delay payment""]"
graph_01,logistics_and_delivery_system,2,node_012,core_shuffled_graph,shuffle_15,route disruption risk,Risk that planned delivery routes become disrupted.,transport_and_attempt,0,1,2,1,1,1,6,,pending,1,-0.7600373460081977,4,0.25,0,1,0,0.0004426724175961224,"[""low job queue"", ""low delay payment"", ""low procurement"", ""low procurements"", ""low call delay"", ""low delaying tactics""]"
graph_01,logistics_and_delivery_system,2,node_018,core_shuffled_graph,shuffle_15,customer wait duration,Duration customers wait before receiving their orders.,recovery_and_customer,0,1,3,1,1,1,3,,pending,0,0.8742078086390115,13,0.07692307692307693,0,0,0,0.0004426724175961224,"[""inventory control"", ""inventory management"", ""shortage"", ""delivery service"", ""ask for trouble"", ""tail risk""]"
graph_01,logistics_and_delivery_system,2,node_002,core_shuffled_graph,shuffle_16,warehouse staffing shortage,Severity of insufficient staffing in warehouse operations.,warehouse_operations,1,0,0,1,2,1,3,,pending,0,0.4599880786082942,16,0.0625,0,0,0,0.0004426724175961224,"[""outbound""]"
graph_01,logistics_and_delivery_system,2,node_008,core_shuffled_graph,shuffle_16,order handling workload intensity,Intensity of warehouse order-handling work created by order surges and inventory shortages.,warehouse_operations,0,1,2,1,1,1,3,,pending,0,0.7764811175943196,7,0.14285714285714285,0,0,0,0.0004426724175961224,"[""inventory management"", ""inventory accounting"", ""shortage"", ""inventory count"", ""inventory control"", ""funding liquidity risk""]"
graph_01,logistics_and_delivery_system,2,node_012,core_shuffled_graph,shuffle_16,route disruption risk,Risk that planned delivery routes become disrupted.,transport_and_attempt,0,1,2,1,1,1,6,,pending,1,0.900747242309254,4,0.25,0,1,0,0.0004426724175961224,"[""weather quantity"", ""disruptions"", ""severity"", ""adverse weather"", ""change intensity"", ""degree of storminess""]"
graph_01,logistics_and_delivery_system,2,node_018,core_shuffled_graph,shuffle_16,customer wait duration,Duration customers wait before receiving their orders.,recovery_and_customer,0,1,3,1,1,1,3,,pending,0,0.8980019637521787,13,0.07692307692307693,0,0,0,0.0004426724175961224,"[""severity"", ""disease severity"", ""backlogged"", ""traffic congestion"", ""call delay"", ""length of service""]"
graph_01,logistics_and_delivery_system,2,node_002,core_shuffled_graph,shuffle_17,warehouse staffing shortage,Severity of insufficient staffing in warehouse operations.,warehouse_operations,1,0,0,1,2,1,3,,pending,1,0.8404508186374248,15,0.06666666666666667,0,0,0,0.0004426724175961224,"[""load time"", ""delaying"", ""call delay"", ""delayed"", ""delays"", ""delay slot""]"
graph_01,logistics_and_delivery_system,2,node_008,core_shuffled_graph,shuffle_17,order handling workload intensity,Intensity of warehouse order-handling work created by order surges and inventory shortages.,warehouse_operations,0,1,2,1,1,1,3,,pending,1,0.3281742731002524,5,0.2,0,1,0,0.0004426724175961224,[]
graph_01,logistics_and_delivery_system,2,node_012,core_shuffled_graph,shuffle_17,route disruption risk,Risk that planned delivery routes become disrupted.,transport_and_attempt,0,1,2,1,1,1,6,,pending,1,0.8304555875401308,11,0.09090909090909091,0,0,0,0.0004426724175961224,"[""outbound"", ""delivery date"", ""delay payment"", ""propagation delay"", ""delays"", ""broadcast delay""]"
graph_01,logistics_and_delivery_system,2,node_018,core_shuffled_graph,shuffle_17,customer wait duration,Duration customers wait before receiving their orders.,recovery_and_customer,0,1,3,1,1,1,3,,pending,1,0.9025003348453641,9,0.1111111111111111,0,0,0,0.0004426724175961224,"[""call delay"", ""consumer complaint"", ""delivery service"", ""service contract"", ""service pack"", ""arriving late""]"
graph_01,logistics_and_delivery_system,2,node_002,core_shuffled_graph,shuffle_18,warehouse staffing shortage,Severity of insufficient staffing in warehouse operations.,warehouse_operations,1,0,0,1,2,1,3,,pending,0,0.7835762445825917,10,0.1,0,0,0,0.0004426724175961224,"[""backlog"", ""backlogged"", ""depots"", ""lot processing step"", ""depot"", ""priority processing""]"
graph_01,logistics_and_delivery_system,2,node_008,core_shuffled_graph,shuffle_18,order handling workload intensity,Intensity of warehouse order-handling work created by order surges and inventory shortages.,warehouse_operations,0,1,2,1,1,1,3,,pending,0,0.8528774211993702,8,0.125,0,0,0,0.0004426724175961224,"[""inventory management"", ""shortage"", ""inventory control"", ""benefit of inventory"", ""inventory count"", ""inventory accounting""]"
graph_01,logistics_and_delivery_system,2,node_012,core_shuffled_graph,shuffle_18,route disruption risk,Risk that planned delivery routes become disrupted.,transport_and_attempt,0,1,2,1,1,1,6,,pending,0,0.8360408230023376,18,0.05555555555555555,0,0,0,0.0004426724175961224,"[""backlog"", ""command processing overhead time"", ""backlogged"", ""dispatch table"", ""backloading"", ""disease severity""]"
graph_01,logistics_and_delivery_system,2,node_018,core_shuffled_graph,shuffle_18,customer wait duration,Duration customers wait before receiving their orders.,recovery_and_customer,0,1,3,1,1,1,3,,pending,0,0.8375439384073229,19,0.05263157894736842,0,0,0,0.0004426724175961224,"[""inventory management"", ""shortage"", ""inventory control"", ""inventory count"", ""benefit of inventory"", ""inventory accounting""]"
graph_01,logistics_and_delivery_system,2,node_002,core_shuffled_graph,shuffle_19,warehouse staffing shortage,Severity of insufficient staffing in warehouse operations.,warehouse_operations,1,0,0,1,2,1,3,,pending,0,0.8005429951442171,10,0.1,0,0,0,0.0004426724175961224,"[""delays"", ""packing box"", ""delaying"", ""load time"", ""underpacking"", ""delayed""]"
graph_01,logistics_and_delivery_system,2,node_008,core_shuffled_graph,shuffle_19,order handling workload intensity,Intensity of warehouse order-handling work created by order surges and inventory shortages.,warehouse_operations,0,1,2,1,1,1,3,,pending,0,0.8932325711930097,12,0.08333333333333333,0,0,0,0.0004426724175961224,"[""inventory management"", ""backlog"", ""inventory control"", ""logistical nightmare"", ""exchange rate risk"", ""disease severity""]"
graph_01,logistics_and_delivery_system,2,node_012,core_shuffled_graph,shuffle_19,route disruption risk,Risk that planned delivery routes become disrupted.,transport_and_attempt,0,1,2,1,1,1,6,,pending,0,0.8366272202748118,18,0.05555555555555555,0,0,0,0.0004426724175961224,"[""backlog"", ""severity"", ""dispatch table"", ""disease severity"", ""multiple dispatch"", ""command processing overhead time""]"
graph_01,logistics_and_delivery_system,2,node_018,core_shuffled_graph,shuffle_19,customer wait duration,Duration customers wait before receiving their orders.,recovery_and_customer,0,1,3,1,1,1,3,,pending,0,0.8742574710027985,15,0.06666666666666667,0,0,0,0.0004426724175961224,"[""backlog"", ""disease severity"", ""severity"", ""dispatch table"", ""missing trader fraud"", ""continuous delivery""]"
graph_01,logistics_and_delivery_system,3,node_003,uniform,,traffic congestion severity,Severity of congestion on outbound delivery routes.,transport_and_attempt,1,0,0,1,2,1,5,,pending,0,0.9151838975217524,17,0.058823529411764705,0,0,0,0.0005003488283764774,"[""response time"", ""call delay"", ""shortages"", ""delay payment"", ""propagation delay"", ""load time""]"
graph_01,logistics_and_delivery_system,3,node_009,uniform,,packing delay,Delay in packing picked orders for dispatch.,warehouse_operations,0,1,2,1,1,1,4,,pending,1,0.9254722402047714,11,0.09090909090909091,0,0,0,0.0005003488283764774,"[""response time"", ""call delay"", ""shortages"", ""delay payment"", ""propagation delay"", ""load time""]"
graph_01,logistics_and_delivery_system,3,node_015,uniform,,missed delivery risk,Risk that the current delivery attempt is unsuccessful.,transport_and_attempt,0,1,2,1,1,1,5,,pending,0,0.9302746340626623,7,0.14285714285714285,0,0,0,0.0005003488283764774,"[""response time"", ""call delay"", ""shortages"", ""delay payment"", ""propagation delay"", ""load time""]"
graph_01,logistics_and_delivery_system,3,node_016,uniform,,redelivery workload intensity,Intensity of work created by orders requiring redelivery.,recovery_and_customer,0,1,1,1,1,1,3,,pending,1,0.9099959802491102,19,0.05263157894736842,0,0,0,0.0005003488283764774,"[""response time"", ""call delay"", ""shortages"", ""delay payment"", ""propagation delay"", ""load time""]"
graph_01,logistics_and_delivery_system,3,node_003,raw_correlation,,traffic congestion severity,Severity of congestion on outbound delivery routes.,transport_and_attempt,1,0,0,1,2,1,5,,pending,0,0.9120966021313826,13,0.07692307692307693,0,0,0,0.0005003488283764774,"[""call delay"", ""propagation delay"", ""delivery service"", ""backlogged"", ""delay payment"", ""delivery date""]"
graph_01,logistics_and_delivery_system,3,node_009,raw_correlation,,packing delay,Delay in packing picked orders for dispatch.,warehouse_operations,0,1,2,1,1,1,4,,pending,1,0.925157668798012,9,0.1111111111111111,0,0,0,0.0005003488283764774,"[""backlogged"", ""call delay"", ""response time"", ""load time"", ""shortages"", ""inventory management""]"
graph_01,logistics_and_delivery_system,3,node_015,raw_correlation,,missed delivery risk,Risk that the current delivery attempt is unsuccessful.,transport_and_attempt,0,1,2,1,1,1,5,,pending,0,0.9342125858376056,3,0.3333333333333333,0,1,0,0.0005003488283764774,"[""call delay"", ""propagation delay"", ""length of service"", ""delivery service"", ""response time"", ""delay payment""]"
graph_01,logistics_and_delivery_system,3,node_016,raw_correlation,,redelivery workload intensity,Intensity of work created by orders requiring redelivery.,recovery_and_customer,0,1,1,1,1,1,3,,pending,1,0.9118559314312421,18,0.05555555555555555,0,0,0,0.0005003488283764774,"[""response time"", ""backlogged"", ""length of service"", ""severity"", ""propagation delay"", ""call delay""]"
graph_01,logistics_and_delivery_system,3,node_003,core_oracle_estimated_weights,,traffic congestion severity,Severity of congestion on outbound delivery routes.,transport_and_attempt,1,0,0,1,2,1,5,,pending,0,0.6820880634456576,8,0.125,0,0,0,0.0005003488283764774,"[""route"", ""routing leak"", ""routes""]"
graph_01,logistics_and_delivery_system,3,node_009,core_oracle_estimated_weights,,packing delay,Delay in packing picked orders for dispatch.,warehouse_operations,0,1,2,1,1,1,4,,pending,0,0.8615575316934683,11,0.09090909090909091,0,0,0,0.0005003488283764774,"[""workload"", ""command processing overhead time"", ""warehousing"", ""overstaffing"", ""storage warehouse"", ""warehouse chain""]"
graph_01,logistics_and_delivery_system,3,node_015,core_oracle_estimated_weights,,missed delivery risk,Risk that the current delivery attempt is unsuccessful.,transport_and_attempt,0,1,2,1,1,1,5,,pending,0,0.908377183573662,3,0.3333333333333333,0,1,0,0.0005003488283764774,"[""accident risk"", ""delivery service"", ""equipment failure"", ""adverse weather"", ""disruptions"", ""file complaint""]"
graph_01,logistics_and_delivery_system,3,node_016,core_oracle_estimated_weights,,redelivery workload intensity,Intensity of work created by orders requiring redelivery.,recovery_and_customer,0,1,1,1,1,1,3,,pending,0,0.8932935605255174,7,0.14285714285714285,0,0,0,0.0005003488283764774,"[""accountable depot"", ""debris surge"", ""close order drill"", ""change intensity"", ""degree of storminess"", ""service organization""]"
graph_01,logistics_and_delivery_system,3,node_003,core_oracle_true_weights,,traffic congestion severity,Severity of congestion on outbound delivery routes.,transport_and_attempt,1,0,0,1,2,1,5,,pending,0,0.6871450335582585,8,0.125,0,0,0,0.0005003488283764774,"[""route"", ""routing leak"", ""routes""]"
graph_01,logistics_and_delivery_system,3,node_009,core_oracle_true_weights,,packing delay,Delay in packing picked orders for dispatch.,warehouse_operations,0,1,2,1,1,1,4,,pending,0,0.8695251305186139,12,0.08333333333333333,0,0,0,0.0005003488283764774,"[""workload"", ""warehousing"", ""overstaffing"", ""command processing overhead time"", ""warehouse chain"", ""storage warehouse""]"
graph_01,logistics_and_delivery_system,3,node_015,core_oracle_true_weights,,missed delivery risk,Risk that the current delivery attempt is unsuccessful.,transport_and_attempt,0,1,2,1,1,1,5,,pending,0,0.9307712176485864,3,0.3333333333333333,0,1,0,0.0005003488283764774,"[""disruptions"", ""delivery service"", ""adverse weather"", ""rain delay"", ""missed approach"", ""delivery date""]"
graph_01,logistics_and_delivery_system,3,node_016,core_oracle_true_weights,,redelivery workload intensity,Intensity of work created by orders requiring redelivery.,recovery_and_customer,0,1,1,1,1,1,3,,pending,0,0.9105864837343667,7,0.14285714285714285,0,0,0,0.0005003488283764774,"[""change intensity"", ""extended order drill"", ""intensity level"", ""disruptions"", ""operational exhaustion"", ""degree of storminess""]"
graph_01,logistics_and_delivery_system,3,node_003,core_reversed_graph,,traffic congestion severity,Severity of congestion on outbound delivery routes.,transport_and_attempt,1,0,0,1,2,1,5,,pending,1,0.9056419397911437,3,0.3333333333333333,0,1,0,0.0005003488283764774,"[""accident risk"", ""routing leak"", ""disruptions"", ""severity"", ""backlog"", ""logistical nightmare""]"
graph_01,logistics_and_delivery_system,3,node_009,core_reversed_graph,,packing delay,Delay in packing picked orders for dispatch.,warehouse_operations,0,1,2,1,1,1,4,,pending,0,0.8391229609632328,17,0.058823529411764705,0,0,0,0.0005003488283764774,"[""overstaffing"", ""warehouse chain"", ""dispatch table"", ""severity"", ""workload"", ""warehousing""]"
graph_01,logistics_and_delivery_system,3,node_015,core_reversed_graph,,missed delivery risk,Risk that the current delivery attempt is unsuccessful.,transport_and_attempt,0,1,2,1,1,1,5,,pending,1,0.9125104786056603,4,0.25,0,1,0,0.0005003488283764774,"[""delivery service"", ""adverse weather"", ""disruptions"", ""degree of storminess"", ""accident risk"", ""meteorological event""]"
graph_01,logistics_and_delivery_system,3,node_016,core_reversed_graph,,redelivery workload intensity,Intensity of work created by orders requiring redelivery.,recovery_and_customer,0,1,1,1,1,1,3,,pending,0,0.8252956870691022,9,0.1111111111111111,0,0,0,0.0005003488283764774,"[""backlog"", ""depots"", ""accountable depot"", ""lot processing step"", ""command processing overhead"", ""backorder""]"
graph_01,logistics_and_delivery_system,3,node_003,core_shuffled_graph,shuffle_00,traffic congestion severity,Severity of congestion on outbound delivery routes.,transport_and_attempt,1,0,0,1,2,1,5,,pending,1,0.7701250775777086,5,0.2,0,1,0,0.0005003488283764774,"[""external cause"", ""call delay"", ""outbound"", ""flight risk"", ""motion sickness"", ""time delay""]"
graph_01,logistics_and_delivery_system,3,node_009,core_shuffled_graph,shuffle_00,packing delay,Delay in packing picked orders for dispatch.,warehouse_operations,0,1,2,1,1,1,4,,pending,0,0.9061824812500154,12,0.08333333333333333,0,0,0,0.0005003488283764774,"[""backlogged"", ""backlog"", ""severity"", ""call delay"", ""dynamic dispatch"", ""shipping and handling""]"
graph_01,logistics_and_delivery_system,3,node_015,core_shuffled_graph,shuffle_00,missed delivery risk,Risk that the current delivery attempt is unsuccessful.,transport_and_attempt,0,1,2,1,1,1,5,,pending,0,0.8722384995618928,6,0.16666666666666666,0,0,0,0.0005003488283764774,"[""delaying tactics"", ""delivery date"", ""call delay"", ""delaying"", ""delay payment"", ""long wait""]"
graph_01,logistics_and_delivery_system,3,node_016,core_shuffled_graph,shuffle_00,redelivery workload intensity,Intensity of work created by orders requiring redelivery.,recovery_and_customer,0,1,1,1,1,1,3,,pending,0,0.7605967590481896,16,0.0625,0,0,0,0.0005003488283764774,"[""consumer complaint"", ""voice complaint"", ""service contract"", ""security risk"", ""risks"", ""file complaint""]"
graph_01,logistics_and_delivery_system,3,node_003,core_shuffled_graph,shuffle_01,traffic congestion severity,Severity of congestion on outbound delivery routes.,transport_and_attempt,1,0,0,1,2,1,5,,pending,1,0.8876113448791703,4,0.25,0,1,0,0.0005003488283764774,"[""backlog"", ""dispatch case"", ""severity"", ""backlogged"", ""backloading"", ""dynamic dispatch""]"
graph_01,logistics_and_delivery_system,3,node_009,core_shuffled_graph,shuffle_01,packing delay,Delay in packing picked orders for dispatch.,warehouse_operations,0,1,2,1,1,1,4,,pending,0,0.8665609570139184,7,0.14285714285714285,0,0,0,0.0005003488283764774,"[""shortages"", ""warehouse store"", ""warehousing"", ""staffing"", ""storage warehouse"", ""overstaffing""]"
graph_01,logistics_and_delivery_system,3,node_015,core_shuffled_graph,shuffle_01,missed delivery risk,Risk that the current delivery attempt is unsuccessful.,transport_and_attempt,0,1,2,1,1,1,5,,pending,1,0.8605326874901952,4,0.25,0,1,0,0.0005003488283764774,"[""accident risk"", ""complaint"", ""consumer complaint"", ""bill of complaint"", ""weather protection"", ""adverse weather""]"
graph_01,logistics_and_delivery_system,3,node_016,core_shuffled_graph,shuffle_01,redelivery workload intensity,Intensity of work created by orders requiring redelivery.,recovery_and_customer,0,1,1,1,1,1,3,,pending,0,0.8511399568468759,17,0.058823529411764705,0,0,0,0.0005003488283764774,"[""length of service"", ""waiting period"", ""call delay"", ""response time"", ""short customer"", ""long wait""]"
graph_01,logistics_and_delivery_system,3,node_003,core_shuffled_graph,shuffle_02,traffic congestion severity,Severity of congestion on outbound delivery routes.,transport_and_attempt,1,0,0,1,2,1,5,,pending,1,0.711770887854311,5,0.2,0,1,0,0.0005003488283764774,"[""voice complaint"", ""complaint"", ""service charge"", ""security risk"", ""bill of complaint"", ""complaints""]"
graph_01,logistics_and_delivery_system,3,node_009,core_shuffled_graph,shuffle_02,packing delay,Delay in packing picked orders for dispatch.,warehouse_operations,0,1,2,1,1,1,4,,pending,0,0.9116296384871911,9,0.1111111111111111,0,0,0,0.0005003488283764774,"[""call delay"", ""inventory management"", ""shortages"", ""backlogged"", ""cache poisoning fault"", ""delivered duty unpaid""]"
graph_01,logistics_and_delivery_system,3,node_015,core_shuffled_graph,shuffle_02,missed delivery risk,Risk that the current delivery attempt is unsuccessful.,transport_and_attempt,0,1,2,1,1,1,5,,pending,1,0.8745264454779542,4,0.25,0,1,0,0.0005003488283764774,"[""date of delivery"", ""missed approach"", ""attempt"", ""attempts"", ""rain delay"", ""time delay""]"
graph_01,logistics_and_delivery_system,3,node_016,core_shuffled_graph,shuffle_02,redelivery workload intensity,Intensity of work created by orders requiring redelivery.,recovery_and_customer,0,1,1,1,1,1,3,,pending,0,0.8236659902951857,18,0.05555555555555555,0,0,0,0.0005003488283764774,"[""outbound"", ""deliveries"", ""delays"", ""delay payment"", ""rain delay"", ""delivery date""]"
graph_01,logistics_and_delivery_system,3,node_003,core_shuffled_graph,shuffle_03,traffic congestion severity,Severity of congestion on outbound delivery routes.,transport_and_attempt,1,0,0,1,2,1,5,,pending,0,0.7108166637609525,14,0.07142857142857142,0,0,0,0.0005003488283764774,"[""outbound"", ""delay payment"", ""broadcast delay""]"
graph_01,logistics_and_delivery_system,3,node_009,core_shuffled_graph,shuffle_03,packing delay,Delay in packing picked orders for dispatch.,warehouse_operations,0,1,2,1,1,1,4,,pending,0,0.8643424370004965,11,0.09090909090909091,0,0,0,0.0005003488283764774,"[""inventory management"", ""shortage"", ""inventory control"", ""risk evaluation"", ""security risk"", ""shortages""]"
graph_01,logistics_and_delivery_system,3,node_015,core_shuffled_graph,shuffle_03,missed delivery risk,Risk that the current delivery attempt is unsuccessful.,transport_and_attempt,0,1,2,1,1,1,5,,pending,0,0.7049976090574738,13,0.07692307692307693,0,0,0,0.0005003488283764774,"[""backlog"", ""depot"", ""depots"", ""accountable depot"", ""lot processing step""]"
graph_01,logistics_and_delivery_system,3,node_016,core_shuffled_graph,shuffle_03,redelivery workload intensity,Intensity of work created by orders requiring redelivery.,recovery_and_customer,0,1,1,1,1,1,3,,pending,0,0.8666564545074406,14,0.07142857142857142,0,0,0,0.0005003488283764774,"[""length of service"", ""call delay"", ""waiting period"", ""load time"", ""serving customers"", ""customer to customer""]"
graph_01,logistics_and_delivery_system,3,node_003,core_shuffled_graph,shuffle_04,traffic congestion severity,Severity of congestion on outbound delivery routes.,transport_and_attempt,1,0,0,1,2,1,5,,pending,1,0.7751735455113876,4,0.25,0,1,0,0.0005003488283764774,"[""backlog"", ""dispatch case"", ""dispatch table"", ""backfire effect""]"
graph_01,logistics_and_delivery_system,3,node_009,core_shuffled_graph,shuffle_04,packing delay,Delay in packing picked orders for dispatch.,warehouse_operations,0,1,2,1,1,1,4,,pending,1,0.9090282996794516,2,0.5,0,1,0,0.0005003488283764774,"[""load time"", ""loading"", ""delay"", ""delaying""]"
graph_01,logistics_and_delivery_system,3,node_015,core_shuffled_graph,shuffle_04,missed delivery risk,Risk that the current delivery attempt is unsuccessful.,transport_and_attempt,0,1,2,1,1,1,5,,pending,1,0.9352529126526389,4,0.25,0,1,0,0.0005003488283764774,"[""disruption"", ""propagation delay"", ""call delay"", ""missed approach"", ""accident risk"", ""delivery service""]"
graph_01,logistics_and_delivery_system,3,node_016,core_shuffled_graph,shuffle_04,redelivery workload intensity,Intensity of work created by orders requiring redelivery.,recovery_and_customer,0,1,1,1,1,1,3,,pending,1,0.9203100124237394,3,0.3333333333333333,0,1,0,0.0005003488283764774,"[""workload"", ""command processing overhead time"", ""change intensity"", ""intensity level"", ""field intensity"", ""command processing overhead""]"
graph_01,logistics_and_delivery_system,3,node_003,core_shuffled_graph,shuffle_05,traffic congestion severity,Severity of congestion on outbound delivery routes.,transport_and_attempt,1,0,0,1,2,1,5,,pending,0,-0.6302015904246898,6,0.16666666666666666,0,0,0,0.0005003488283764774,"[""low call delay"", ""low delay payment"", ""low delay"", ""low propagation delay""]"
graph_01,logistics_and_delivery_system,3,node_009,core_shuffled_graph,shuffle_05,packing delay,Delay in packing picked orders for dispatch.,warehouse_operations,0,1,2,1,1,1,4,,pending,1,0.841797312448151,14,0.07142857142857142,0,0,0,0.0005003488283764774,"[""backlog"", ""overstaffing"", ""dispatch table"", ""warehouse chain"", ""warehousing"", ""severity""]"
graph_01,logistics_and_delivery_system,3,node_015,core_shuffled_graph,shuffle_05,missed delivery risk,Risk that the current delivery attempt is unsuccessful.,transport_and_attempt,0,1,2,1,1,1,5,,pending,0,0.5738754012070836,11,0.09090909090909091,0,0,0,0.0005003488283764774,"[""customer service"", ""consumer complaint""]"
graph_01,logistics_and_delivery_system,3,node_016,core_shuffled_graph,shuffle_05,redelivery workload intensity,Intensity of work created by orders requiring redelivery.,recovery_and_customer,0,1,1,1,1,1,3,,pending,0,0.8614776397225843,15,0.06666666666666667,0,0,0,0.0005003488283764774,"[""delaying tactics"", ""delay payment"", ""delivery date"", ""attempted"", ""attempts"", ""delivery health""]"
graph_01,logistics_and_delivery_system,3,node_003,core_shuffled_graph,shuffle_06,traffic congestion severity,Severity of congestion on outbound delivery routes.,transport_and_attempt,1,0,0,1,2,1,5,,pending,0,0.7641157031106943,12,0.08333333333333333,0,0,0,0.0005003488283764774,"[""backlog"", ""directed route"", ""routes"", ""route planner"", ""postal carrier"", ""mail delivery""]"
graph_01,logistics_and_delivery_system,3,node_009,core_shuffled_graph,shuffle_06,packing delay,Delay in packing picked orders for dispatch.,warehouse_operations,0,1,2,1,1,1,4,,pending,0,0.7630483931098709,15,0.06666666666666667,0,0,0,0.0005003488283764774,"[""intensity level"", ""surge into"", ""backorder"", ""command processing overhead"", ""grow in intensity"", ""operational exhaustion""]"
graph_01,logistics_and_delivery_system,3,node_015,core_shuffled_graph,shuffle_06,missed delivery risk,Risk that the current delivery attempt is unsuccessful.,transport_and_attempt,0,1,2,1,1,1,5,,pending,0,0.06282531090903298,18,0.05555555555555555,0,0,0,0.0005003488283764774,[]
graph_01,logistics_and_delivery_system,3,node_016,core_shuffled_graph,shuffle_06,redelivery workload intensity,Intensity of work created by orders requiring redelivery.,recovery_and_customer,0,1,1,1,1,1,3,,pending,0,0.8405004400752809,14,0.07142857142857142,0,0,0,0.0005003488283764774,"[""backlogged"", ""backlog"", ""lot processing step"", ""priority processing"", ""depot"", ""accountable depot""]"
graph_01,logistics_and_delivery_system,3,node_003,core_shuffled_graph,shuffle_07,traffic congestion severity,Severity of congestion on outbound delivery routes.,transport_and_attempt,1,0,0,1,2,1,5,,pending,1,0.8797722368885836,4,0.25,0,1,0,0.0005003488283764774,"[""disruptions"", ""accident risk"", ""routing leak"", ""disruption"", ""routemarch"", ""routes""]"
graph_01,logistics_and_delivery_system,3,node_009,core_shuffled_graph,shuffle_07,packing delay,Delay in packing picked orders for dispatch.,warehouse_operations,0,1,2,1,1,1,4,,pending,0,0.8782678572393072,11,0.09090909090909091,0,0,0,0.0005003488283764774,"[""consumer complaint"", ""call delay"", ""service contract"", ""customer service department"", ""complaints"", ""quality of service""]"
graph_01,logistics_and_delivery_system,3,node_015,core_shuffled_graph,shuffle_07,missed delivery risk,Risk that the current delivery attempt is unsuccessful.,transport_and_attempt,0,1,2,1,1,1,5,,pending,1,0.8099272655511845,4,0.25,0,1,0,0.0005003488283764774,"[""consumer complaint"", ""service contract"", ""service call"", ""complaints"", ""bill of complaint""]"
graph_01,logistics_and_delivery_system,3,node_016,core_shuffled_graph,shuffle_07,redelivery workload intensity,Intensity of work created by orders requiring redelivery.,recovery_and_customer,0,1,1,1,1,1,3,,pending,0,0.8540248606016975,15,0.06666666666666667,0,0,0,0.0005003488283764774,"[""call delay"", ""length of service"", ""delivery date"", ""waiting period"", ""delay payment"", ""time of arrival""]"
graph_01,logistics_and_delivery_system,3,node_003,core_shuffled_graph,shuffle_08,traffic congestion severity,Severity of congestion on outbound delivery routes.,transport_and_attempt,1,0,0,1,2,1,5,,pending,0,0.8602306671369403,12,0.08333333333333333,0,0,0,0.0005003488283764774,"[""delays"", ""outbound"", ""call delay"", ""delay payment"", ""propagation delay"", ""load time""]"
graph_01,logistics_and_delivery_system,3,node_009,core_shuffled_graph,shuffle_08,packing delay,Delay in packing picked orders for dispatch.,warehouse_operations,0,1,2,1,1,1,4,,pending,0,0.8900708988714358,9,0.1111111111111111,0,0,0,0.0005003488283764774,"[""backlogged"", ""customer service department"", ""accountable depot"", ""service level"", ""service of process"", ""priority processing""]"
graph_01,logistics_and_delivery_system,3,node_015,core_shuffled_graph,shuffle_08,missed delivery risk,Risk that the current delivery attempt is unsuccessful.,transport_and_attempt,0,1,2,1,1,1,5,,pending,1,0.9050571531707919,4,0.25,0,1,0,0.0005003488283764774,"[""routing leak"", ""accident risk"", ""disruption"", ""disruptions"", ""routemarch"", ""routes""]"
graph_01,logistics_and_delivery_system,3,node_016,core_shuffled_graph,shuffle_08,redelivery workload intensity,Intensity of work created by orders requiring redelivery.,recovery_and_customer,0,1,1,1,1,1,3,,pending,0,0.8298227335362909,18,0.05555555555555555,0,0,0,0.0005003488283764774,"[""address verification service"", ""return address"", ""error correction code"", ""access validation fault"", ""buffer overflow"", ""error diffusion""]"
graph_01,logistics_and_delivery_system,3,node_003,core_shuffled_graph,shuffle_09,traffic congestion severity,Severity of congestion on outbound delivery routes.,transport_and_attempt,1,0,0,1,2,1,5,,pending,1,-0.8336264422183839,5,0.2,0,1,0,0.0005003488283764774,"[""low shortages"", ""low warehouse store"", ""low warehousings"", ""low storage warehouse"", ""low shortage"", ""low staffing""]"
graph_01,logistics_and_delivery_system,3,node_009,core_shuffled_graph,shuffle_09,packing delay,Delay in packing picked orders for dispatch.,warehouse_operations,0,1,2,1,1,1,4,,pending,0,0.6991930608506979,9,0.1111111111111111,0,0,0,0.0005003488283764774,"[""workload"", ""warehouse chain"", ""warehousing"", ""rostering"", ""staffing"", ""storage warehouse""]"
graph_01,logistics_and_delivery_system,3,node_015,core_shuffled_graph,shuffle_09,missed delivery risk,Risk that the current delivery attempt is unsuccessful.,transport_and_attempt,0,1,2,1,1,1,5,,pending,0,0.7847200664079398,12,0.08333333333333333,0,0,0,0.0005003488283764774,"[""waiting period"", ""length of service"", ""customer to customer"", ""short customer""]"
graph_01,logistics_and_delivery_system,3,node_016,core_shuffled_graph,shuffle_09,redelivery workload intensity,Intensity of work created by orders requiring redelivery.,recovery_and_customer,0,1,1,1,1,1,3,,pending,0,0.8647933858843069,15,0.06666666666666667,0,0,0,0.0005003488283764774,"[""length of service"", ""consumer complaint"", ""customer service department"", ""ticket time limit"", ""customer service""]"
graph_01,logistics_and_delivery_system,3,node_003,core_shuffled_graph,shuffle_10,traffic congestion severity,Severity of congestion on outbound delivery routes.,transport_and_attempt,1,0,0,1,2,1,5,,pending,0,0.7754924556543066,13,0.07692307692307693,0,0,0,0.0005003488283764774,"[""outbound"", ""delay payment"", ""call delay"", ""mail delivery""]"
graph_01,logistics_and_delivery_system,3,node_009,core_shuffled_graph,shuffle_10,packing delay,Delay in packing picked orders for dispatch.,warehouse_operations,0,1,2,1,1,1,4,,pending,0,0.7956225121305444,13,0.07692307692307693,0,0,0,0.0005003488283764774,"[""backlog"", ""command processing overhead"", ""intensity level"", ""severity"", ""dispatch table"", ""multiple dispatch""]"
graph_01,logistics_and_delivery_system,3,node_015,core_shuffled_graph,shuffle_10,missed delivery risk,Risk that the current delivery attempt is unsuccessful.,transport_and_attempt,0,1,2,1,1,1,5,,pending,0,0.9030331022370364,3,0.3333333333333333,0,1,0,0.0005003488283764774,"[""outbound"", ""delay payment"", ""call delay"", ""delivery date"", ""delivery service"", ""delays""]"
graph_01,logistics_and_delivery_system,3,node_016,core_shuffled_graph,shuffle_10,redelivery workload intensity,Intensity of work created by orders requiring redelivery.,recovery_and_customer,0,1,1,1,1,1,3,,pending,1,0.8587434901846298,11,0.09090909090909091,0,0,0,0.0005003488283764774,"[""address verification service"", ""error correction"", ""return address"", ""service level"", ""capacity utilization rate"", ""error correction code""]"
graph_01,logistics_and_delivery_system,3,node_003,core_shuffled_graph,shuffle_11,traffic congestion severity,Severity of congestion on outbound delivery routes.,transport_and_attempt,1,0,0,1,2,1,5,,pending,0,0.24345998291433946,7,0.14285714285714285,0,0,0,0.0005003488283764774,[]
graph_01,logistics_and_delivery_system,3,node_009,core_shuffled_graph,shuffle_11,packing delay,Delay in packing picked orders for dispatch.,warehouse_operations,0,1,2,1,1,1,4,,pending,1,0.9120866118746135,4,0.25,0,1,0,0.0005003488283764774,"[""delaying tactics"", ""delay payment"", ""continuous delivery"", ""delivery"", ""attempts"", ""delivery date""]"
graph_01,logistics_and_delivery_system,3,node_015,core_shuffled_graph,shuffle_11,missed delivery risk,Risk that the current delivery attempt is unsuccessful.,transport_and_attempt,0,1,2,1,1,1,5,,pending,0,0.8876210290748657,5,0.2,0,1,0,0.0005003488283764774,"[""failure rate"", ""return address"", ""address translation"", ""data location corruption"", ""deviation ratio"", ""address verification service""]"
graph_01,logistics_and_delivery_system,3,node_016,core_shuffled_graph,shuffle_11,redelivery workload intensity,Intensity of work created by orders requiring redelivery.,recovery_and_customer,0,1,1,1,1,1,3,,pending,1,0.8404496459904538,6,0.16666666666666666,0,0,0,0.0005003488283764774,"[""severity"", ""backlog"", ""dispatch case"", ""dispatch table""]"
graph_01,logistics_and_delivery_system,3,node_003,core_shuffled_graph,shuffle_12,traffic congestion severity,Severity of congestion on outbound delivery routes.,transport_and_attempt,1,0,0,1,2,1,5,,pending,1,0.31551999413791254,5,0.2,0,1,0,0.0005003488283764774,[]
graph_01,logistics_and_delivery_system,3,node_009,core_shuffled_graph,shuffle_12,packing delay,Delay in packing picked orders for dispatch.,warehouse_operations,0,1,2,1,1,1,4,,pending,0,0.8843002982597816,10,0.1,0,0,0,0.0005003488283764774,"[""workload"", ""intensity level"", ""warehousing"", ""large order"", ""eager load"", ""command processing overhead time""]"
graph_01,logistics_and_delivery_system,3,node_015,core_shuffled_graph,shuffle_12,missed delivery risk,Risk that the current delivery attempt is unsuccessful.,transport_and_attempt,0,1,2,1,1,1,5,,pending,1,0.8984045123006357,5,0.2,0,1,0,0.0005003488283764774,"[""consumer complaint"", ""trouble ticket system"", ""accident risk"", ""risks"", ""service department"", ""security risk""]"
graph_01,logistics_and_delivery_system,3,node_016,core_shuffled_graph,shuffle_12,redelivery workload intensity,Intensity of work created by orders requiring redelivery.,recovery_and_customer,0,1,1,1,1,1,3,,pending,0,0.8210077537710012,18,0.05555555555555555,0,0,0,0.0005003488283764774,"[""length of service"", ""waiting period"", ""customer to customer"", ""short customer"", ""customer service department"", ""repeat customer""]"
graph_01,logistics_and_delivery_system,3,node_003,core_shuffled_graph,shuffle_13,traffic congestion severity,Severity of congestion on outbound delivery routes.,transport_and_attempt,1,0,0,1,2,1,5,,pending,0,0.7420361360834755,18,0.05555555555555555,0,0,0,0.0005003488283764774,"[""depots"", ""backlog"", ""lot processing step"", ""supply depot""]"
graph_01,logistics_and_delivery_system,3,node_009,core_shuffled_graph,shuffle_13,packing delay,Delay in packing picked orders for dispatch.,warehouse_operations,0,1,2,1,1,1,4,,pending,0,0.8944540874405758,9,0.1111111111111111,0,0,0,0.0005003488283764774,"[""shortage"", ""storage warehouse"", ""shortages"", ""inventory management"", ""warehousing"", ""warehouse chain""]"
graph_01,logistics_and_delivery_system,3,node_015,core_shuffled_graph,shuffle_13,missed delivery risk,Risk that the current delivery attempt is unsuccessful.,transport_and_attempt,0,1,2,1,1,1,5,,pending,1,0.8489547279589793,3,0.3333333333333333,0,1,0,0.0005003488283764774,"[""delaying"", ""attempt"", ""delay payment"", ""missed approach"", ""assassination attempt"", ""delivery date""]"
graph_01,logistics_and_delivery_system,3,node_016,core_shuffled_graph,shuffle_13,redelivery workload intensity,Intensity of work created by orders requiring redelivery.,recovery_and_customer,0,1,1,1,1,1,3,,pending,1,0.8668980462670342,13,0.07692307692307693,0,0,0,0.0005003488283764774,"[""accountable depot"", ""depots"", ""backlogged"", ""priority processing"", ""backlog"", ""lot processing step""]"
graph_01,logistics_and_delivery_system,3,node_003,core_shuffled_graph,shuffle_14,traffic congestion severity,Severity of congestion on outbound delivery routes.,transport_and_attempt,1,0,0,1,2,1,5,,pending,1,0.8672854064854051,4,0.25,0,1,0,0.0005003488283764774,"[""disruptions"", ""disruption"", ""routes"", ""accident risk"", ""constructed route system"", ""route planner""]"
graph_01,logistics_and_delivery_system,3,node_009,core_shuffled_graph,shuffle_14,packing delay,Delay in packing picked orders for dispatch.,warehouse_operations,0,1,2,1,1,1,4,,pending,0,0.8849710087617821,15,0.06666666666666667,0,0,0,0.0005003488283764774,"[""length of service"", ""inventory management"", ""inventory control"", ""shortage"", ""response time"", ""waiting period""]"
graph_01,logistics_and_delivery_system,3,node_015,core_shuffled_graph,shuffle_14,missed delivery risk,Risk that the current delivery attempt is unsuccessful.,transport_and_attempt,0,1,2,1,1,1,5,,pending,1,0.9199603894921701,3,0.3333333333333333,0,1,0,0.0005003488283764774,"[""missed approach"", ""disruptions"", ""delivery service"", ""defective on arrival"", ""routing leak"", ""accident risk""]"
graph_01,logistics_and_delivery_system,3,node_016,core_shuffled_graph,shuffle_14,redelivery workload intensity,Intensity of work created by orders requiring redelivery.,recovery_and_customer,0,1,1,1,1,1,3,,pending,0,0.867727904258314,15,0.06666666666666667,0,0,0,0.0005003488283764774,"[""delay payment"", ""missed approach"", ""delivery service"", ""delays"", ""continuous delivery"", ""procurement""]"
graph_01,logistics_and_delivery_system,3,node_003,core_shuffled_graph,shuffle_15,traffic congestion severity,Severity of congestion on outbound delivery routes.,transport_and_attempt,1,0,0,1,2,1,5,,pending,0,0.801489211600197,10,0.1,0,0,0,0.0005003488283764774,"[""inventory management"", ""shortage"", ""credit risk"", ""inventory count"", ""inventory control"", ""benefit of inventory""]"
graph_01,logistics_and_delivery_system,3,node_009,core_shuffled_graph,shuffle_15,packing delay,Delay in packing picked orders for dispatch.,warehouse_operations,0,1,2,1,1,1,4,,pending,0,0.8802702077674769,4,0.25,0,1,0,0.0005003488283764774,"[""load time"", ""warehousing"", ""storage warehouse"", ""staffing"", ""warehouses"", ""loading""]"
graph_01,logistics_and_delivery_system,3,node_015,core_shuffled_graph,shuffle_15,missed delivery risk,Risk that the current delivery attempt is unsuccessful.,transport_and_attempt,0,1,2,1,1,1,5,,pending,0,0.8312128984649716,5,0.2,0,1,0,0.0005003488283764774,"[""inventory management"", ""credit risk"", ""shortage"", ""inventory count"", ""inventory control"", ""benefit of inventory""]"
graph_01,logistics_and_delivery_system,3,node_016,core_shuffled_graph,shuffle_15,redelivery workload intensity,Intensity of work created by orders requiring redelivery.,recovery_and_customer,0,1,1,1,1,1,3,,pending,0,0.7640214756577347,19,0.05263157894736842,0,0,0,0.0005003488283764774,"[""inventory management"", ""credit risk"", ""shortage"", ""inventory count"", ""inventory control"", ""benefit of inventory""]"
graph_01,logistics_and_delivery_system,3,node_003,core_shuffled_graph,shuffle_16,traffic congestion severity,Severity of congestion on outbound delivery routes.,transport_and_attempt,1,0,0,1,2,1,5,,pending,1,0.7910552253441168,10,0.1,0,0,0,0.0005003488283764774,"[""length of service"", ""waiting period"", ""short customer"", ""customer to customer"", ""waiting area"", ""ticket time limit""]"
graph_01,logistics_and_delivery_system,3,node_009,core_shuffled_graph,shuffle_16,packing delay,Delay in packing picked orders for dispatch.,warehouse_operations,0,1,2,1,1,1,4,,pending,0,0.674023324880311,7,0.14285714285714285,0,0,0,0.0005003488283764774,"[""inventory management"", ""supply depot""]"
graph_01,logistics_and_delivery_system,3,node_015,core_shuffled_graph,shuffle_16,missed delivery risk,Risk that the current delivery attempt is unsuccessful.,transport_and_attempt,0,1,2,1,1,1,5,,pending,0,0.8911961892094231,9,0.1111111111111111,0,0,0,0.0005003488283764774,"[""backlogged"", ""depot"", ""processing time"", ""backloading"", ""priority processing"", ""load time""]"
graph_01,logistics_and_delivery_system,3,node_016,core_shuffled_graph,shuffle_16,redelivery workload intensity,Intensity of work created by orders requiring redelivery.,recovery_and_customer,0,1,1,1,1,1,3,,pending,1,0.8592490026451378,7,0.14285714285714285,0,0,0,0.0005003488283764774,"[""disruptions"", ""degree of storminess"", ""change intensity"", ""adverse weather"", ""weather pains"", ""disruption""]"
graph_01,logistics_and_delivery_system,3,node_003,core_shuffled_graph,shuffle_17,traffic congestion severity,Severity of congestion on outbound delivery routes.,transport_and_attempt,1,0,0,1,2,1,5,,pending,0,0.2357424428397,8,0.125,0,0,0,0.0005003488283764774,[]
graph_01,logistics_and_delivery_system,3,node_009,core_shuffled_graph,shuffle_17,packing delay,Delay in packing picked orders for dispatch.,warehouse_operations,0,1,2,1,1,1,4,,pending,1,0.8723437860155597,15,0.06666666666666667,0,0,0,0.0005003488283764774,"[""length of service"", ""intensity level"", ""flood of customers"", ""response time"", ""extended order drill"", ""serving customers""]"
graph_01,logistics_and_delivery_system,3,node_015,core_shuffled_graph,shuffle_17,missed delivery risk,Risk that the current delivery attempt is unsuccessful.,transport_and_attempt,0,1,2,1,1,1,5,,pending,0,0.8762274163903933,14,0.07142857142857142,0,0,0,0.0005003488283764774,"[""change intensity"", ""disruptions"", ""load time"", ""weather quantity"", ""adverse weather"", ""workload""]"
graph_01,logistics_and_delivery_system,3,node_016,core_shuffled_graph,shuffle_17,redelivery workload intensity,Intensity of work created by orders requiring redelivery.,recovery_and_customer,0,1,1,1,1,1,3,,pending,1,0.9235827087735807,4,0.25,0,1,0,0.0005003488283764774,"[""change intensity"", ""load time"", ""disruptions"", ""weather quantity"", ""workload"", ""intensity level""]"
graph_01,logistics_and_delivery_system,3,node_003,core_shuffled_graph,shuffle_18,traffic congestion severity,Severity of congestion on outbound delivery routes.,transport_and_attempt,1,0,0,1,2,1,5,,pending,1,0.8284377044293094,2,0.5,0,1,0,0.0005003488283764774,"[""severity"", ""backlog"", ""dispatch case"", ""dispatch table"", ""multiple dispatch""]"
graph_01,logistics_and_delivery_system,3,node_009,core_shuffled_graph,shuffle_18,packing delay,Delay in packing picked orders for dispatch.,warehouse_operations,0,1,2,1,1,1,4,,pending,1,0.9287103270594408,6,0.16666666666666666,0,0,0,0.0005003488283764774,"[""call delay"", ""load time"", ""delay payment"", ""delays"", ""long queue"", ""job queue""]"
graph_01,logistics_and_delivery_system,3,node_015,core_shuffled_graph,shuffle_18,missed delivery risk,Risk that the current delivery attempt is unsuccessful.,transport_and_attempt,0,1,2,1,1,1,5,,pending,1,0.917325210654261,3,0.3333333333333333,0,1,0,0.0005003488283764774,"[""rain delay"", ""attempted"", ""delaying tactics"", ""disruptions"", ""delivery health"", ""attempts""]"
graph_01,logistics_and_delivery_system,3,node_016,core_shuffled_graph,shuffle_18,redelivery workload intensity,Intensity of work created by orders requiring redelivery.,recovery_and_customer,0,1,1,1,1,1,3,,pending,1,0.8951953415897248,7,0.14285714285714285,0,0,0,0.0005003488283764774,"[""surge"", ""surge into"", ""extended order drill"", ""severity"", ""response time"", ""intensity level""]"
graph_01,logistics_and_delivery_system,3,node_003,core_shuffled_graph,shuffle_19,traffic congestion severity,Severity of congestion on outbound delivery routes.,transport_and_attempt,1,0,0,1,2,1,5,,pending,1,0.8380360747964243,4,0.25,0,1,0,0.0005003488283764774,"[""backlog"", ""dispatch table"", ""dispatch case"", ""severity""]"
graph_01,logistics_and_delivery_system,3,node_009,core_shuffled_graph,shuffle_19,packing delay,Delay in packing picked orders for dispatch.,warehouse_operations,0,1,2,1,1,1,4,,pending,0,0.879756489690091,7,0.14285714285714285,0,0,0,0.0005003488283764774,"[""shortages"", ""overstaffing"", ""warehousing"", ""warehouse chain"", ""storage warehouse"", ""warehouseman""]"
graph_01,logistics_and_delivery_system,3,node_015,core_shuffled_graph,shuffle_19,missed delivery risk,Risk that the current delivery attempt is unsuccessful.,transport_and_attempt,0,1,2,1,1,1,5,,pending,0,0.6987928856268575,18,0.05555555555555555,0,0,0,0.0005003488283764774,"[""length of service"", ""waiting period"", ""customer to customer"", ""waiting area"", ""short customer"", ""serving customers""]"
graph_01,logistics_and_delivery_system,3,node_016,core_shuffled_graph,shuffle_19,redelivery workload intensity,Intensity of work created by orders requiring redelivery.,recovery_and_customer,0,1,1,1,1,1,3,,pending,0,0.8768640204997167,18,0.05555555555555555,0,0,0,0.0005003488283764774,"[""consumer complaint"", ""call delay"", ""delivery service"", ""service level"", ""defective on arrival"", ""delay payment""]"
graph_01,logistics_and_delivery_system,4,node_004,uniform,,weather disruption intensity,Intensity of weather conditions that disrupt transport.,transport_and_attempt,1,0,0,1,2,1,5,,pending,0,0.9083382433524543,19,0.05263157894736842,0,0,0,0.0004957278400442977,"[""call delay"", ""shortages"", ""delivery date"", ""response time"", ""delay payment"", ""shipping and handling""]"
graph_01,logistics_and_delivery_system,4,node_005,uniform,,address error rate,Rate of incorrect or incomplete delivery addresses.,transport_and_attempt,1,0,0,1,1,1,5,,pending,0,0.8912032030930952,20,0.05,0,0,0,0.0004957278400442977,"[""call delay"", ""shortages"", ""delivery date"", ""response time"", ""delay payment"", ""shipping and handling""]"
graph_01,logistics_and_delivery_system,4,node_010,uniform,,dispatch backlog severity,Severity of orders waiting for outbound dispatch.,warehouse_operations,0,1,2,1,1,1,3,,pending,0,0.9268818791176748,10,0.1,0,0,0,0.0004957278400442977,"[""call delay"", ""shortages"", ""delivery date"", ""response time"", ""delay payment"", ""shipping and handling""]"
graph_01,logistics_and_delivery_system,4,node_011,uniform,,loading delay,Delay in loading prepared orders onto delivery vehicles.,warehouse_operations,0,1,1,1,1,1,3,,pending,0,0.9343336659754069,5,0.2,0,1,0,0.0004957278400442977,"[""call delay"", ""shortages"", ""delivery date"", ""response time"", ""delay payment"", ""shipping and handling""]"
graph_01,logistics_and_delivery_system,4,node_004,raw_correlation,,weather disruption intensity,Intensity of weather conditions that disrupt transport.,transport_and_attempt,1,0,0,1,2,1,5,,pending,1,0.907360764745307,14,0.07142857142857142,0,0,0,0.0004957278400442977,"[""accident risk"", ""delivery date"", ""propagation delay"", ""delivery service"", ""call delay"", ""delivered duty unpaid""]"
graph_01,logistics_and_delivery_system,4,node_005,raw_correlation,,address error rate,Rate of incorrect or incomplete delivery addresses.,transport_and_attempt,1,0,0,1,1,1,5,,pending,1,0.8930977291972644,18,0.05555555555555555,0,0,0,0.0004957278400442977,"[""call delay"", ""delivery date"", ""delivery service"", ""continuous delivery"", ""delay payment"", ""length of service""]"
graph_01,logistics_and_delivery_system,4,node_010,raw_correlation,,dispatch backlog severity,Severity of orders waiting for outbound dispatch.,warehouse_operations,0,1,2,1,1,1,3,,pending,0,0.9287596400603961,8,0.125,0,0,0,0.0004957278400442977,"[""call delay"", ""shipping and handling"", ""delivery date"", ""becoming impatient"", ""delay payment"", ""shortages""]"
graph_01,logistics_and_delivery_system,4,node_011,raw_correlation,,loading delay,Delay in loading prepared orders onto delivery vehicles.,warehouse_operations,0,1,1,1,1,1,3,,pending,0,0.937767397819273,6,0.16666666666666666,0,0,0,0.0004957278400442977,"[""call delay"", ""shortages"", ""warehousing"", ""shipping and handling"", ""backlogged"", ""delivery date""]"
graph_01,logistics_and_delivery_system,4,node_004,core_oracle_estimated_weights,,weather disruption intensity,Intensity of weather conditions that disrupt transport.,transport_and_attempt,1,0,0,1,2,1,5,,pending,1,0.5763365962463112,5,0.2,0,1,0,0.0004957278400442977,"[""risked"", ""risk of exposure"", ""accident risk""]"
graph_01,logistics_and_delivery_system,4,node_005,core_oracle_estimated_weights,,address error rate,Rate of incorrect or incomplete delivery addresses.,transport_and_attempt,1,0,0,1,1,1,5,,pending,1,0.5336327120000188,7,0.14285714285714285,0,0,0,0.0004957278400442977,"[""attempt""]"
graph_01,logistics_and_delivery_system,4,node_010,core_oracle_estimated_weights,,dispatch backlog severity,Severity of orders waiting for outbound dispatch.,warehouse_operations,0,1,2,1,1,1,3,,pending,0,0.8868046189560996,8,0.125,0,0,0,0.0004957278400442977,"[""delays"", ""traffic congestion"", ""underpacking"", ""packing case"", ""call delay"", ""packing box""]"
graph_01,logistics_and_delivery_system,4,node_011,core_oracle_estimated_weights,,loading delay,Delay in loading prepared orders onto delivery vehicles.,warehouse_operations,0,1,1,1,1,1,3,,pending,0,0.9058140475489355,6,0.16666666666666666,0,0,0,0.0004957278400442977,"[""backlogged"", ""shortages"", ""storage warehouse"", ""warehousing"", ""lot processing step"", ""delays""]"
graph_01,logistics_and_delivery_system,4,node_004,core_oracle_true_weights,,weather disruption intensity,Intensity of weather conditions that disrupt transport.,transport_and_attempt,1,0,0,1,2,1,5,,pending,1,0.5678405555160233,5,0.2,0,1,0,0.0004957278400442977,"[""risked"", ""accident risk"", ""run a risk"", ""disruptions"", ""at risk""]"
graph_01,logistics_and_delivery_system,4,node_005,core_oracle_true_weights,,address error rate,Rate of incorrect or incomplete delivery addresses.,transport_and_attempt,1,0,0,1,1,1,5,,pending,1,0.5453514348498693,7,0.14285714285714285,0,0,0,0.0004957278400442977,"[""attempt""]"
graph_01,logistics_and_delivery_system,4,node_010,core_oracle_true_weights,,dispatch backlog severity,Severity of orders waiting for outbound dispatch.,warehouse_operations,0,1,2,1,1,1,3,,pending,0,0.8950785658126307,8,0.125,0,0,0,0.0004957278400442977,"[""delays"", ""traffic congestion"", ""packability"", ""packing case"", ""call delay"", ""underpacking""]"
graph_01,logistics_and_delivery_system,4,node_011,core_oracle_true_weights,,loading delay,Delay in loading prepared orders onto delivery vehicles.,warehouse_operations,0,1,1,1,1,1,3,,pending,0,0.9149571711502045,6,0.16666666666666666,0,0,0,0.0004957278400442977,"[""shortages"", ""storage warehouse"", ""logistical nightmare"", ""delays"", ""backlogged"", ""warehousing""]"
graph_01,logistics_and_delivery_system,4,node_004,core_reversed_graph,,weather disruption intensity,Intensity of weather conditions that disrupt transport.,transport_and_attempt,1,0,0,1,2,1,5,,pending,1,0.8834656824811309,8,0.125,0,0,0,0.0004957278400442977,"[""accident risk"", ""disruptions"", ""missed approach"", ""missed miscarriage"", ""delivery health"", ""specific risk""]"
graph_01,logistics_and_delivery_system,4,node_005,core_reversed_graph,,address error rate,Rate of incorrect or incomplete delivery addresses.,transport_and_attempt,1,0,0,1,1,1,5,,pending,1,0.8380727042712874,12,0.08333333333333333,0,0,0,0.0004957278400442977,"[""attempts"", ""delay payment"", ""delivery date"", ""delivery service"", ""delaying tactics"", ""call delay""]"
graph_01,logistics_and_delivery_system,4,node_010,core_reversed_graph,,dispatch backlog severity,Severity of orders waiting for outbound dispatch.,warehouse_operations,0,1,2,1,1,1,3,,pending,0,0.9161916564291115,8,0.125,0,0,0,0.0004957278400442977,"[""delays"", ""call delay"", ""underpacking"", ""traffic congestion"", ""shipping and handling"", ""delay payment""]"
graph_01,logistics_and_delivery_system,4,node_011,core_reversed_graph,,loading delay,Delay in loading prepared orders onto delivery vehicles.,warehouse_operations,0,1,1,1,1,1,3,,pending,0,0.8813650621488442,7,0.14285714285714285,0,0,0,0.0004957278400442977,"[""backlogged"", ""depots"", ""lot processing step"", ""warehousing"", ""storage warehouse"", ""priority processing""]"
graph_01,logistics_and_delivery_system,4,node_004,core_shuffled_graph,shuffle_00,weather disruption intensity,Intensity of weather conditions that disrupt transport.,transport_and_attempt,1,0,0,1,2,1,5,,pending,0,0.2056667104580166,17,0.058823529411764705,0,0,0,0.0004957278400442977,[]
graph_01,logistics_and_delivery_system,4,node_005,core_shuffled_graph,shuffle_00,address error rate,Rate of incorrect or incomplete delivery addresses.,transport_and_attempt,1,0,0,1,1,1,5,,pending,0,0.40051015059502326,16,0.0625,0,0,0,0.0004957278400442977,"[""serve customers"", ""customer to customer""]"
graph_01,logistics_and_delivery_system,4,node_010,core_shuffled_graph,shuffle_00,dispatch backlog severity,Severity of orders waiting for outbound dispatch.,warehouse_operations,0,1,2,1,1,1,3,,pending,0,0.8726972420572409,11,0.09090909090909091,0,0,0,0.0004957278400442977,"[""delays"", ""arriving late"", ""delaying tactics"", ""recorded delivery"", ""delayment"", ""packing""]"
graph_01,logistics_and_delivery_system,4,node_011,core_shuffled_graph,shuffle_00,loading delay,Delay in loading prepared orders onto delivery vehicles.,warehouse_operations,0,1,1,1,1,1,3,,pending,0,0.902434471166647,8,0.125,0,0,0,0.0004957278400442977,"[""outbound"", ""call delay"", ""shortages"", ""delivery service"", ""delivery date"", ""propagation delay""]"
graph_01,logistics_and_delivery_system,4,node_004,core_shuffled_graph,shuffle_01,weather disruption intensity,Intensity of weather conditions that disrupt transport.,transport_and_attempt,1,0,0,1,2,1,5,,pending,0,0.7825821237501279,14,0.07142857142857142,0,0,0,0.0004957278400442977,"[""backlog"", ""depots"", ""accountable depot"", ""priority processing"", ""collect on delivery""]"
graph_01,logistics_and_delivery_system,4,node_005,core_shuffled_graph,shuffle_01,address error rate,Rate of incorrect or incomplete delivery addresses.,transport_and_attempt,1,0,0,1,1,1,5,,pending,1,0.2631391639359576,6,0.16666666666666666,0,0,0,0.0004957278400442977,[]
graph_01,logistics_and_delivery_system,4,node_010,core_shuffled_graph,shuffle_01,dispatch backlog severity,Severity of orders waiting for outbound dispatch.,warehouse_operations,0,1,2,1,1,1,3,,pending,0,0.8796515960148242,2,0.5,0,1,0,0.0004957278400442977,"[""traffic congestion"", ""severity""]"
graph_01,logistics_and_delivery_system,4,node_011,core_shuffled_graph,shuffle_01,loading delay,Delay in loading prepared orders onto delivery vehicles.,warehouse_operations,0,1,1,1,1,1,3,,pending,1,0.8574138346088096,5,0.2,0,1,0,0.0004957278400442977,"[""traffic congestion"", ""severity""]"
graph_01,logistics_and_delivery_system,4,node_004,core_shuffled_graph,shuffle_02,weather disruption intensity,Intensity of weather conditions that disrupt transport.,transport_and_attempt,1,0,0,1,2,1,5,,pending,0,0.8073291069773226,8,0.125,0,0,0,0.0004957278400442977,"[""delivery service"", ""missed approach"", ""recorded delivery"", ""delivery health"", ""assassination attempt""]"
graph_01,logistics_and_delivery_system,4,node_005,core_shuffled_graph,shuffle_02,address error rate,Rate of incorrect or incomplete delivery addresses.,transport_and_attempt,1,0,0,1,1,1,5,,pending,0,0.8427013250351548,13,0.07692307692307693,0,0,0,0.0004957278400442977,"[""delivery date"", ""backlog"", ""backlogged"", ""delivery service"", ""missed approach"", ""missed miscarriage""]"
graph_01,logistics_and_delivery_system,4,node_010,core_shuffled_graph,shuffle_02,dispatch backlog severity,Severity of orders waiting for outbound dispatch.,warehouse_operations,0,1,2,1,1,1,3,,pending,0,0.8646881832093134,11,0.09090909090909091,0,0,0,0.0004957278400442977,"[""waiting period"", ""length of service"", ""short customer"", ""response time"", ""customer to customer"", ""waiting area""]"
graph_01,logistics_and_delivery_system,4,node_011,core_shuffled_graph,shuffle_02,loading delay,Delay in loading prepared orders onto delivery vehicles.,warehouse_operations,0,1,1,1,1,1,3,,pending,0,0.8960453224268066,2,0.5,0,1,0,0.0004957278400442977,"[""length of service"", ""waiting period"", ""short customer"", ""waiting on tables"", ""response time"", ""customer to customer""]"
graph_01,logistics_and_delivery_system,4,node_004,core_shuffled_graph,shuffle_03,weather disruption intensity,Intensity of weather conditions that disrupt transport.,transport_and_attempt,1,0,0,1,2,1,5,,pending,1,0.835025185022742,16,0.0625,0,0,0,0.0004957278400442977,"[""consumer complaint"", ""service contract"", ""security risk"", ""voice complaint"", ""complaints"", ""service call""]"
graph_01,logistics_and_delivery_system,4,node_005,core_shuffled_graph,shuffle_03,address error rate,Rate of incorrect or incomplete delivery addresses.,transport_and_attempt,1,0,0,1,1,1,5,,pending,1,0.7719972042218892,9,0.1111111111111111,0,0,0,0.0004957278400442977,"[""backlog"", ""backlogged"", ""attempts"", ""accountable depot"", ""recorded delivery"", ""direct delivery""]"
graph_01,logistics_and_delivery_system,4,node_010,core_shuffled_graph,shuffle_03,dispatch backlog severity,Severity of orders waiting for outbound dispatch.,warehouse_operations,0,1,2,1,1,1,3,,pending,0,0.8526856937883636,8,0.125,0,0,0,0.0004957278400442977,"[""length of service"", ""waiting period"", ""customer to customer"", ""call delay"", ""waiting area"", ""short customer""]"
graph_01,logistics_and_delivery_system,4,node_011,core_shuffled_graph,shuffle_03,loading delay,Delay in loading prepared orders onto delivery vehicles.,warehouse_operations,0,1,1,1,1,1,3,,pending,0,0.9047535227448227,4,0.25,0,1,0,0.0004957278400442977,"[""traffic congestion"", ""outbound"", ""delays"", ""disease severity"", ""propagation delay""]"
graph_01,logistics_and_delivery_system,4,node_004,core_shuffled_graph,shuffle_04,weather disruption intensity,Intensity of weather conditions that disrupt transport.,transport_and_attempt,1,0,0,1,2,1,5,,pending,1,0.780366109182319,3,0.3333333333333333,0,1,0,0.0004957278400442977,"[""redelivery"", ""workload""]"
graph_01,logistics_and_delivery_system,4,node_005,core_shuffled_graph,shuffle_04,address error rate,Rate of incorrect or incomplete delivery addresses.,transport_and_attempt,1,0,0,1,1,1,5,,pending,1,0.7157567979633301,11,0.09090909090909091,0,0,0,0.0004957278400442977,"[""late for appointment"", ""delivery service"", ""delivery date"", ""recorded delivery"", ""missed miscarriage"", ""care delivery""]"
graph_01,logistics_and_delivery_system,4,node_010,core_shuffled_graph,shuffle_04,dispatch backlog severity,Severity of orders waiting for outbound dispatch.,warehouse_operations,0,1,2,1,1,1,3,,pending,1,0.904355390253645,3,0.3333333333333333,0,1,0,0.0004957278400442977,"[""traffic congestion"", ""length of service"", ""severity"", ""ticket time limit""]"
graph_01,logistics_and_delivery_system,4,node_011,core_shuffled_graph,shuffle_04,loading delay,Delay in loading prepared orders onto delivery vehicles.,warehouse_operations,0,1,1,1,1,1,3,,pending,1,0.9340170580625289,2,0.5,0,1,0,0.0004957278400442977,"[""delays"", ""packing box"", ""packing plant"", ""delayment"", ""call delay"", ""underpacking""]"
graph_01,logistics_and_delivery_system,4,node_004,core_shuffled_graph,shuffle_05,weather disruption intensity,Intensity of weather conditions that disrupt transport.,transport_and_attempt,1,0,0,1,2,1,5,,pending,1,0.8376516393563104,5,0.2,0,1,0,0.0004957278400442977,"[""redelivery"", ""workload"", ""work load""]"
graph_01,logistics_and_delivery_system,4,node_005,core_shuffled_graph,shuffle_05,address error rate,Rate of incorrect or incomplete delivery addresses.,transport_and_attempt,1,0,0,1,1,1,5,,pending,1,0.6029011626562057,9,0.1111111111111111,0,0,0,0.0004957278400442977,"[""mail orders"", ""back order"", ""customer service department"", ""backlog""]"
graph_01,logistics_and_delivery_system,4,node_010,core_shuffled_graph,shuffle_05,dispatch backlog severity,Severity of orders waiting for outbound dispatch.,warehouse_operations,0,1,2,1,1,1,3,,pending,0,0.870474108811052,12,0.08333333333333333,0,0,0,0.0004957278400442977,"[""packing"", ""call delay"", ""delays"", ""packaging concern"", ""delaying agent"", ""delayment""]"
graph_01,logistics_and_delivery_system,4,node_011,core_shuffled_graph,shuffle_05,loading delay,Delay in loading prepared orders onto delivery vehicles.,warehouse_operations,0,1,1,1,1,1,3,,pending,0,0.8447582102964257,7,0.14285714285714285,0,0,0,0.0004957278400442977,"[""depots"", ""backlogged"", ""backlog"", ""lot processing step"", ""accountable depot"", ""priority processing""]"
graph_01,logistics_and_delivery_system,4,node_004,core_shuffled_graph,shuffle_06,weather disruption intensity,Intensity of weather conditions that disrupt transport.,transport_and_attempt,1,0,0,1,2,1,5,,pending,1,0.7809184065657085,2,0.5,0,1,0,0.0004957278400442977,"[""disruptions"", ""route"", ""supply route"", ""route planner""]"
graph_01,logistics_and_delivery_system,4,node_005,core_shuffled_graph,shuffle_06,address error rate,Rate of incorrect or incomplete delivery addresses.,transport_and_attempt,1,0,0,1,1,1,5,,pending,1,0.7934479933306223,10,0.1,0,0,0,0.0004957278400442977,"[""unsuccessful action"", ""depot"", ""takeover attempt"", ""backlogged"", ""attempts"", ""postal carrier""]"
graph_01,logistics_and_delivery_system,4,node_010,core_shuffled_graph,shuffle_06,dispatch backlog severity,Severity of orders waiting for outbound dispatch.,warehouse_operations,0,1,2,1,1,1,3,,pending,0,0.8852265500133409,10,0.1,0,0,0,0.0004957278400442977,"[""shortages"", ""inventory management"", ""shortage"", ""warehousing"", ""storage warehouse"", ""warehouseman""]"
graph_01,logistics_and_delivery_system,4,node_011,core_shuffled_graph,shuffle_06,loading delay,Delay in loading prepared orders onto delivery vehicles.,warehouse_operations,0,1,1,1,1,1,3,,pending,0,0.8397691110049456,15,0.06666666666666667,0,0,0,0.0004957278400442977,"[""shortage"", ""inventory management"", ""shortages"", ""warehouse store"", ""warehouse chain"", ""storage warehouse""]"
graph_01,logistics_and_delivery_system,4,node_004,core_shuffled_graph,shuffle_07,weather disruption intensity,Intensity of weather conditions that disrupt transport.,transport_and_attempt,1,0,0,1,2,1,5,,pending,1,0.8669117549685148,2,0.5,0,1,0,0.0004957278400442977,"[""disruptions"", ""accident risk"", ""disruption"", ""constructed route system"", ""routes"", ""routing leak""]"
graph_01,logistics_and_delivery_system,4,node_005,core_shuffled_graph,shuffle_07,address error rate,Rate of incorrect or incomplete delivery addresses.,transport_and_attempt,1,0,0,1,1,1,5,,pending,0,0.32983122923136465,11,0.09090909090909091,0,0,0,0.0004957278400442977,"[""complaint"", ""service charge""]"
graph_01,logistics_and_delivery_system,4,node_010,core_shuffled_graph,shuffle_07,dispatch backlog severity,Severity of orders waiting for outbound dispatch.,warehouse_operations,0,1,2,1,1,1,3,,pending,0,0.9086019893379159,4,0.25,0,1,0,0.0004957278400442977,"[""traffic congestion"", ""severity"", ""congestion"", ""queueing theory""]"
graph_01,logistics_and_delivery_system,4,node_011,core_shuffled_graph,shuffle_07,loading delay,Delay in loading prepared orders onto delivery vehicles.,warehouse_operations,0,1,1,1,1,1,3,,pending,1,0.9021315937025721,4,0.25,0,1,0,0.0004957278400442977,"[""backlogged"", ""depots"", ""lot processing step"", ""accountable depot"", ""processing time"", ""depot""]"
graph_01,logistics_and_delivery_system,4,node_004,core_shuffled_graph,shuffle_08,weather disruption intensity,Intensity of weather conditions that disrupt transport.,transport_and_attempt,1,0,0,1,2,1,5,,pending,0,0.7564722374404546,8,0.125,0,0,0,0.0004957278400442977,"[""length of service"", ""short customer"", ""customer to customer"", ""customer"", ""waiting area""]"
graph_01,logistics_and_delivery_system,4,node_005,core_shuffled_graph,shuffle_08,address error rate,Rate of incorrect or incomplete delivery addresses.,transport_and_attempt,1,0,0,1,1,1,5,,pending,0,0.8184502130747279,16,0.0625,0,0,0,0.0004957278400442977,"[""service charge"", ""voice complaint"", ""complaints"", ""service contract"", ""consumer complaint"", ""service level""]"
graph_01,logistics_and_delivery_system,4,node_010,core_shuffled_graph,shuffle_08,dispatch backlog severity,Severity of orders waiting for outbound dispatch.,warehouse_operations,0,1,2,1,1,1,3,,pending,0,0.6269965182975222,12,0.08333333333333333,0,0,0,0.0004957278400442977,"[""run a risk"", ""risks"", ""stocking up on"", ""panic snap"", ""residual risk"", ""specific risk""]"
graph_01,logistics_and_delivery_system,4,node_011,core_shuffled_graph,shuffle_08,loading delay,Delay in loading prepared orders onto delivery vehicles.,warehouse_operations,0,1,1,1,1,1,3,,pending,1,0.9109616289935352,5,0.2,0,1,0,0.0004957278400442977,"[""traffic congestion"", ""outbound"", ""delays"", ""delivery date"", ""delay payment"", ""payment on delivery""]"
graph_01,logistics_and_delivery_system,4,node_004,core_shuffled_graph,shuffle_09,weather disruption intensity,Intensity of weather conditions that disrupt transport.,transport_and_attempt,1,0,0,1,2,1,5,,pending,0,0.6536189510286772,18,0.05555555555555555,0,0,0,0.0004957278400442977,"[""outbound"", ""call delay"", ""delay payment""]"
graph_01,logistics_and_delivery_system,4,node_005,core_shuffled_graph,shuffle_09,address error rate,Rate of incorrect or incomplete delivery addresses.,transport_and_attempt,1,0,0,1,1,1,5,,pending,1,0.472758924522332,10,0.1,0,0,0,0.0004957278400442977,"[""backlogged""]"
graph_01,logistics_and_delivery_system,4,node_010,core_shuffled_graph,shuffle_09,dispatch backlog severity,Severity of orders waiting for outbound dispatch.,warehouse_operations,0,1,2,1,1,1,3,,pending,0,0.9023754969616705,10,0.1,0,0,0,0.0004957278400442977,"[""workload"", ""delaying tactics"", ""recorded delivery"", ""delivery date"", ""delayment"", ""time of arrival""]"
graph_01,logistics_and_delivery_system,4,node_011,core_shuffled_graph,shuffle_09,loading delay,Delay in loading prepared orders onto delivery vehicles.,warehouse_operations,0,1,1,1,1,1,3,,pending,0,0.8939125599839869,5,0.2,0,1,0,0.0004957278400442977,"[""backlogged"", ""depots"", ""lot processing step"", ""priority processing"", ""accountable depot"", ""backlog""]"
graph_01,logistics_and_delivery_system,4,node_004,core_shuffled_graph,shuffle_10,weather disruption intensity,Intensity of weather conditions that disrupt transport.,transport_and_attempt,1,0,0,1,2,1,5,,pending,1,0.8123725152387188,10,0.1,0,0,0,0.0004957278400442977,"[""complaints"", ""service charge"", ""voice complaint"", ""consumer complaint"", ""service ceiling"", ""security risk""]"
graph_01,logistics_and_delivery_system,4,node_005,core_shuffled_graph,shuffle_10,address error rate,Rate of incorrect or incomplete delivery addresses.,transport_and_attempt,1,0,0,1,1,1,5,,pending,1,0.843609295061084,14,0.07142857142857142,0,0,0,0.0004957278400442977,"[""delivery date"", ""delay payment"", ""recorded delivery"", ""delayed action"", ""continuous delivery"", ""delivery""]"
graph_01,logistics_and_delivery_system,4,node_010,core_shuffled_graph,shuffle_10,dispatch backlog severity,Severity of orders waiting for outbound dispatch.,warehouse_operations,0,1,2,1,1,1,3,,pending,1,0.899691817862158,10,0.1,0,0,0,0.0004957278400442977,"[""call delay"", ""delays"", ""packability"", ""arriving late"", ""packaging concern"", ""consumer complaint""]"
graph_01,logistics_and_delivery_system,4,node_011,core_shuffled_graph,shuffle_10,loading delay,Delay in loading prepared orders onto delivery vehicles.,warehouse_operations,0,1,1,1,1,1,3,,pending,1,0.8271347584361626,6,0.16666666666666666,0,0,0,0.0004957278400442977,"[""outbound"", ""delay payment"", ""delivery date"", ""payment on delivery""]"
graph_01,logistics_and_delivery_system,4,node_004,core_shuffled_graph,shuffle_11,weather disruption intensity,Intensity of weather conditions that disrupt transport.,transport_and_attempt,1,0,0,1,2,1,5,,pending,0,0.128151886144528,8,0.125,0,0,0,0.0004957278400442977,[]
graph_01,logistics_and_delivery_system,4,node_005,core_shuffled_graph,shuffle_11,address error rate,Rate of incorrect or incomplete delivery addresses.,transport_and_attempt,1,0,0,1,1,1,5,,pending,0,0.845828789949566,14,0.07142857142857142,0,0,0,0.0004957278400442977,"[""missed miscarriage"", ""delivery health"", ""missed approach"", ""delivery date"", ""continuous delivery"", ""deliveries""]"
graph_01,logistics_and_delivery_system,4,node_010,core_shuffled_graph,shuffle_11,dispatch backlog severity,Severity of orders waiting for outbound dispatch.,warehouse_operations,0,1,2,1,1,1,3,,pending,0,0.8702015917931469,7,0.14285714285714285,0,0,0,0.0004957278400442977,"[""workload"", ""change intensity"", ""intensity level"", ""severity"", ""occupational hazard""]"
graph_01,logistics_and_delivery_system,4,node_011,core_shuffled_graph,shuffle_11,loading delay,Delay in loading prepared orders onto delivery vehicles.,warehouse_operations,0,1,1,1,1,1,3,,pending,1,0.6575566310229664,3,0.3333333333333333,0,1,0,0.0004957278400442977,"[""job queue"", ""queue of people"", ""circular queue""]"
graph_01,logistics_and_delivery_system,4,node_004,core_shuffled_graph,shuffle_12,weather disruption intensity,Intensity of weather conditions that disrupt transport.,transport_and_attempt,1,0,0,1,2,1,5,,pending,0,0.0709405991486366,19,0.05263157894736842,0,0,0,0.0004957278400442977,[]
graph_01,logistics_and_delivery_system,4,node_005,core_shuffled_graph,shuffle_12,address error rate,Rate of incorrect or incomplete delivery addresses.,transport_and_attempt,1,0,0,1,1,1,5,,pending,0,0.5223165264530099,13,0.07692307692307693,0,0,0,0.0004957278400442977,"[""length of service"", ""customers"", ""customer to customer"", ""short customer""]"
graph_01,logistics_and_delivery_system,4,node_010,core_shuffled_graph,shuffle_12,dispatch backlog severity,Severity of orders waiting for outbound dispatch.,warehouse_operations,0,1,2,1,1,1,3,,pending,0,0.8812569267462766,14,0.07142857142857142,0,0,0,0.0004957278400442977,"[""disruption"", ""shortages"", ""routing leak"", ""risk of exposure"", ""business interruption insurance"", ""flight risk""]"
graph_01,logistics_and_delivery_system,4,node_011,core_shuffled_graph,shuffle_12,loading delay,Delay in loading prepared orders onto delivery vehicles.,warehouse_operations,0,1,1,1,1,1,3,,pending,1,0.927531488972382,2,0.5,0,1,0,0.0004957278400442977,"[""delays"", ""packing box"", ""packing"", ""packing case"", ""underpacking"", ""delayment""]"
graph_01,logistics_and_delivery_system,4,node_004,core_shuffled_graph,shuffle_13,weather disruption intensity,Intensity of weather conditions that disrupt transport.,transport_and_attempt,1,0,0,1,2,1,5,,pending,0,0.8260105457784533,17,0.058823529411764705,0,0,0,0.0004957278400442977,"[""outbound"", ""delay payment"", ""delays"", ""delivery date"", ""call delay"", ""propagation delay""]"
graph_01,logistics_and_delivery_system,4,node_005,core_shuffled_graph,shuffle_13,address error rate,Rate of incorrect or incomplete delivery addresses.,transport_and_attempt,1,0,0,1,1,1,5,,pending,0,0.6207478093183748,19,0.05263157894736842,0,0,0,0.0004957278400442977,"[""storage warehouse"", ""warehousings"", ""shortages"", ""demand feeding"", ""warehouse store""]"
graph_01,logistics_and_delivery_system,4,node_010,core_shuffled_graph,shuffle_13,dispatch backlog severity,Severity of orders waiting for outbound dispatch.,warehouse_operations,0,1,2,1,1,1,3,,pending,0,0.8381186523253621,14,0.07142857142857142,0,0,0,0.0004957278400442977,"[""length of service"", ""duration"", ""waiting period"", ""customer to customer"", ""waiting on tables"", ""short customer""]"
graph_01,logistics_and_delivery_system,4,node_011,core_shuffled_graph,shuffle_13,loading delay,Delay in loading prepared orders onto delivery vehicles.,warehouse_operations,0,1,1,1,1,1,3,,pending,0,0.8799339751834288,7,0.14285714285714285,0,0,0,0.0004957278400442977,"[""delivery date"", ""missed miscarriage"", ""delivery service"", ""recorded delivery"", ""delay payment"", ""missed abortion""]"
graph_01,logistics_and_delivery_system,4,node_004,core_shuffled_graph,shuffle_14,weather disruption intensity,Intensity of weather conditions that disrupt transport.,transport_and_attempt,1,0,0,1,2,1,5,,pending,0,-0.4551522159244069,15,0.06666666666666667,0,0,0,0.0004957278400442977,"[""low workload""]"
graph_01,logistics_and_delivery_system,4,node_005,core_shuffled_graph,shuffle_14,address error rate,Rate of incorrect or incomplete delivery addresses.,transport_and_attempt,1,0,0,1,1,1,5,,pending,0,0.8454094479096972,14,0.07142857142857142,0,0,0,0.0004957278400442977,"[""workload"", ""backloading"", ""service level"", ""collect on delivery"", ""neglect of duty"", ""redelivery""]"
graph_01,logistics_and_delivery_system,4,node_010,core_shuffled_graph,shuffle_14,dispatch backlog severity,Severity of orders waiting for outbound dispatch.,warehouse_operations,0,1,2,1,1,1,3,,pending,0,0.8809386162122876,9,0.1111111111111111,0,0,0,0.0004957278400442977,"[""consumer complaint"", ""call delay"", ""outbound"", ""service contract"", ""complaints"", ""service charge""]"
graph_01,logistics_and_delivery_system,4,node_011,core_shuffled_graph,shuffle_14,loading delay,Delay in loading prepared orders onto delivery vehicles.,warehouse_operations,0,1,1,1,1,1,3,,pending,0,0.8963802833127978,5,0.2,0,1,0,0.0004957278400442977,"[""workload"", ""consumer complaint"", ""call delay"", ""service pack"", ""shipping and handling"", ""quality of service""]"
graph_01,logistics_and_delivery_system,4,node_004,core_shuffled_graph,shuffle_15,weather disruption intensity,Intensity of weather conditions that disrupt transport.,transport_and_attempt,1,0,0,1,2,1,5,,pending,1,0.15120381320660195,7,0.14285714285714285,0,0,0,0.0004957278400442977,[]
graph_01,logistics_and_delivery_system,4,node_005,core_shuffled_graph,shuffle_15,address error rate,Rate of incorrect or incomplete delivery addresses.,transport_and_attempt,1,0,0,1,1,1,5,,pending,0,0.8596496959623592,15,0.06666666666666667,0,0,0,0.0004957278400442977,"[""call delay"", ""delivery service"", ""consumer complaint"", ""delay payment"", ""failure to launch"", ""attemptest""]"
graph_01,logistics_and_delivery_system,4,node_010,core_shuffled_graph,shuffle_15,dispatch backlog severity,Severity of orders waiting for outbound dispatch.,warehouse_operations,0,1,2,1,1,1,3,,pending,0,0.53319388576022,13,0.07692307692307693,0,0,0,0.0004957278400442977,"[""missed approach"", ""delivery"", ""assassination attempt""]"
graph_01,logistics_and_delivery_system,4,node_011,core_shuffled_graph,shuffle_15,loading delay,Delay in loading prepared orders onto delivery vehicles.,warehouse_operations,0,1,1,1,1,1,3,,pending,1,0.9418988849032264,3,0.3333333333333333,0,1,0,0.0004957278400442977,"[""delays"", ""call delay"", ""packing box"", ""underpacking"", ""delaying agent"", ""delayment""]"
graph_01,logistics_and_delivery_system,4,node_004,core_shuffled_graph,shuffle_16,weather disruption intensity,Intensity of weather conditions that disrupt transport.,transport_and_attempt,1,0,0,1,2,1,5,,pending,1,0.8907832507577329,2,0.5,0,1,0,0.0004957278400442977,"[""disruption"", ""accident risk"", ""disruptions"", ""routing leak"", ""constructed route system"", ""run a risk""]"
graph_01,logistics_and_delivery_system,4,node_005,core_shuffled_graph,shuffle_16,address error rate,Rate of incorrect or incomplete delivery addresses.,transport_and_attempt,1,0,0,1,1,1,5,,pending,0,0.8090760890167056,13,0.07692307692307693,0,0,0,0.0004957278400442977,"[""missed miscarriage"", ""delivery health"", ""delivery date"", ""missed abortion"", ""continuous delivery"", ""recorded delivery""]"
graph_01,logistics_and_delivery_system,4,node_010,core_shuffled_graph,shuffle_16,dispatch backlog severity,Severity of orders waiting for outbound dispatch.,warehouse_operations,0,1,2,1,1,1,3,,pending,1,0.9082634693458351,5,0.2,0,1,0,0.0004957278400442977,"[""length of service"", ""command processing overhead time"", ""shipping and handling"", ""serving customers"", ""waiting on tables"", ""response time""]"
graph_01,logistics_and_delivery_system,4,node_011,core_shuffled_graph,shuffle_16,loading delay,Delay in loading prepared orders onto delivery vehicles.,warehouse_operations,0,1,1,1,1,1,3,,pending,0,0.6266838223914384,16,0.0625,0,0,0,0.0004957278400442977,"[""consumer complaint"", ""risks"", ""security risk"", ""bill of complaint"", ""service contract""]"
graph_01,logistics_and_delivery_system,4,node_004,core_shuffled_graph,shuffle_17,weather disruption intensity,Intensity of weather conditions that disrupt transport.,transport_and_attempt,1,0,0,1,2,1,5,,pending,0,0.8582197084701744,5,0.2,0,1,0,0.0004957278400442977,"[""redelivery"", ""workload"", ""change intensity"", ""accident risk"", ""risk of exposure"", ""effort or strain""]"
graph_01,logistics_and_delivery_system,4,node_005,core_shuffled_graph,shuffle_17,address error rate,Rate of incorrect or incomplete delivery addresses.,transport_and_attempt,1,0,0,1,1,1,5,,pending,0,0.34670550856496907,14,0.07142857142857142,0,0,0,0.0004957278400442977,"[""redelivery""]"
graph_01,logistics_and_delivery_system,4,node_010,core_shuffled_graph,shuffle_17,dispatch backlog severity,Severity of orders waiting for outbound dispatch.,warehouse_operations,0,1,2,1,1,1,3,,pending,0,0.8475657843678607,13,0.07692307692307693,0,0,0,0.0004957278400442977,"[""outbound"", ""delays"", ""delivery date"", ""inventory management"", ""inventory control"", ""call delay""]"
graph_01,logistics_and_delivery_system,4,node_011,core_shuffled_graph,shuffle_17,loading delay,Delay in loading prepared orders onto delivery vehicles.,warehouse_operations,0,1,1,1,1,1,3,,pending,0,0.8845824237185617,6,0.16666666666666666,0,0,0,0.0004957278400442977,"[""shortages"", ""workload"", ""storage warehouse"", ""warehousing"", ""warehouser"", ""work load""]"
graph_01,logistics_and_delivery_system,4,node_004,core_shuffled_graph,shuffle_18,weather disruption intensity,Intensity of weather conditions that disrupt transport.,transport_and_attempt,1,0,0,1,2,1,5,,pending,0,0.8371866045224677,14,0.07142857142857142,0,0,0,0.0004957278400442977,"[""missed miscarriage"", ""delivery date"", ""delivery health"", ""missed call"", ""missed approach"", ""continuous delivery""]"
graph_01,logistics_and_delivery_system,4,node_005,core_shuffled_graph,shuffle_18,address error rate,Rate of incorrect or incomplete delivery addresses.,transport_and_attempt,1,0,0,1,1,1,5,,pending,0,0.16853172979252257,16,0.0625,0,0,0,0.0004957278400442977,[]
graph_01,logistics_and_delivery_system,4,node_010,core_shuffled_graph,shuffle_18,dispatch backlog severity,Severity of orders waiting for outbound dispatch.,warehouse_operations,0,1,2,1,1,1,3,,pending,1,0.9158451665719295,3,0.3333333333333333,0,1,0,0.0004957278400442977,"[""traffic congestion"", ""severity"", ""warehousing"", ""disease severity"", ""queueing theory"", ""workload""]"
graph_01,logistics_and_delivery_system,4,node_011,core_shuffled_graph,shuffle_18,loading delay,Delay in loading prepared orders onto delivery vehicles.,warehouse_operations,0,1,1,1,1,1,3,,pending,1,0.9296454335672433,2,0.5,0,1,0,0.0004957278400442977,"[""packing"", ""delayment"", ""call delay"", ""packing box"", ""delays"", ""packing case""]"
graph_01,logistics_and_delivery_system,4,node_004,core_shuffled_graph,shuffle_19,weather disruption intensity,Intensity of weather conditions that disrupt transport.,transport_and_attempt,1,0,0,1,2,1,5,,pending,0,0.6340067822467343,15,0.06666666666666667,0,0,0,0.0004957278400442977,"[""packing case"", ""packing"", ""delayed"", ""packability""]"
graph_01,logistics_and_delivery_system,4,node_005,core_shuffled_graph,shuffle_19,address error rate,Rate of incorrect or incomplete delivery addresses.,transport_and_attempt,1,0,0,1,1,1,5,,pending,1,0.782124309630671,11,0.09090909090909091,0,0,0,0.0004957278400442977,"[""redelivery"", ""effort distance"", ""attempt"", ""attempts""]"
graph_01,logistics_and_delivery_system,4,node_010,core_shuffled_graph,shuffle_19,dispatch backlog severity,Severity of orders waiting for outbound dispatch.,warehouse_operations,0,1,2,1,1,1,3,,pending,0,0.9106959935102283,6,0.16666666666666666,0,0,0,0.0004957278400442977,"[""workload"", ""shipping and handling"", ""traffic congestion"", ""command processing overhead time"", ""bursty traffic"", ""severity""]"
graph_01,logistics_and_delivery_system,4,node_011,core_shuffled_graph,shuffle_19,loading delay,Delay in loading prepared orders onto delivery vehicles.,warehouse_operations,0,1,1,1,1,1,3,,pending,0,0.8807310735970466,8,0.125,0,0,0,0.0004957278400442977,"[""consumer complaint"", ""outbound"", ""call delay"", ""out of service"", ""service company"", ""customer service department""]"
graph_02,water_treatment_system,0,node_000,uniform,,source turbidity severity,Severity of suspended solids in incoming source water.,source_and_coagulation,1,0,0,1,2,1,3,,pending,0,0.9317468109888482,4,0.25,0,1,0,0.0004560128815251124,"[""disease severity"", ""sedimentation rate"", ""performance degradation"", ""fluid filtration process"", ""turbidity current"", ""recall dose""]"
graph_02,water_treatment_system,0,node_008,uniform,,coagulation deficit severity,Severity of inadequate contaminant coagulation.,source_and_coagulation,0,1,2,1,1,1,3,,pending,0,0.9277850407031214,7,0.14285714285714285,0,0,0,0.0004560128815251124,"[""disease severity"", ""sedimentation rate"", ""performance degradation"", ""fluid filtration process"", ""turbidity current"", ""recall dose""]"
graph_02,water_treatment_system,0,node_014,uniform,,disinfection demand intensity,Intensity of disinfection needed for the treated water.,disinfection_and_control,0,1,2,1,1,1,5,,pending,0,0.9272210860714531,8,0.125,0,0,0,0.0004560128815251124,"[""disease severity"", ""sedimentation rate"", ""performance degradation"", ""fluid filtration process"", ""turbidity current"", ""recall dose""]"
graph_02,water_treatment_system,0,node_019,uniform,,distribution service delay,Delay in distributing treated water to customers.,compliance_and_service,0,1,2,0,0,1,3,,pending,0,0.8879917167159691,20,0.05,0,0,0,0.0004560128815251124,"[""disease severity"", ""sedimentation rate"", ""performance degradation"", ""fluid filtration process"", ""turbidity current"", ""recall dose""]"
graph_02,water_treatment_system,0,node_000,raw_correlation,,source turbidity severity,Severity of suspended solids in incoming source water.,source_and_coagulation,1,0,0,1,2,1,3,,pending,0,0.9296103092914823,7,0.14285714285714285,0,0,0,0.0004560128815251124,"[""sedimentation rate"", ""load factor"", ""tributary load"", ""contamination"", ""coagulability"", ""turbidity current""]"
graph_02,water_treatment_system,0,node_008,raw_correlation,,coagulation deficit severity,Severity of inadequate contaminant coagulation.,source_and_coagulation,0,1,2,1,1,1,3,,pending,1,0.9258290046971713,9,0.1111111111111111,0,0,0,0.0004560128815251124,"[""sedimentation rate"", ""recall dose"", ""contamination"", ""disease severity"", ""load factor"", ""capacity utilization""]"
graph_02,water_treatment_system,0,node_014,raw_correlation,,disinfection demand intensity,Intensity of disinfection needed for the treated water.,disinfection_and_control,0,1,2,1,1,1,5,,pending,0,0.9260015024110495,9,0.1111111111111111,0,0,0,0.0004560128815251124,"[""residual risk"", ""disease severity"", ""sedimentation rate"", ""turbidity current"", ""fluid filtration process"", ""contamination""]"
graph_02,water_treatment_system,0,node_019,raw_correlation,,distribution service delay,Delay in distributing treated water to customers.,compliance_and_service,0,1,2,0,0,1,3,,pending,1,0.8896450769424569,20,0.05,0,0,0,0.0004560128815251124,"[""residual risk"", ""fluid filtration process"", ""disease severity"", ""performance degradation"", ""sedimentation rate"", ""turbidity current""]"
graph_02,water_treatment_system,0,node_000,core_oracle_estimated_weights,,source turbidity severity,Severity of suspended solids in incoming source water.,source_and_coagulation,1,0,0,1,2,1,3,,pending,0,0.6919995804449258,9,0.1111111111111111,0,0,0,0.0004560128815251124,"[""coagulant"", ""demand characteristic""]"
graph_02,water_treatment_system,0,node_008,core_oracle_estimated_weights,,coagulation deficit severity,Severity of inadequate contaminant coagulation.,source_and_coagulation,0,1,2,1,1,1,3,,pending,0,0.8842663267182104,5,0.2,0,1,0,0.0004560128815251124,"[""chemical oxygen demand"", ""coagulants"", ""chemical balance"", ""shortage"", ""demand feeding"", ""coagulability""]"
graph_02,water_treatment_system,0,node_014,core_oracle_estimated_weights,,disinfection demand intensity,Intensity of disinfection needed for the treated water.,disinfection_and_control,0,1,2,1,1,1,5,,pending,0,0.9019346347850709,5,0.2,0,1,0,0.0004560128815251124,"[""residual risk"", ""turbidity"", ""turbidity current"", ""viral load"", ""risk of infection"", ""biosafety level""]"
graph_02,water_treatment_system,0,node_019,core_oracle_estimated_weights,,distribution service delay,Delay in distributing treated water to customers.,compliance_and_service,0,1,2,0,0,1,3,,pending,1,0.860628174834846,19,0.05263157894736842,0,0,0,0.0004560128815251124,"[""compliance"", ""compliances"", ""breaking capacity"", ""failure rate"", ""result in failure"", ""hazard reduction burn""]"
graph_02,water_treatment_system,0,node_000,core_oracle_true_weights,,source turbidity severity,Severity of suspended solids in incoming source water.,source_and_coagulation,1,0,0,1,2,1,3,,pending,0,0.7856607837530376,9,0.1111111111111111,0,0,0,0.0004560128815251124,"[""coagulant"", ""inlet manifold"", ""demand valve"", ""theoretical oxygen demand"", ""coagulability"", ""domestic demand""]"
graph_02,water_treatment_system,0,node_008,core_oracle_true_weights,,coagulation deficit severity,Severity of inadequate contaminant coagulation.,source_and_coagulation,0,1,2,1,1,1,3,,pending,1,0.8998420436449844,5,0.2,0,1,0,0.0004560128815251124,"[""chemical oxygen demand"", ""coagulants"", ""shortage"", ""coagulability"", ""demand feeding"", ""chemical balance""]"
graph_02,water_treatment_system,0,node_014,core_oracle_true_weights,,disinfection demand intensity,Intensity of disinfection needed for the treated water.,disinfection_and_control,0,1,2,1,1,1,5,,pending,0,0.9032954802179343,5,0.2,0,1,0,0.0004560128815251124,"[""residual risk"", ""turbidity"", ""turbidity current"", ""risk of infection"", ""viral load"", ""biosafety level""]"
graph_02,water_treatment_system,0,node_019,core_oracle_true_weights,,distribution service delay,Delay in distributing treated water to customers.,compliance_and_service,0,1,2,0,0,1,3,,pending,1,0.8623865755463274,18,0.05555555555555555,0,0,0,0.0004560128815251124,"[""compliance"", ""compliances"", ""breaking capacity"", ""failure rate"", ""result in failure"", ""hazard reduction burn""]"
graph_02,water_treatment_system,0,node_000,core_reversed_graph,,source turbidity severity,Severity of suspended solids in incoming source water.,source_and_coagulation,1,0,0,1,2,1,3,,pending,0,0.8926635848489508,10,0.1,0,0,0,0.0004560128815251124,"[""coagulability"", ""intensity level"", ""demand valve"", ""tributary load"", ""inlet manifold"", ""chemical oxygen demand""]"
graph_02,water_treatment_system,0,node_008,core_reversed_graph,,coagulation deficit severity,Severity of inadequate contaminant coagulation.,source_and_coagulation,0,1,2,1,1,1,3,,pending,0,0.8806604898710629,6,0.16666666666666666,0,0,0,0.0004560128815251124,"[""chemical oxygen demand"", ""sedimentation rate"", ""coagulability"", ""shortage"", ""load water line"", ""chemical balance""]"
graph_02,water_treatment_system,0,node_014,core_reversed_graph,,disinfection demand intensity,Intensity of disinfection needed for the treated water.,disinfection_and_control,0,1,2,1,1,1,5,,pending,0,0.8783109571805192,4,0.25,0,1,0,0.0004560128815251124,"[""residual risk"", ""turbidity current"", ""disinfection process"", ""residual soil"", ""residual volume"", ""residual air""]"
graph_02,water_treatment_system,0,node_019,core_reversed_graph,,distribution service delay,Delay in distributing treated water to customers.,compliance_and_service,0,1,2,0,0,1,3,,pending,0,0.8257359493817487,15,0.06666666666666667,0,0,0,0.0004560128815251124,"[""compliance"", ""compliances"", ""breaking capacity"", ""failure rate"", ""result in failure""]"
graph_02,water_treatment_system,0,node_000,core_shuffled_graph,shuffle_00,source turbidity severity,Severity of suspended solids in incoming source water.,source_and_coagulation,1,0,0,1,2,1,3,,pending,0,0.5217221428279039,7,0.14285714285714285,0,0,0,0.0004560128815251124,"[""residual risk""]"
graph_02,water_treatment_system,0,node_008,core_shuffled_graph,shuffle_00,coagulation deficit severity,Severity of inadequate contaminant coagulation.,source_and_coagulation,0,1,2,1,1,1,3,,pending,0,0.40820156145663467,4,0.25,0,1,0,0.0004560128815251124,[]
graph_02,water_treatment_system,0,node_014,core_shuffled_graph,shuffle_00,disinfection demand intensity,Intensity of disinfection needed for the treated water.,disinfection_and_control,0,1,2,1,1,1,5,,pending,0,0.7800993355290067,7,0.14285714285714285,0,0,0,0.0004560128815251124,"[""overloads"", ""filters"", ""buffer overflow"", ""filtrates"", ""ohmic resistance"", ""filtration""]"
graph_02,water_treatment_system,0,node_019,core_shuffled_graph,shuffle_00,distribution service delay,Delay in distributing treated water to customers.,compliance_and_service,0,1,2,0,0,1,3,,pending,1,0.8643784730272812,17,0.058823529411764705,0,0,0,0.0004560128815251124,"[""overloads"", ""disease severity"", ""filter placement"", ""overloader"", ""filter tipped"", ""filtering""]"
graph_02,water_treatment_system,0,node_000,core_shuffled_graph,shuffle_01,source turbidity severity,Severity of suspended solids in incoming source water.,source_and_coagulation,1,0,0,1,2,1,3,,pending,0,0.88334864551007,6,0.16666666666666666,0,0,0,0.0004560128815251124,"[""sedimentation rate"", ""turbidity current"", ""settle matter"", ""tributary load"", ""correcting fluid"", ""residual volume""]"
graph_02,water_treatment_system,0,node_008,core_shuffled_graph,shuffle_01,coagulation deficit severity,Severity of inadequate contaminant coagulation.,source_and_coagulation,0,1,2,1,1,1,3,,pending,0,0.8982790284310882,8,0.125,0,0,0,0.0004560128815251124,"[""chemical oxygen demand"", ""contamination"", ""equivalent dose"", ""capacity utilization"", ""pharmacokinetics"", ""shortage""]"
graph_02,water_treatment_system,0,node_014,core_shuffled_graph,shuffle_01,disinfection demand intensity,Intensity of disinfection needed for the treated water.,disinfection_and_control,0,1,2,1,1,1,5,,pending,0,0.8609207757603378,14,0.07142857142857142,0,0,0,0.0004560128815251124,"[""residual risk"", ""compliances"", ""turbidity"", ""turbidity current"", ""risk of infection"", ""standards compliance""]"
graph_02,water_treatment_system,0,node_019,core_shuffled_graph,shuffle_01,distribution service delay,Delay in distributing treated water to customers.,compliance_and_service,0,1,2,0,0,1,3,,pending,0,0.8439663976724303,18,0.05555555555555555,0,0,0,0.0004560128815251124,"[""coagulability"", ""pump failure"", ""disease severity"", ""change intensity"", ""capacity utilization"", ""coagulant""]"
graph_02,water_treatment_system,0,node_000,core_shuffled_graph,shuffle_02,source turbidity severity,Severity of suspended solids in incoming source water.,source_and_coagulation,1,0,0,1,2,1,3,,pending,0,0.6332135491630904,13,0.07692307692307693,0,0,0,0.0004560128815251124,"[""disinfectant"", ""disinfectants"", ""residual risk""]"
graph_02,water_treatment_system,0,node_008,core_shuffled_graph,shuffle_02,coagulation deficit severity,Severity of inadequate contaminant coagulation.,source_and_coagulation,0,1,2,1,1,1,3,,pending,0,0.851553976611477,5,0.2,0,1,0,0.0004560128815251124,"[""disinfectants"", ""disinfectant"", ""residual volume"", ""residual risk"", ""residual"", ""disinfection process""]"
graph_02,water_treatment_system,0,node_014,core_shuffled_graph,shuffle_02,disinfection demand intensity,Intensity of disinfection needed for the treated water.,disinfection_and_control,0,1,2,1,1,1,5,,pending,0,0.9006289640651155,7,0.14285714285714285,0,0,0,0.0004560128815251124,"[""unformatted capacity"", ""contamination"", ""overloading"", ""maximum permissible dose"", ""disease severity"", ""overloads""]"
graph_02,water_treatment_system,0,node_019,core_shuffled_graph,shuffle_02,distribution service delay,Delay in distributing treated water to customers.,compliance_and_service,0,1,2,0,0,1,3,,pending,1,0.8926534983366897,3,0.3333333333333333,0,1,0,0.0004560128815251124,"[""error correction"", ""diminished capacity"", ""delay slot"", ""control order"", ""treatability"", ""reduction in production""]"
graph_02,water_treatment_system,0,node_000,core_shuffled_graph,shuffle_03,source turbidity severity,Severity of suspended solids in incoming source water.,source_and_coagulation,1,0,0,1,2,1,3,,pending,1,0.8808070204660206,5,0.2,0,1,0,0.0004560128815251124,"[""overloads"", ""filter placement"", ""sedimentation rate"", ""oversize garbage"", ""overloading"", ""overarticulate""]"
graph_02,water_treatment_system,0,node_008,core_shuffled_graph,shuffle_03,coagulation deficit severity,Severity of inadequate contaminant coagulation.,source_and_coagulation,0,1,2,1,1,1,3,,pending,0,0.885465842551207,9,0.1111111111111111,0,0,0,0.0004560128815251124,"[""viral load"", ""biochemical oxygen demand"", ""microcontaminant"", ""chemical balance"", ""change intensity"", ""acid base equilibrium""]"
graph_02,water_treatment_system,0,node_014,core_shuffled_graph,shuffle_03,disinfection demand intensity,Intensity of disinfection needed for the treated water.,disinfection_and_control,0,1,2,1,1,1,5,,pending,0,0.8926832991224494,7,0.14285714285714285,0,0,0,0.0004560128815251124,"[""correction factor"", ""control condition"", ""correction fluid"", ""control engineering"", ""call delay"", ""propagation delay""]"
graph_02,water_treatment_system,0,node_019,core_shuffled_graph,shuffle_03,distribution service delay,Delay in distributing treated water to customers.,compliance_and_service,0,1,2,0,0,1,3,,pending,0,0.8221271391455558,19,0.05263157894736842,0,0,0,0.0004560128815251124,"[""viral load"", ""microbial"", ""biochemical oxygen demand"", ""microbiological system"", ""change intensity"", ""acid base equilibrium""]"
graph_02,water_treatment_system,0,node_000,core_shuffled_graph,shuffle_04,source turbidity severity,Severity of suspended solids in incoming source water.,source_and_coagulation,1,0,0,1,2,1,3,,pending,1,0.8941156703472314,4,0.25,0,1,0,0.0004560128815251124,"[""residual risk"", ""turbidity current"", ""recall dose"", ""potential chemical threat"", ""dosing"", ""shortage""]"
graph_02,water_treatment_system,0,node_008,core_shuffled_graph,shuffle_04,coagulation deficit severity,Severity of inadequate contaminant coagulation.,source_and_coagulation,0,1,2,1,1,1,3,,pending,1,0.7889029714937162,7,0.14285714285714285,0,0,0,0.0004560128815251124,"[""dosing"", ""potential chemical threat"", ""shortage"", ""chemical imbalance"", ""chemical oxygen demand"", ""shortages""]"
graph_02,water_treatment_system,0,node_014,core_shuffled_graph,shuffle_04,disinfection demand intensity,Intensity of disinfection needed for the treated water.,disinfection_and_control,0,1,2,1,1,1,5,,pending,0,0.41907159733079624,17,0.058823529411764705,0,0,0,0.0004560128815251124,"[""delay slot"", ""control order"", ""control operation""]"
graph_02,water_treatment_system,0,node_019,core_shuffled_graph,shuffle_04,distribution service delay,Delay in distributing treated water to customers.,compliance_and_service,0,1,2,0,0,1,3,,pending,0,0.7913840219629193,19,0.05263157894736842,0,0,0,0.0004560128815251124,"[""disinfectants"", ""disinfection process"", ""residual risk"", ""residual volume"", ""disinfectant"", ""diminished responsibility""]"
graph_02,water_treatment_system,0,node_000,core_shuffled_graph,shuffle_05,source turbidity severity,Severity of suspended solids in incoming source water.,source_and_coagulation,1,0,0,1,2,1,3,,pending,0,0.8545940389305858,7,0.14285714285714285,0,0,0,0.0004560128815251124,"[""sedimentation rate"", ""capacity utilization"", ""settle matter"", ""settlings"", ""load water line"", ""tributary load""]"
graph_02,water_treatment_system,0,node_008,core_shuffled_graph,shuffle_05,coagulation deficit severity,Severity of inadequate contaminant coagulation.,source_and_coagulation,0,1,2,1,1,1,3,,pending,0,0.8789807877514613,5,0.2,0,1,0,0.0004560128815251124,"[""disinfectants"", ""residual volume"", ""disinfection process"", ""oxygen deficit"", ""disinfectant"", ""dichlorofluorescein""]"
graph_02,water_treatment_system,0,node_014,core_shuffled_graph,shuffle_05,disinfection demand intensity,Intensity of disinfection needed for the treated water.,disinfection_and_control,0,1,2,1,1,1,5,,pending,0,0.8706333381734047,10,0.1,0,0,0,0.0004560128815251124,"[""fouling"", ""filterability"", ""disease severity"", ""filter placement"", ""severity"", ""sedimentation rate""]"
graph_02,water_treatment_system,0,node_019,core_shuffled_graph,shuffle_05,distribution service delay,Delay in distributing treated water to customers.,compliance_and_service,0,1,2,0,0,1,3,,pending,0,0.8069317365612504,18,0.05555555555555555,0,0,0,0.0004560128815251124,"[""fouling"", ""filter placement"", ""disease severity"", ""filter tipped"", ""filter feeder"", ""automotive filter""]"
graph_02,water_treatment_system,0,node_000,core_shuffled_graph,shuffle_06,source turbidity severity,Severity of suspended solids in incoming source water.,source_and_coagulation,1,0,0,1,2,1,3,,pending,0,0.49898729450391893,8,0.125,0,0,0,0.0004560128815251124,"[""residuals"", ""settlings"", ""coagulant"", ""stilled"", ""sealant backing""]"
graph_02,water_treatment_system,0,node_008,core_shuffled_graph,shuffle_06,coagulation deficit severity,Severity of inadequate contaminant coagulation.,source_and_coagulation,0,1,2,1,1,1,3,,pending,0,0.8832844177258206,8,0.125,0,0,0,0.0004560128815251124,"[""chemical oxygen demand"", ""shortage"", ""drug resistance"", ""recall dose"", ""chemical balance"", ""dosing""]"
graph_02,water_treatment_system,0,node_014,core_shuffled_graph,shuffle_06,disinfection demand intensity,Intensity of disinfection needed for the treated water.,disinfection_and_control,0,1,2,1,1,1,5,,pending,0,0.8561256851514821,19,0.05263157894736842,0,0,0,0.0004560128815251124,"[""compliance"", ""compliances"", ""error correction"", ""standards compliance"", ""control condition"", ""result in failure""]"
graph_02,water_treatment_system,0,node_019,core_shuffled_graph,shuffle_06,distribution service delay,Delay in distributing treated water to customers.,compliance_and_service,0,1,2,0,0,1,3,,pending,0,0.7645514362179461,16,0.0625,0,0,0,0.0004560128815251124,"[""intensity level"", ""biochemical oxygen demand"", ""morphoregulation"", ""coagulant"", ""field intensity"", ""grow in intensity""]"
graph_02,water_treatment_system,0,node_000,core_shuffled_graph,shuffle_07,source turbidity severity,Severity of suspended solids in incoming source water.,source_and_coagulation,1,0,0,1,2,1,3,,pending,1,0.8758817076673021,2,0.5,0,1,0,0.0004560128815251124,"[""sedimentation rate"", ""settlings"", ""solids"", ""settle matter"", ""tributary load"", ""settling""]"
graph_02,water_treatment_system,0,node_008,core_shuffled_graph,shuffle_07,coagulation deficit severity,Severity of inadequate contaminant coagulation.,source_and_coagulation,0,1,2,1,1,1,3,,pending,1,0.8916133731689844,3,0.3333333333333333,0,1,0,0.0004560128815251124,"[""coagulant"", ""intensity level"", ""chemical oxygen demand"", ""demand feeding"", ""demand valve"", ""coagulability""]"
graph_02,water_treatment_system,0,node_014,core_shuffled_graph,shuffle_07,disinfection demand intensity,Intensity of disinfection needed for the treated water.,disinfection_and_control,0,1,2,1,1,1,5,,pending,0,0.7907242766021519,9,0.1111111111111111,0,0,0,0.0004560128815251124,"[""unreliability"", ""measurement error""]"
graph_02,water_treatment_system,0,node_019,core_shuffled_graph,shuffle_07,distribution service delay,Delay in distributing treated water to customers.,compliance_and_service,0,1,2,0,0,1,3,,pending,0,0.6869628857854431,16,0.0625,0,0,0,0.0004560128815251124,"[""disinfectant"", ""residual risk""]"
graph_02,water_treatment_system,0,node_000,core_shuffled_graph,shuffle_08,source turbidity severity,Severity of suspended solids in incoming source water.,source_and_coagulation,1,0,0,1,2,1,3,,pending,0,0.8786381362476725,7,0.14285714285714285,0,0,0,0.0004560128815251124,"[""overloads"", ""overloader"", ""filter placement"", ""filterability"", ""overfulfil"", ""filter tipped""]"
graph_02,water_treatment_system,0,node_008,core_shuffled_graph,shuffle_08,coagulation deficit severity,Severity of inadequate contaminant coagulation.,source_and_coagulation,0,1,2,1,1,1,3,,pending,0,0.8702326340591156,12,0.08333333333333333,0,0,0,0.0004560128815251124,"[""sedimentation rate"", ""solids"", ""load water line"", ""settlings"", ""settling"", ""settle matter""]"
graph_02,water_treatment_system,0,node_014,core_shuffled_graph,shuffle_08,disinfection demand intensity,Intensity of disinfection needed for the treated water.,disinfection_and_control,0,1,2,1,1,1,5,,pending,1,0.9319470838093709,4,0.25,0,1,0,0.0004560128815251124,"[""overloads"", ""intensity level"", ""disease severity"", ""coagulability"", ""theoretical oxygen demand"", ""fluid filtration process""]"
graph_02,water_treatment_system,0,node_019,core_shuffled_graph,shuffle_08,distribution service delay,Delay in distributing treated water to customers.,compliance_and_service,0,1,2,0,0,1,3,,pending,0,0.8289482907833808,20,0.05,0,0,0,0.0004560128815251124,"[""overloads"", ""disease severity"", ""filter placement"", ""overloader"", ""filterability"", ""filter tipped""]"
graph_02,water_treatment_system,0,node_000,core_shuffled_graph,shuffle_09,source turbidity severity,Severity of suspended solids in incoming source water.,source_and_coagulation,1,0,0,1,2,1,3,,pending,1,0.7004848875921587,4,0.25,0,1,0,0.0004560128815251124,"[""compliance"", ""fail safe"", ""risks"", ""result in failure"", ""failure rate""]"
graph_02,water_treatment_system,0,node_008,core_shuffled_graph,shuffle_09,coagulation deficit severity,Severity of inadequate contaminant coagulation.,source_and_coagulation,0,1,2,1,1,1,3,,pending,0,0.8758873515293066,10,0.1,0,0,0,0.0004560128815251124,"[""contamination"", ""chemical oxygen demand"", ""equivalent dose"", ""recall dose"", ""overloadable"", ""overloader""]"
graph_02,water_treatment_system,0,node_014,core_shuffled_graph,shuffle_09,disinfection demand intensity,Intensity of disinfection needed for the treated water.,disinfection_and_control,0,1,2,1,1,1,5,,pending,0,0.9110771769989102,2,0.5,0,1,0,0.0004560128815251124,"[""disinfection process"", ""diminished capacity"", ""residual volume"", ""disinfectants"", ""olfactory impairment"", ""decline in quality""]"
graph_02,water_treatment_system,0,node_019,core_shuffled_graph,shuffle_09,distribution service delay,Delay in distributing treated water to customers.,compliance_and_service,0,1,2,0,0,1,3,,pending,1,0.8795623480120554,14,0.07142857142857142,0,0,0,0.0004560128815251124,"[""residual risk"", ""turbidity current"", ""error correction"", ""control condition"", ""call delay"", ""correction fluid""]"
graph_02,water_treatment_system,0,node_000,core_shuffled_graph,shuffle_10,source turbidity severity,Severity of suspended solids in incoming source water.,source_and_coagulation,1,0,0,1,2,1,3,,pending,0,0.7889785301294283,3,0.3333333333333333,0,1,0,0.0004560128815251124,"[""contamination"", ""inlet manifold"", ""inlet""]"
graph_02,water_treatment_system,0,node_008,core_shuffled_graph,shuffle_10,coagulation deficit severity,Severity of inadequate contaminant coagulation.,source_and_coagulation,0,1,2,1,1,1,3,,pending,1,0.912210268974403,4,0.25,0,1,0,0.0004560128815251124,"[""overloads"", ""disease severity"", ""maximum permissible dose"", ""filter placement"", ""compliance"", ""fluid filtration process""]"
graph_02,water_treatment_system,0,node_014,core_shuffled_graph,shuffle_10,disinfection demand intensity,Intensity of disinfection needed for the treated water.,disinfection_and_control,0,1,2,1,1,1,5,,pending,0,0.8724394523252064,7,0.14285714285714285,0,0,0,0.0004560128815251124,"[""correction factor"", ""control condition"", ""correction fluid"", ""delayment"", ""call delay"", ""propagation delay""]"
graph_02,water_treatment_system,0,node_019,core_shuffled_graph,shuffle_10,distribution service delay,Delay in distributing treated water to customers.,compliance_and_service,0,1,2,0,0,1,3,,pending,0,0.7192184343987182,16,0.0625,0,0,0,0.0004560128815251124,"[""drift meter"", ""quality inspection""]"
graph_02,water_treatment_system,0,node_000,core_shuffled_graph,shuffle_11,source turbidity severity,Severity of suspended solids in incoming source water.,source_and_coagulation,1,0,0,1,2,1,3,,pending,0,0.818822417674576,7,0.14285714285714285,0,0,0,0.0004560128815251124,"[""coagulant"", ""acoustic resistance"", ""filtrate"", ""coagulability"", ""demand pull inflation"", ""filtration""]"
graph_02,water_treatment_system,0,node_008,core_shuffled_graph,shuffle_11,coagulation deficit severity,Severity of inadequate contaminant coagulation.,source_and_coagulation,0,1,2,1,1,1,3,,pending,0,0.8259941095115416,4,0.25,0,1,0,0.0004560128815251124,"[""chemical oxygen demand"", ""dosing"", ""shortage"", ""coagulant""]"
graph_02,water_treatment_system,0,node_014,core_shuffled_graph,shuffle_11,disinfection demand intensity,Intensity of disinfection needed for the treated water.,disinfection_and_control,0,1,2,1,1,1,5,,pending,0,0.8230226947982671,11,0.09090909090909091,0,0,0,0.0004560128815251124,"[""residual risk"", ""turbidity"", ""turbidity current"", ""risk of infection""]"
graph_02,water_treatment_system,0,node_019,core_shuffled_graph,shuffle_11,distribution service delay,Delay in distributing treated water to customers.,compliance_and_service,0,1,2,0,0,1,3,,pending,0,0.525609078928252,19,0.05263157894736842,0,0,0,0.0004560128815251124,"[""overloads""]"
graph_02,water_treatment_system,0,node_000,core_shuffled_graph,shuffle_12,source turbidity severity,Severity of suspended solids in incoming source water.,source_and_coagulation,1,0,0,1,2,1,3,,pending,0,0.6611410839940471,4,0.25,0,1,0,0.0004560128815251124,"[""fouling"", ""sedimentation rate"", ""disease severity"", ""pump failure"", ""feed pump"", ""tread wear indicator""]"
graph_02,water_treatment_system,0,node_008,core_shuffled_graph,shuffle_12,coagulation deficit severity,Severity of inadequate contaminant coagulation.,source_and_coagulation,0,1,2,1,1,1,3,,pending,1,0.7787439656998844,3,0.3333333333333333,0,1,0,0.0004560128815251124,"[""overloads"", ""intensity level"", ""overventilation"", ""overeffusive"", ""overregulation"", ""coafforest""]"
graph_02,water_treatment_system,0,node_014,core_shuffled_graph,shuffle_12,disinfection demand intensity,Intensity of disinfection needed for the treated water.,disinfection_and_control,0,1,2,1,1,1,5,,pending,1,0.5117378069996869,4,0.25,0,1,0,0.0004560128815251124,"[""compliances"", ""risk of infection""]"
graph_02,water_treatment_system,0,node_019,core_shuffled_graph,shuffle_12,distribution service delay,Delay in distributing treated water to customers.,compliance_and_service,0,1,2,0,0,1,3,,pending,0,0.8144217350723099,19,0.05263157894736842,0,0,0,0.0004560128815251124,"[""disease severity"", ""severity"", ""filterability"", ""filter placement"", ""filter tipped"", ""overfulfil""]"
graph_02,water_treatment_system,0,node_000,core_shuffled_graph,shuffle_13,source turbidity severity,Severity of suspended solids in incoming source water.,source_and_coagulation,1,0,0,1,2,1,3,,pending,1,0.8783696253633742,9,0.1111111111111111,0,0,0,0.0004560128815251124,"[""contamination"", ""inlet manifold"", ""tributary load"", ""inlet"", ""dust contamination"", ""intake valve""]"
graph_02,water_treatment_system,0,node_008,core_shuffled_graph,shuffle_13,coagulation deficit severity,Severity of inadequate contaminant coagulation.,source_and_coagulation,0,1,2,1,1,1,3,,pending,1,0.9151624944600966,4,0.25,0,1,0,0.0004560128815251124,"[""chemical oxygen demand"", ""coagulant"", ""shortage"", ""coagulants"", ""intensity level"", ""demand feeding""]"
graph_02,water_treatment_system,0,node_014,core_shuffled_graph,shuffle_13,disinfection demand intensity,Intensity of disinfection needed for the treated water.,disinfection_and_control,0,1,2,1,1,1,5,,pending,1,0.94922206264498,2,0.5,0,1,0,0.0004560128815251124,"[""chemical oxygen demand"", ""change intensity"", ""disinfectants"", ""disinfection process"", ""disease severity"", ""residual risk""]"
graph_02,water_treatment_system,0,node_019,core_shuffled_graph,shuffle_13,distribution service delay,Delay in distributing treated water to customers.,compliance_and_service,0,1,2,0,0,1,3,,pending,1,0.831546095616402,15,0.06666666666666667,0,0,0,0.0004560128815251124,"[""capacity utilization"", ""treatment"", ""reduction in production"", ""reduction in force"", ""drug treatment sequence"", ""beta reduction""]"
graph_02,water_treatment_system,0,node_000,core_shuffled_graph,shuffle_14,source turbidity severity,Severity of suspended solids in incoming source water.,source_and_coagulation,1,0,0,1,2,1,3,,pending,0,0.3380486118857049,16,0.0625,0,0,0,0.0004560128815251124,"[""resistance""]"
graph_02,water_treatment_system,0,node_008,core_shuffled_graph,shuffle_14,coagulation deficit severity,Severity of inadequate contaminant coagulation.,source_and_coagulation,0,1,2,1,1,1,3,,pending,0,0.8720950694005596,12,0.08333333333333333,0,0,0,0.0004560128815251124,"[""sedimentation rate"", ""solids"", ""chemical balance"", ""settlings"", ""tributary load"", ""settling""]"
graph_02,water_treatment_system,0,node_014,core_shuffled_graph,shuffle_14,disinfection demand intensity,Intensity of disinfection needed for the treated water.,disinfection_and_control,0,1,2,1,1,1,5,,pending,0,0.8931613241497963,8,0.125,0,0,0,0.0004560128815251124,"[""filtration"", ""ohmic resistance"", ""passive resistance"", ""sedimentation rate"", ""bulk resistance"", ""filtrates""]"
graph_02,water_treatment_system,0,node_019,core_shuffled_graph,shuffle_14,distribution service delay,Delay in distributing treated water to customers.,compliance_and_service,0,1,2,0,0,1,3,,pending,0,0.858242541447215,18,0.05555555555555555,0,0,0,0.0004560128815251124,"[""disinfectants"", ""residual volume"", ""disinfection process"", ""recall dose"", ""chemical balance"", ""structural deficit""]"
graph_02,water_treatment_system,0,node_000,core_shuffled_graph,shuffle_15,source turbidity severity,Severity of suspended solids in incoming source water.,source_and_coagulation,1,0,0,1,2,1,3,,pending,0,0.7496984453427357,13,0.07692307692307693,0,0,0,0.0004560128815251124,"[""compliances"", ""compliance"", ""risks"", ""fail safe"", ""result in failure"", ""run a risk""]"
graph_02,water_treatment_system,0,node_008,core_shuffled_graph,shuffle_15,coagulation deficit severity,Severity of inadequate contaminant coagulation.,source_and_coagulation,0,1,2,1,1,1,3,,pending,0,0.8881101848252104,7,0.14285714285714285,0,0,0,0.0004560128815251124,"[""capacity utilization rate"", ""unreliability"", ""measurement error"", ""unformatted capacity"", ""statistical process control"", ""treatability""]"
graph_02,water_treatment_system,0,node_014,core_shuffled_graph,shuffle_15,disinfection demand intensity,Intensity of disinfection needed for the treated water.,disinfection_and_control,0,1,2,1,1,1,5,,pending,1,0.930801282399846,2,0.5,0,1,0,0.0004560128815251124,"[""disinfection process"", ""correction fluid"", ""residual risk"", ""residual volume"", ""diminished capacity"", ""correction factor""]"
graph_02,water_treatment_system,0,node_019,core_shuffled_graph,shuffle_15,distribution service delay,Delay in distributing treated water to customers.,compliance_and_service,0,1,2,0,0,1,3,,pending,0,0.7964417371733458,20,0.05,0,0,0,0.0004560128815251124,"[""overloads"", ""disease severity"", ""overfulfil"", ""filter placement"", ""overloader"", ""filterability""]"
graph_02,water_treatment_system,0,node_000,core_shuffled_graph,shuffle_16,source turbidity severity,Severity of suspended solids in incoming source water.,source_and_coagulation,1,0,0,1,2,1,3,,pending,0,0.7694778637621216,10,0.1,0,0,0,0.0004560128815251124,"[""coagulant"", ""chemical oxygen demand"", ""demand valve"", ""intensity level"", ""demand feeding""]"
graph_02,water_treatment_system,0,node_008,core_shuffled_graph,shuffle_16,coagulation deficit severity,Severity of inadequate contaminant coagulation.,source_and_coagulation,0,1,2,1,1,1,3,,pending,0,0.44225156148345046,7,0.14285714285714285,0,0,0,0.0004560128815251124,"[""capacity utilization"", ""reduction in production"", ""price reduction"", ""treatment""]"
graph_02,water_treatment_system,0,node_014,core_shuffled_graph,shuffle_16,disinfection demand intensity,Intensity of disinfection needed for the treated water.,disinfection_and_control,0,1,2,1,1,1,5,,pending,0,0.8348849904860994,8,0.125,0,0,0,0.0004560128815251124,"[""turbidity current"", ""filtration"", ""radiation resistance"", ""residual risk"", ""residual volume"", ""acoustic resistance""]"
graph_02,water_treatment_system,0,node_019,core_shuffled_graph,shuffle_16,distribution service delay,Delay in distributing treated water to customers.,compliance_and_service,0,1,2,0,0,1,3,,pending,0,0.7146107514051427,17,0.058823529411764705,0,0,0,0.0004560128815251124,"[""filtrates"", ""resistance thermometer"", ""resistance distance"", ""passive resistance"", ""acoustic resistance"", ""radiation resistance""]"
graph_02,water_treatment_system,0,node_000,core_shuffled_graph,shuffle_17,source turbidity severity,Severity of suspended solids in incoming source water.,source_and_coagulation,1,0,0,1,2,1,3,,pending,1,0.897637037829959,4,0.25,0,1,0,0.0004560128815251124,"[""residual risk"", ""turbidity current"", ""turbulization"", ""turbidity""]"
graph_02,water_treatment_system,0,node_008,core_shuffled_graph,shuffle_17,coagulation deficit severity,Severity of inadequate contaminant coagulation.,source_and_coagulation,0,1,2,1,1,1,3,,pending,0,0.8493395918686323,14,0.07142857142857142,0,0,0,0.0004560128815251124,"[""residual risk"", ""turbidity current"", ""sedimentation rate"", ""residual clay"", ""turbulization"", ""residual soil""]"
graph_02,water_treatment_system,0,node_014,core_shuffled_graph,shuffle_17,disinfection demand intensity,Intensity of disinfection needed for the treated water.,disinfection_and_control,0,1,2,1,1,1,5,,pending,1,0.8895016443185282,8,0.125,0,0,0,0.0004560128815251124,"[""residual risk"", ""sedimentation rate"", ""disinfection process"", ""residual stress"", ""turbidity current"", ""white balance""]"
graph_02,water_treatment_system,0,node_019,core_shuffled_graph,shuffle_17,distribution service delay,Delay in distributing treated water to customers.,compliance_and_service,0,1,2,0,0,1,3,,pending,0,0.822606040693919,15,0.06666666666666667,0,0,0,0.0004560128815251124,"[""treatment"", ""capacity utilization"", ""reduction in production"", ""reduction in force"", ""drug treatment sequence"", ""breaking capacity""]"
graph_02,water_treatment_system,0,node_000,core_shuffled_graph,shuffle_18,source turbidity severity,Severity of suspended solids in incoming source water.,source_and_coagulation,1,0,0,1,2,1,3,,pending,0,-0.6106038214806224,15,0.06666666666666667,0,0,0,0.0004560128815251124,"[""low bioload"", ""low viral load"", ""low magnetic intensity"", ""low microbial"", ""low microbacterial""]"
graph_02,water_treatment_system,0,node_008,core_shuffled_graph,shuffle_18,coagulation deficit severity,Severity of inadequate contaminant coagulation.,source_and_coagulation,0,1,2,1,1,1,3,,pending,0,0.8526836095923931,6,0.16666666666666666,0,0,0,0.0004560128815251124,"[""unreliability"", ""measurement error""]"
graph_02,water_treatment_system,0,node_014,core_shuffled_graph,shuffle_18,disinfection demand intensity,Intensity of disinfection needed for the treated water.,disinfection_and_control,0,1,2,1,1,1,5,,pending,0,0.8959954685770355,9,0.1111111111111111,0,0,0,0.0004560128815251124,"[""residual risk"", ""turbidity current"", ""turbidity"", ""fluid filtration process"", ""sedimentation rate"", ""radiation resistance""]"
graph_02,water_treatment_system,0,node_019,core_shuffled_graph,shuffle_18,distribution service delay,Delay in distributing treated water to customers.,compliance_and_service,0,1,2,0,0,1,3,,pending,0,0.8926231050050909,3,0.3333333333333333,0,1,0,0.0004560128815251124,"[""delay slot"", ""call delay"", ""correction fluid"", ""error correction"", ""control order"", ""control engineering""]"
graph_02,water_treatment_system,0,node_000,core_shuffled_graph,shuffle_19,source turbidity severity,Severity of suspended solids in incoming source water.,source_and_coagulation,1,0,0,1,2,1,3,,pending,0,0.8410036011422158,9,0.1111111111111111,0,0,0,0.0004560128815251124,"[""overloads"", ""overloader"", ""filter placement"", ""chemical oxygen demand"", ""overloadable""]"
graph_02,water_treatment_system,0,node_008,core_shuffled_graph,shuffle_19,coagulation deficit severity,Severity of inadequate contaminant coagulation.,source_and_coagulation,0,1,2,1,1,1,3,,pending,0,0.877306506940321,7,0.14285714285714285,0,0,0,0.0004560128815251124,"[""residual risk"", ""turbidity current"", ""turbulization"", ""residual volume""]"
graph_02,water_treatment_system,0,node_014,core_shuffled_graph,shuffle_19,disinfection demand intensity,Intensity of disinfection needed for the treated water.,disinfection_and_control,0,1,2,1,1,1,5,,pending,0,0.9076244377714358,5,0.2,0,1,0,0.0004560128815251124,"[""viral load"", ""correction factor"", ""contamination"", ""administration of antibiotics"", ""control operation"", ""control condition""]"
graph_02,water_treatment_system,0,node_019,core_shuffled_graph,shuffle_19,distribution service delay,Delay in distributing treated water to customers.,compliance_and_service,0,1,2,0,0,1,3,,pending,0,0.8629218026321719,19,0.05263157894736842,0,0,0,0.0004560128815251124,"[""compliance"", ""compliances"", ""breaking capacity"", ""failure rate"", ""capacity utilization"", ""failure to thrive""]"
graph_02,water_treatment_system,1,node_001,uniform,,microbial load intensity,Intensity of microbial contamination in incoming water.,source_and_coagulation,1,0,0,1,2,1,4,,pending,1,0.9197590242123395,11,0.09090909090909091,0,0,0,0.00042733657747450246,"[""disease severity"", ""turbidity current"", ""fluid filtration process"", ""sedimentation rate"", ""performance degradation"", ""pump failure""]"
graph_02,water_treatment_system,1,node_009,uniform,,settling solids load,Load of poorly coagulated solids reaching the settling stage.,settling_and_filtration,0,1,2,1,1,1,4,,pending,0,0.9126944465391807,16,0.0625,0,0,0,0.00042733657747450246,"[""disease severity"", ""turbidity current"", ""fluid filtration process"", ""sedimentation rate"", ""performance degradation"", ""pump failure""]"
graph_02,water_treatment_system,1,node_015,uniform,,disinfectant residual deficit,Deficit in protective disinfectant remaining after treatment.,disinfection_and_control,0,1,2,1,1,1,4,,pending,0,0.9190903708509962,12,0.08333333333333333,0,0,0,0.00042733657747450246,"[""disease severity"", ""turbidity current"", ""fluid filtration process"", ""sedimentation rate"", ""performance degradation"", ""pump failure""]"
graph_02,water_treatment_system,1,node_017,uniform,,control correction delay,Delay before treatment controls correct a quality problem.,disinfection_and_control,0,1,1,1,1,1,4,,pending,1,0.8931548520784679,20,0.05,0,0,0,0.00042733657747450246,"[""disease severity"", ""turbidity current"", ""fluid filtration process"", ""sedimentation rate"", ""performance degradation"", ""pump failure""]"
graph_02,water_treatment_system,1,node_001,raw_correlation,,microbial load intensity,Intensity of microbial contamination in incoming water.,source_and_coagulation,1,0,0,1,2,1,4,,pending,1,0.9265767453527318,6,0.16666666666666666,0,0,0,0.00042733657747450246,"[""contamination"", ""disease severity"", ""risk of infection"", ""breakeven load factor"", ""capacity utilization rate"", ""disinfection process""]"
graph_02,water_treatment_system,1,node_009,raw_correlation,,settling solids load,Load of poorly coagulated solids reaching the settling stage.,settling_and_filtration,0,1,2,1,1,1,4,,pending,1,0.9132003196374621,13,0.07692307692307693,0,0,0,0.00042733657747450246,"[""disease severity"", ""turbidity current"", ""coagulability"", ""severity"", ""fluid filtration process"", ""sedimentation rate""]"
graph_02,water_treatment_system,1,node_015,raw_correlation,,disinfectant residual deficit,Deficit in protective disinfectant remaining after treatment.,disinfection_and_control,0,1,2,1,1,1,4,,pending,1,0.9221181422632511,11,0.09090909090909091,0,0,0,0.00042733657747450246,"[""disease severity"", ""fluid filtration process"", ""recall dose"", ""capacity utilization rate"", ""turbidity current"", ""pump failure""]"
graph_02,water_treatment_system,1,node_017,raw_correlation,,control correction delay,Delay before treatment controls correct a quality problem.,disinfection_and_control,0,1,1,1,1,1,4,,pending,1,0.9003808457440504,20,0.05,0,0,0,0.00042733657747450246,"[""disease severity"", ""fluid filtration process"", ""performance degradation"", ""turbidity current"", ""error diffusion"", ""quality requirement""]"
graph_02,water_treatment_system,1,node_001,core_oracle_estimated_weights,,microbial load intensity,Intensity of microbial contamination in incoming water.,source_and_coagulation,1,0,0,1,2,1,4,,pending,1,0.6164269256027907,4,0.25,0,1,0,0.00042733657747450246,"[""disinfector"", ""disinfect""]"
graph_02,water_treatment_system,1,node_009,core_oracle_estimated_weights,,settling solids load,Load of poorly coagulated solids reaching the settling stage.,settling_and_filtration,0,1,2,1,1,1,4,,pending,1,0.8860638799819504,12,0.08333333333333333,0,0,0,0.00042733657747450246,"[""disease severity"", ""coagulation factor"", ""overloader"", ""overloads"", ""severity"", ""coagulability""]"
graph_02,water_treatment_system,1,node_015,core_oracle_estimated_weights,,disinfectant residual deficit,Deficit in protective disinfectant remaining after treatment.,disinfection_and_control,0,1,2,1,1,1,4,,pending,1,0.7466393904953663,6,0.16666666666666666,0,0,0,0.00042733657747450246,"[""compliance"", ""chemical oxygen demand"", ""chemical operations""]"
graph_02,water_treatment_system,1,node_017,core_oracle_estimated_weights,,control correction delay,Delay before treatment controls correct a quality problem.,disinfection_and_control,0,1,1,1,1,1,4,,pending,1,0.8285814612318682,7,0.14285714285714285,0,0,0,0.00042733657747450246,"[""unreliability"", ""measurement error"", ""standards compliance"", ""compliance""]"
graph_02,water_treatment_system,1,node_001,core_oracle_true_weights,,microbial load intensity,Intensity of microbial contamination in incoming water.,source_and_coagulation,1,0,0,1,2,1,4,,pending,1,0.6501431122870638,4,0.25,0,1,0,0.00042733657747450246,"[""disinfector"", ""disinfecting""]"
graph_02,water_treatment_system,1,node_009,core_oracle_true_weights,,settling solids load,Load of poorly coagulated solids reaching the settling stage.,settling_and_filtration,0,1,2,1,1,1,4,,pending,1,0.8842812058979249,12,0.08333333333333333,0,0,0,0.00042733657747450246,"[""disease severity"", ""overloads"", ""severity"", ""overloader"", ""dust contamination"", ""inlet manifold""]"
graph_02,water_treatment_system,1,node_015,core_oracle_true_weights,,disinfectant residual deficit,Deficit in protective disinfectant remaining after treatment.,disinfection_and_control,0,1,2,1,1,1,4,,pending,1,0.8598288029084585,5,0.2,0,1,0,0.00042733657747450246,"[""compliance"", ""chemical oxygen demand"", ""disinfection process"", ""chemical operations"", ""risk of infection"", ""compliances""]"
graph_02,water_treatment_system,1,node_017,core_oracle_true_weights,,control correction delay,Delay before treatment controls correct a quality problem.,disinfection_and_control,0,1,1,1,1,1,4,,pending,1,0.8663134158892007,10,0.1,0,0,0,0.00042733657747450246,"[""compliance"", ""standards compliance"", ""unreliability"", ""measurement error"", ""failure rate"", ""multisystem failure""]"
graph_02,water_treatment_system,1,node_001,core_reversed_graph,,microbial load intensity,Intensity of microbial contamination in incoming water.,source_and_coagulation,1,0,0,1,2,1,4,,pending,1,0.9137253233979459,3,0.3333333333333333,0,1,0,0.00042733657747450246,"[""disinfection process"", ""contamination"", ""theoretical oxygen demand"", ""viral load"", ""infection rate"", ""intensity level""]"
graph_02,water_treatment_system,1,node_009,core_reversed_graph,,settling solids load,Load of poorly coagulated solids reaching the settling stage.,settling_and_filtration,0,1,2,1,1,1,4,,pending,1,0.8681579642256004,10,0.1,0,0,0,0.00042733657747450246,"[""overloads"", ""overloader"", ""disease severity"", ""severity"", ""dust contamination"", ""filter tipped""]"
graph_02,water_treatment_system,1,node_015,core_reversed_graph,,disinfectant residual deficit,Deficit in protective disinfectant remaining after treatment.,disinfection_and_control,0,1,2,1,1,1,4,,pending,1,0.9035781754832537,4,0.25,0,1,0,0.00042733657747450246,"[""compliance"", ""standards compliance"", ""chemical oxygen demand"", ""disinfection process"", ""chemical hazard"", ""risk of infection""]"
graph_02,water_treatment_system,1,node_017,core_reversed_graph,,control correction delay,Delay before treatment controls correct a quality problem.,disinfection_and_control,0,1,1,1,1,1,4,,pending,1,0.8728807646734147,16,0.0625,0,0,0,0.00042733657747450246,"[""measurement error"", ""standards compliance"", ""unreliability"", ""compliance"", ""quality requirement"", ""unsystematic risk""]"
graph_02,water_treatment_system,1,node_001,core_shuffled_graph,shuffle_00,microbial load intensity,Intensity of microbial contamination in incoming water.,source_and_coagulation,1,0,0,1,2,1,4,,pending,0,0.8310967816604524,5,0.2,0,1,0,0.00042733657747450246,"[""contamination"", ""inlet manifold"", ""inlet"", ""tributary load"", ""dust contamination""]"
graph_02,water_treatment_system,1,node_009,core_shuffled_graph,shuffle_00,settling solids load,Load of poorly coagulated solids reaching the settling stage.,settling_and_filtration,0,1,2,1,1,1,4,,pending,0,0.8745464899574329,15,0.06666666666666667,0,0,0,0.00042733657747450246,"[""residual risk"", ""compliance"", ""standards compliance"", ""distribution cost"", ""compliances"", ""result in failure""]"
graph_02,water_treatment_system,1,node_015,core_shuffled_graph,shuffle_00,disinfectant residual deficit,Deficit in protective disinfectant remaining after treatment.,disinfection_and_control,0,1,2,1,1,1,4,,pending,0,0.8858828596212478,8,0.125,0,0,0,0.00042733657747450246,"[""filtration"", ""resistance distance"", ""fluid filtration process"", ""turbidity current"", ""radiation resistance"", ""ohmic resistance""]"
graph_02,water_treatment_system,1,node_017,core_shuffled_graph,shuffle_00,control correction delay,Delay before treatment controls correct a quality problem.,disinfection_and_control,0,1,1,1,1,1,4,,pending,0,0.8661986128550425,19,0.05263157894736842,0,0,0,0.00042733657747450246,"[""residual risk"", ""turbidity current"", ""filtration"", ""turbidity"", ""fluid filtration process"", ""radiation resistance""]"
graph_02,water_treatment_system,1,node_001,core_shuffled_graph,shuffle_01,microbial load intensity,Intensity of microbial contamination in incoming water.,source_and_coagulation,1,0,0,1,2,1,4,,pending,0,0.8157290788678317,4,0.25,0,1,0,0.00042733657747450246,"[""contamination"", ""inlet manifold"", ""inlet""]"
graph_02,water_treatment_system,1,node_009,core_shuffled_graph,shuffle_01,settling solids load,Load of poorly coagulated solids reaching the settling stage.,settling_and_filtration,0,1,2,1,1,1,4,,pending,0,0.8818005492772036,13,0.07692307692307693,0,0,0,0.00042733657747450246,"[""turbidity"", ""turbidity current"", ""compliances"", ""disease severity"", ""severity"", ""standards compliance""]"
graph_02,water_treatment_system,1,node_015,core_shuffled_graph,shuffle_01,disinfectant residual deficit,Deficit in protective disinfectant remaining after treatment.,disinfection_and_control,0,1,2,1,1,1,4,,pending,0,0.8604366617022969,17,0.058823529411764705,0,0,0,0.00042733657747450246,"[""filtration"", ""passive resistance"", ""resistance distance"", ""ohmic resistance"", ""corrosion resistance"", ""filtrates""]"
graph_02,water_treatment_system,1,node_017,core_shuffled_graph,shuffle_01,control correction delay,Delay before treatment controls correct a quality problem.,disinfection_and_control,0,1,1,1,1,1,4,,pending,0,0.8635224519458288,10,0.1,0,0,0,0.00042733657747450246,"[""dosing"", ""shortage"", ""chemical oxygen demand"", ""potential chemical threat"", ""chemical fertiliser"", ""dispensing chemist""]"
graph_02,water_treatment_system,1,node_001,core_shuffled_graph,shuffle_02,microbial load intensity,Intensity of microbial contamination in incoming water.,source_and_coagulation,1,0,0,1,2,1,4,,pending,0,0.7891469952307448,15,0.06666666666666667,0,0,0,0.00042733657747450246,"[""residual risk"", ""turbidity current"", ""turbidity""]"
graph_02,water_treatment_system,1,node_009,core_shuffled_graph,shuffle_02,settling solids load,Load of poorly coagulated solids reaching the settling stage.,settling_and_filtration,0,1,2,1,1,1,4,,pending,0,0.7729872241777447,18,0.05555555555555555,0,0,0,0.00042733657747450246,"[""disease severity"", ""excessive bleeding"", ""overloads"", ""severity"", ""disseminated intravascular coagulation"", ""oxygen deficit""]"
graph_02,water_treatment_system,1,node_015,core_shuffled_graph,shuffle_02,disinfectant residual deficit,Deficit in protective disinfectant remaining after treatment.,disinfection_and_control,0,1,2,1,1,1,4,,pending,0,0.9111674463360756,5,0.2,0,1,0,0.00042733657747450246,"[""disease severity"", ""coagulability"", ""severity"", ""coagulometry"", ""coagulation factor"", ""disseminated intravascular coagulation""]"
graph_02,water_treatment_system,1,node_017,core_shuffled_graph,shuffle_02,control correction delay,Delay before treatment controls correct a quality problem.,disinfection_and_control,0,1,1,1,1,1,4,,pending,1,0.8849678789202184,3,0.3333333333333333,0,1,0,0.00042733657747450246,"[""distribution cost"", ""distribution server"", ""propagation delay"", ""delays"", ""distribution organization"", ""shortages""]"
graph_02,water_treatment_system,1,node_001,core_shuffled_graph,shuffle_03,microbial load intensity,Intensity of microbial contamination in incoming water.,source_and_coagulation,1,0,0,1,2,1,4,,pending,0,0.8188181656577438,13,0.07692307692307693,0,0,0,0.00042733657747450246,"[""delaying agent"", ""distribution network"", ""distribution cost"", ""distribution server"", ""propagation delay"", ""load time""]"
graph_02,water_treatment_system,1,node_009,core_shuffled_graph,shuffle_03,settling solids load,Load of poorly coagulated solids reaching the settling stage.,settling_and_filtration,0,1,2,1,1,1,4,,pending,0,0.9083203813992591,10,0.1,0,0,0,0.00042733657747450246,"[""coagulability"", ""turbidity current"", ""intensity level"", ""change intensity"", ""chemical oxygen demand"", ""coagulometry""]"
graph_02,water_treatment_system,1,node_015,core_shuffled_graph,shuffle_03,disinfectant residual deficit,Deficit in protective disinfectant remaining after treatment.,disinfection_and_control,0,1,2,1,1,1,4,,pending,0,0.8834260357535667,9,0.1111111111111111,0,0,0,0.00042733657747450246,"[""compliances"", ""disease severity"", ""anticoagulant complication"", ""hepatic failure"", ""diminished capacity"", ""result in failure""]"
graph_02,water_treatment_system,1,node_017,core_shuffled_graph,shuffle_03,control correction delay,Delay before treatment controls correct a quality problem.,disinfection_and_control,0,1,1,1,1,1,4,,pending,0,0.7127010166595167,19,0.05263157894736842,0,0,0,0.00042733657747450246,"[""disinfection process"", ""disinfection"", ""disinfector"", ""disinfect""]"
graph_02,water_treatment_system,1,node_001,core_shuffled_graph,shuffle_04,microbial load intensity,Intensity of microbial contamination in incoming water.,source_and_coagulation,1,0,0,1,2,1,4,,pending,0,0.8549631626388753,13,0.07692307692307693,0,0,0,0.00042733657747450246,"[""filtration"", ""unreliability"", ""resistance thermometer"", ""resistance distance"", ""filtrates"", ""acoustic resistance""]"
graph_02,water_treatment_system,1,node_009,core_shuffled_graph,shuffle_04,settling solids load,Load of poorly coagulated solids reaching the settling stage.,settling_and_filtration,0,1,2,1,1,1,4,,pending,0,0.2415892686960224,6,0.16666666666666666,0,0,0,0.00042733657747450246,[]
graph_02,water_treatment_system,1,node_015,core_shuffled_graph,shuffle_04,disinfectant residual deficit,Deficit in protective disinfectant remaining after treatment.,disinfection_and_control,0,1,2,1,1,1,4,,pending,0,0.8540804190747284,16,0.0625,0,0,0,0.00042733657747450246,"[""distribution cost"", ""distribution server"", ""propagation delay"", ""distribution network"", ""call delay"", ""distribution organization""]"
graph_02,water_treatment_system,1,node_017,core_shuffled_graph,shuffle_04,control correction delay,Delay before treatment controls correct a quality problem.,disinfection_and_control,0,1,1,1,1,1,4,,pending,0,0.8719674278909887,18,0.05555555555555555,0,0,0,0.00042733657747450246,"[""unreliability"", ""measurement error"", ""standards compliance"", ""quality requirement"", ""disease severity"", ""disinfection process""]"
graph_02,water_treatment_system,1,node_001,core_shuffled_graph,shuffle_05,microbial load intensity,Intensity of microbial contamination in incoming water.,source_and_coagulation,1,0,0,1,2,1,4,,pending,1,0.8302756892883648,6,0.16666666666666666,0,0,0,0.00042733657747450246,"[""pump failure"", ""disease severity"", ""use wear analysis"", ""tread wear indicator""]"
graph_02,water_treatment_system,1,node_009,core_shuffled_graph,shuffle_05,settling solids load,Load of poorly coagulated solids reaching the settling stage.,settling_and_filtration,0,1,2,1,1,1,4,,pending,1,0.8871135744457664,13,0.07692307692307693,0,0,0,0.00042733657747450246,"[""turbidity"", ""turbidity current"", ""severity"", ""failure rate"", ""standards compliance"", ""compliances""]"
graph_02,water_treatment_system,1,node_015,core_shuffled_graph,shuffle_05,disinfectant residual deficit,Deficit in protective disinfectant remaining after treatment.,disinfection_and_control,0,1,2,1,1,1,4,,pending,1,0.8940075760067956,6,0.16666666666666666,0,0,0,0.00042733657747450246,"[""disease severity"", ""coagulation factor"", ""severity"", ""coagulopathy"", ""anticoagulant complication"", ""nature deficit disorder""]"
graph_02,water_treatment_system,1,node_017,core_shuffled_graph,shuffle_05,control correction delay,Delay before treatment controls correct a quality problem.,disinfection_and_control,0,1,1,1,1,1,4,,pending,1,0.8569170734789746,18,0.05555555555555555,0,0,0,0.00042733657747450246,"[""overloads"", ""overloader"", ""filter placement"", ""contamination"", ""disease severity"", ""dust contamination""]"
graph_02,water_treatment_system,1,node_001,core_shuffled_graph,shuffle_06,microbial load intensity,Intensity of microbial contamination in incoming water.,source_and_coagulation,1,0,0,1,2,1,4,,pending,0,0.8050468547026969,8,0.125,0,0,0,0.00042733657747450246,"[""distribution organization"", ""distribution cost"", ""propagation delay"", ""chemical oxygen demand"", ""distribution server"", ""length of service""]"
graph_02,water_treatment_system,1,node_009,core_shuffled_graph,shuffle_06,settling solids load,Load of poorly coagulated solids reaching the settling stage.,settling_and_filtration,0,1,2,1,1,1,4,,pending,0,0.8700602158840547,12,0.08333333333333333,0,0,0,0.00042733657747450246,"[""disease severity"", ""change intensity"", ""chemical oxygen demand"", ""intensity level"", ""coagulability"", ""severity""]"
graph_02,water_treatment_system,1,node_015,core_shuffled_graph,shuffle_06,disinfectant residual deficit,Deficit in protective disinfectant remaining after treatment.,disinfection_and_control,0,1,2,1,1,1,4,,pending,1,0.8310513850070913,4,0.25,0,1,0,0.00042733657747450246,"[""tread wear indicator"", ""residual risk"", ""disinfectant"", ""disinfection process"", ""margin of safety"", ""pump failure""]"
graph_02,water_treatment_system,1,node_017,core_shuffled_graph,shuffle_06,control correction delay,Delay before treatment controls correct a quality problem.,disinfection_and_control,0,1,1,1,1,1,4,,pending,0,0.8222614042626434,19,0.05263157894736842,0,0,0,0.00042733657747450246,"[""disinfection process"", ""chemical oxygen demand"", ""disinfecting"", ""viral load"", ""disinfectants"", ""load water line""]"
graph_02,water_treatment_system,1,node_001,core_shuffled_graph,shuffle_07,microbial load intensity,Intensity of microbial contamination in incoming water.,source_and_coagulation,1,0,0,1,2,1,4,,pending,1,0.4512386072593895,6,0.16666666666666666,0,0,0,0.00042733657747450246,"[""contaminable"", ""ecolabelling"", ""analytical entry""]"
graph_02,water_treatment_system,1,node_009,core_shuffled_graph,shuffle_07,settling solids load,Load of poorly coagulated solids reaching the settling stage.,settling_and_filtration,0,1,2,1,1,1,4,,pending,1,0.8528729943243305,7,0.14285714285714285,0,0,0,0.00042733657747450246,"[""turbidity current"", ""turbidity"", ""residual risk""]"
graph_02,water_treatment_system,1,node_015,core_shuffled_graph,shuffle_07,disinfectant residual deficit,Deficit in protective disinfectant remaining after treatment.,disinfection_and_control,0,1,2,1,1,1,4,,pending,0,0.8609625025910095,6,0.16666666666666666,0,0,0,0.00042733657747450246,"[""distribution organization"", ""distribution server"", ""distribution cost"", ""call delay"", ""service cutback"", ""propagation delay""]"
graph_02,water_treatment_system,1,node_017,core_shuffled_graph,shuffle_07,control correction delay,Delay before treatment controls correct a quality problem.,disinfection_and_control,0,1,1,1,1,1,4,,pending,0,0.907502372652992,3,0.3333333333333333,0,1,0,0.00042733657747450246,"[""distribution cost"", ""propagation delay"", ""distribution organization"", ""distribution server"", ""call delay"", ""service cutback""]"
graph_02,water_treatment_system,1,node_001,core_shuffled_graph,shuffle_08,microbial load intensity,Intensity of microbial contamination in incoming water.,source_and_coagulation,1,0,0,1,2,1,4,,pending,0,0.8574062382866119,6,0.16666666666666666,0,0,0,0.00042733657747450246,"[""chemical oxygen demand"", ""residual risk"", ""contamination"", ""recall dose"", ""disinfection process"", ""environmental quantity""]"
graph_02,water_treatment_system,1,node_009,core_shuffled_graph,shuffle_08,settling solids load,Load of poorly coagulated solids reaching the settling stage.,settling_and_filtration,0,1,2,1,1,1,4,,pending,0,0.866371524913449,11,0.09090909090909091,0,0,0,0.00042733657747450246,"[""coagulability"", ""coagulometry"", ""residual risk"", ""disease severity"", ""coagulation factor"", ""intensity level""]"
graph_02,water_treatment_system,1,node_015,core_shuffled_graph,shuffle_08,disinfectant residual deficit,Deficit in protective disinfectant remaining after treatment.,disinfection_and_control,0,1,2,1,1,1,4,,pending,0,0.7746125547621384,14,0.07142857142857142,0,0,0,0.00042733657747450246,"[""fouling"", ""turbidity current"", ""filter tipped"", ""filter funnel"", ""severity"", ""disease severity""]"
graph_02,water_treatment_system,1,node_017,core_shuffled_graph,shuffle_08,control correction delay,Delay before treatment controls correct a quality problem.,disinfection_and_control,0,1,1,1,1,1,4,,pending,1,0.7141089970951044,17,0.058823529411764705,0,0,0,0.00042733657747450246,"[""fouling"", ""turbidity current"", ""filterability"", ""filter tipped"", ""automotive filter"", ""severity""]"
graph_02,water_treatment_system,1,node_001,core_shuffled_graph,shuffle_09,microbial load intensity,Intensity of microbial contamination in incoming water.,source_and_coagulation,1,0,0,1,2,1,4,,pending,0,0.2784321229853372,15,0.06666666666666667,0,0,0,0.00042733657747450246,"[""unreliability""]"
graph_02,water_treatment_system,1,node_009,core_shuffled_graph,shuffle_09,settling solids load,Load of poorly coagulated solids reaching the settling stage.,settling_and_filtration,0,1,2,1,1,1,4,,pending,0,0.4458501033042126,10,0.1,0,0,0,0.00042733657747450246,"[""distribution server"", ""be delayed""]"
graph_02,water_treatment_system,1,node_015,core_shuffled_graph,shuffle_09,disinfectant residual deficit,Deficit in protective disinfectant remaining after treatment.,disinfection_and_control,0,1,2,1,1,1,4,,pending,1,0.9009818846963937,4,0.25,0,1,0,0.00042733657747450246,"[""filtration"", ""disinfection process"", ""chemical oxygen demand"", ""ohmic resistance"", ""bulk resistance"", ""corrosion resistance""]"
graph_02,water_treatment_system,1,node_017,core_shuffled_graph,shuffle_09,control correction delay,Delay before treatment controls correct a quality problem.,disinfection_and_control,0,1,1,1,1,1,4,,pending,0,0.7186175195707919,3,0.3333333333333333,0,1,0,0.00042733657747450246,"[""distribution server"", ""distribution organization"", ""service cutback"", ""delay payment"", ""be delayed""]"
graph_02,water_treatment_system,1,node_001,core_shuffled_graph,shuffle_10,microbial load intensity,Intensity of microbial contamination in incoming water.,source_and_coagulation,1,0,0,1,2,1,4,,pending,0,0.3403328835219181,13,0.07692307692307693,0,0,0,0.00042733657747450246,"[""turbidity current""]"
graph_02,water_treatment_system,1,node_009,core_shuffled_graph,shuffle_10,settling solids load,Load of poorly coagulated solids reaching the settling stage.,settling_and_filtration,0,1,2,1,1,1,4,,pending,1,0.872659765914535,15,0.06666666666666667,0,0,0,0.00042733657747450246,"[""unreliability"", ""measurement error"", ""quality requirement"", ""disseminated intravascular coagulation"", ""coagulometry"", ""disease severity""]"
graph_02,water_treatment_system,1,node_015,core_shuffled_graph,shuffle_10,disinfectant residual deficit,Deficit in protective disinfectant remaining after treatment.,disinfection_and_control,0,1,2,1,1,1,4,,pending,0,0.8628364054322148,6,0.16666666666666666,0,0,0,0.00042733657747450246,"[""compliance"", ""compliances"", ""risk of infection"", ""chemical hazard"", ""failure rate"", ""standards compliance""]"
graph_02,water_treatment_system,1,node_017,core_shuffled_graph,shuffle_10,control correction delay,Delay before treatment controls correct a quality problem.,disinfection_and_control,0,1,1,1,1,1,4,,pending,0,0.8194414970219,19,0.05263157894736842,0,0,0,0.00042733657747450246,"[""disinfection process"", ""intensity level"", ""demand characteristic"", ""biosafety level"", ""standards compliance"", ""compliances""]"
graph_02,water_treatment_system,1,node_001,core_shuffled_graph,shuffle_11,microbial load intensity,Intensity of microbial contamination in incoming water.,source_and_coagulation,1,0,0,1,2,1,4,,pending,1,0.7239212834618869,4,0.25,0,1,0,0.00042733657747450246,"[""coagulability"", ""disease severity"", ""coagulation factor"", ""coagulometry"", ""change intensity"", ""what extent""]"
graph_02,water_treatment_system,1,node_009,core_shuffled_graph,shuffle_11,settling solids load,Load of poorly coagulated solids reaching the settling stage.,settling_and_filtration,0,1,2,1,1,1,4,,pending,0,0.7642083330818088,3,0.3333333333333333,0,1,0,0.00042733657747450246,"[""contamination"", ""inlet"", ""inlet manifold"", ""recall dose""]"
graph_02,water_treatment_system,1,node_015,core_shuffled_graph,shuffle_11,disinfectant residual deficit,Deficit in protective disinfectant remaining after treatment.,disinfection_and_control,0,1,2,1,1,1,4,,pending,1,0.669701171932583,11,0.09090909090909091,0,0,0,0.00042733657747450246,"[""coagulability"", ""coagulation factor"", ""disease severity"", ""coagulometry"", ""coagulopathy"", ""severity""]"
graph_02,water_treatment_system,1,node_017,core_shuffled_graph,shuffle_11,control correction delay,Delay before treatment controls correct a quality problem.,disinfection_and_control,0,1,1,1,1,1,4,,pending,0,0.6906989350939535,18,0.05555555555555555,0,0,0,0.00042733657747450246,"[""disease severity"", ""coagulability"", ""coagulation factor"", ""coagulometry"", ""what extent"", ""coagulopathy""]"
graph_02,water_treatment_system,1,node_001,core_shuffled_graph,shuffle_12,microbial load intensity,Intensity of microbial contamination in incoming water.,source_and_coagulation,1,0,0,1,2,1,4,,pending,1,0.8512393806331815,9,0.1111111111111111,0,0,0,0.00042733657747450246,"[""compliance"", ""compliances"", ""standards compliance"", ""failure rate"", ""result in failure"", ""fail safe""]"
graph_02,water_treatment_system,1,node_009,core_shuffled_graph,shuffle_12,settling solids load,Load of poorly coagulated solids reaching the settling stage.,settling_and_filtration,0,1,2,1,1,1,4,,pending,1,0.8885189708432867,6,0.16666666666666666,0,0,0,0.00042733657747450246,"[""contamination"", ""acoustic resistance"", ""inlet"", ""inlet manifold"", ""bulk resistance"", ""intake valve""]"
graph_02,water_treatment_system,1,node_015,core_shuffled_graph,shuffle_12,disinfectant residual deficit,Deficit in protective disinfectant remaining after treatment.,disinfection_and_control,0,1,2,1,1,1,4,,pending,1,0.8537859598063319,13,0.07692307692307693,0,0,0,0.00042733657747450246,"[""compliance"", ""failure rate"", ""standards compliance"", ""compliances"", ""result in failure"", ""unsystematic risk""]"
graph_02,water_treatment_system,1,node_017,core_shuffled_graph,shuffle_12,control correction delay,Delay before treatment controls correct a quality problem.,disinfection_and_control,0,1,1,1,1,1,4,,pending,1,0.7593580156899346,5,0.2,0,1,0,0.00042733657747450246,"[""compliance"", ""result in failure"", ""standards compliance"", ""sampling error"", ""fail secure"", ""breach of warranty""]"
graph_02,water_treatment_system,1,node_001,core_shuffled_graph,shuffle_13,microbial load intensity,Intensity of microbial contamination in incoming water.,source_and_coagulation,1,0,0,1,2,1,4,,pending,1,0.8642519670370234,8,0.125,0,0,0,0.00042733657747450246,"[""overloads"", ""filter placement"", ""overloader"", ""filterability"", ""overfulfil"", ""overloadable""]"
graph_02,water_treatment_system,1,node_009,core_shuffled_graph,shuffle_13,settling solids load,Load of poorly coagulated solids reaching the settling stage.,settling_and_filtration,0,1,2,1,1,1,4,,pending,1,0.8252031503949268,11,0.09090909090909091,0,0,0,0.00042733657747450246,"[""overloads"", ""overloader"", ""filterability"", ""filter placement"", ""overfulfil"", ""overfitting""]"
graph_02,water_treatment_system,1,node_015,core_shuffled_graph,shuffle_13,disinfectant residual deficit,Deficit in protective disinfectant remaining after treatment.,disinfection_and_control,0,1,2,1,1,1,4,,pending,1,0.9178584336328872,4,0.25,0,1,0,0.00042733657747450246,"[""disinfection process"", ""chemical oxygen demand"", ""viral load"", ""disinfection"", ""intensity level"", ""disinfectants""]"
graph_02,water_treatment_system,1,node_017,core_shuffled_graph,shuffle_13,control correction delay,Delay before treatment controls correct a quality problem.,disinfection_and_control,0,1,1,1,1,1,4,,pending,1,0.8729422701988983,6,0.16666666666666666,0,0,0,0.00042733657747450246,"[""unreliability"", ""measurement error"", ""standards compliance"", ""compliance"", ""failure rate"", ""compliances""]"
graph_02,water_treatment_system,1,node_001,core_shuffled_graph,shuffle_14,microbial load intensity,Intensity of microbial contamination in incoming water.,source_and_coagulation,1,0,0,1,2,1,4,,pending,0,0.8017680064613371,9,0.1111111111111111,0,0,0,0.00042733657747450246,"[""compliances"", ""compliance"", ""result in failure"", ""fail safe"", ""fail secure"", ""security risk""]"
graph_02,water_treatment_system,1,node_009,core_shuffled_graph,shuffle_14,settling solids load,Load of poorly coagulated solids reaching the settling stage.,settling_and_filtration,0,1,2,1,1,1,4,,pending,0,0.8723201596203268,16,0.0625,0,0,0,0.00042733657747450246,"[""compliances"", ""disease severity"", ""coagulation factor"", ""anticoagulant complication"", ""severity"", ""circulatory failure""]"
graph_02,water_treatment_system,1,node_015,core_shuffled_graph,shuffle_14,disinfectant residual deficit,Deficit in protective disinfectant remaining after treatment.,disinfection_and_control,0,1,2,1,1,1,4,,pending,0,0.7501583668540331,18,0.05555555555555555,0,0,0,0.00042733657747450246,"[""distribution server"", ""call delay"", ""propagation delay"", ""distribution organization"", ""delay payment"", ""distribution cost""]"
graph_02,water_treatment_system,1,node_017,core_shuffled_graph,shuffle_14,control correction delay,Delay before treatment controls correct a quality problem.,disinfection_and_control,0,1,1,1,1,1,4,,pending,0,0.8632850938970518,19,0.05263157894736842,0,0,0,0.00042733657747450246,"[""unreliability"", ""residual risk"", ""turbidimetry"", ""measurement error"", ""turbidity current""]"
graph_02,water_treatment_system,1,node_001,core_shuffled_graph,shuffle_15,microbial load intensity,Intensity of microbial contamination in incoming water.,source_and_coagulation,1,0,0,1,2,1,4,,pending,0,0.7506237424113085,8,0.125,0,0,0,0.00042733657747450246,"[""residual risk"", ""turbidity""]"
graph_02,water_treatment_system,1,node_009,core_shuffled_graph,shuffle_15,settling solids load,Load of poorly coagulated solids reaching the settling stage.,settling_and_filtration,0,1,2,1,1,1,4,,pending,1,0.8905599384861816,11,0.09090909090909091,0,0,0,0.00042733657747450246,"[""overloads"", ""contamination"", ""overloader"", ""disease severity"", ""filter placement"", ""dust contamination""]"
graph_02,water_treatment_system,1,node_015,core_shuffled_graph,shuffle_15,disinfectant residual deficit,Deficit in protective disinfectant remaining after treatment.,disinfection_and_control,0,1,2,1,1,1,4,,pending,0,0.8898049041985694,3,0.3333333333333333,0,1,0,0.00042733657747450246,"[""disinfection process"", ""contamination"", ""chemical oxygen demand"", ""disinfector"", ""risk of infection"", ""design load""]"
graph_02,water_treatment_system,1,node_017,core_shuffled_graph,shuffle_15,control correction delay,Delay before treatment controls correct a quality problem.,disinfection_and_control,0,1,1,1,1,1,4,,pending,1,0.8543905231511647,19,0.05263157894736842,0,0,0,0.00042733657747450246,"[""disinfection process"", ""capacity utilization"", ""disinfection"", ""treatability"", ""change intensity"", ""capacity measure""]"
graph_02,water_treatment_system,1,node_001,core_shuffled_graph,shuffle_16,microbial load intensity,Intensity of microbial contamination in incoming water.,source_and_coagulation,1,0,0,1,2,1,4,,pending,0,0.5758015132951192,11,0.09090909090909091,0,0,0,0.00042733657747450246,"[""contamination"", ""inlet""]"
graph_02,water_treatment_system,1,node_009,core_shuffled_graph,shuffle_16,settling solids load,Load of poorly coagulated solids reaching the settling stage.,settling_and_filtration,0,1,2,1,1,1,4,,pending,0,0.7291238408698536,10,0.1,0,0,0,0.00042733657747450246,"[""overloads"", ""overloader"", ""overfulfil"", ""filtering""]"
graph_02,water_treatment_system,1,node_015,core_shuffled_graph,shuffle_16,disinfectant residual deficit,Deficit in protective disinfectant remaining after treatment.,disinfection_and_control,0,1,2,1,1,1,4,,pending,1,0.8965195124164156,7,0.14285714285714285,0,0,0,0.00042733657747450246,"[""filtration"", ""fluid filtration process"", ""resistance distance"", ""corrosion resistance"", ""filterability"", ""filtrating""]"
graph_02,water_treatment_system,1,node_017,core_shuffled_graph,shuffle_16,control correction delay,Delay before treatment controls correct a quality problem.,disinfection_and_control,0,1,1,1,1,1,4,,pending,1,0.8555861817488369,13,0.07692307692307693,0,0,0,0.00042733657747450246,"[""unreliability"", ""measurement error"", ""quality requirement"", ""total quality management"", ""semiconductor industry metrology""]"
graph_02,water_treatment_system,1,node_001,core_shuffled_graph,shuffle_17,microbial load intensity,Intensity of microbial contamination in incoming water.,source_and_coagulation,1,0,0,1,2,1,4,,pending,1,0.9174448424570096,6,0.16666666666666666,0,0,0,0.00042733657747450246,"[""disease severity"", ""disinfection process"", ""change intensity"", ""case-to-infection proportion"", ""theoretical oxygen demand"", ""viral load""]"
graph_02,water_treatment_system,1,node_009,core_shuffled_graph,shuffle_17,settling solids load,Load of poorly coagulated solids reaching the settling stage.,settling_and_filtration,0,1,2,1,1,1,4,,pending,0,0.8742698560131219,16,0.0625,0,0,0,0.00042733657747450246,"[""disease severity"", ""coagulability"", ""severity"", ""coagulometry"", ""disseminated intravascular coagulation"", ""impairments""]"
graph_02,water_treatment_system,1,node_015,core_shuffled_graph,shuffle_17,disinfectant residual deficit,Deficit in protective disinfectant remaining after treatment.,disinfection_and_control,0,1,2,1,1,1,4,,pending,0,0.921695670979716,6,0.16666666666666666,0,0,0,0.00042733657747450246,"[""disinfection process"", ""capacity utilization"", ""chemical oxygen demand"", ""disinfection"", ""viral load"", ""maximum permissible dose""]"
graph_02,water_treatment_system,1,node_017,core_shuffled_graph,shuffle_17,control correction delay,Delay before treatment controls correct a quality problem.,disinfection_and_control,0,1,1,1,1,1,4,,pending,1,0.8677024302465712,15,0.06666666666666667,0,0,0,0.00042733657747450246,"[""potential chemical threat"", ""dosing"", ""chemical oxygen demand"", ""shortages"", ""fouling"", ""shortage""]"
graph_02,water_treatment_system,1,node_001,core_shuffled_graph,shuffle_18,microbial load intensity,Intensity of microbial contamination in incoming water.,source_and_coagulation,1,0,0,1,2,1,4,,pending,0,0.7970177347463786,6,0.16666666666666666,0,0,0,0.00042733657747450246,"[""compliance"", ""risk of infection"", ""disinfection process"", ""product liability"", ""fail safe"", ""disassiduity""]"
graph_02,water_treatment_system,1,node_009,core_shuffled_graph,shuffle_18,settling solids load,Load of poorly coagulated solids reaching the settling stage.,settling_and_filtration,0,1,2,1,1,1,4,,pending,1,0.8866352491174998,14,0.07142857142857142,0,0,0,0.00042733657747450246,"[""risk of infection"", ""disinfection process"", ""change intensity"", ""compliances"", ""breakeven load factor"", ""intensity level""]"
graph_02,water_treatment_system,1,node_015,core_shuffled_graph,shuffle_18,disinfectant residual deficit,Deficit in protective disinfectant remaining after treatment.,disinfection_and_control,0,1,2,1,1,1,4,,pending,0,0.9104808950795172,5,0.2,0,1,0,0.00042733657747450246,"[""disinfection process"", ""chemical oxygen demand"", ""disinfection"", ""change intensity"", ""intensity level"", ""viral load""]"
graph_02,water_treatment_system,1,node_017,core_shuffled_graph,shuffle_18,control correction delay,Delay before treatment controls correct a quality problem.,disinfection_and_control,0,1,1,1,1,1,4,,pending,1,0.8964579278487341,3,0.3333333333333333,0,1,0,0.00042733657747450246,"[""distribution server"", ""distribution organization"", ""delay payment"", ""call delay"", ""propagation delay"", ""broadcast delay""]"
graph_02,water_treatment_system,1,node_001,core_shuffled_graph,shuffle_19,microbial load intensity,Intensity of microbial contamination in incoming water.,source_and_coagulation,1,0,0,1,2,1,4,,pending,0,0.9003415896456277,5,0.2,0,1,0,0.00042733657747450246,"[""disinfection process"", ""intensity level"", ""theoretical oxygen demand"", ""change intensity"", ""disinfection"", ""chemical oxygen demand""]"
graph_02,water_treatment_system,1,node_009,core_shuffled_graph,shuffle_19,settling solids load,Load of poorly coagulated solids reaching the settling stage.,settling_and_filtration,0,1,2,1,1,1,4,,pending,1,0.87971964004803,6,0.16666666666666666,0,0,0,0.00042733657747450246,"[""contamination"", ""inlet manifold"", ""tributary load"", ""inlet"", ""viral load"", ""dust contamination""]"
graph_02,water_treatment_system,1,node_015,core_shuffled_graph,shuffle_19,disinfectant residual deficit,Deficit in protective disinfectant remaining after treatment.,disinfection_and_control,0,1,2,1,1,1,4,,pending,0,0.8996079400067005,7,0.14285714285714285,0,0,0,0.00042733657747450246,"[""disease severity"", ""overloads"", ""diminished capacity"", ""severity"", ""filtration surgery"", ""coagulation factor""]"
graph_02,water_treatment_system,1,node_017,core_shuffled_graph,shuffle_19,control correction delay,Delay before treatment controls correct a quality problem.,disinfection_and_control,0,1,1,1,1,1,4,,pending,0,0.7538601565738877,19,0.05263157894736842,0,0,0,0.00042733657747450246,"[""disinfection process"", ""disease severity"", ""change intensity"", ""intensity level"", ""overexposure"", ""demand for identification""]"
graph_02,water_treatment_system,2,node_002,uniform,,chemical dosing shortage,Severity of insufficient treatment-chemical dosing capacity.,disinfection_and_control,1,0,0,1,2,1,5,,pending,0,0.9044200136298175,17,0.058823529411764705,0,0,0,0.00045516744807529727,"[""disease severity"", ""sedimentation rate"", ""turbidity current"", ""fluid filtration process"", ""performance degradation"", ""load factor""]"
graph_02,water_treatment_system,2,node_010,uniform,,filter overload severity,Severity of filter overload caused by fouling and excessive settling-solids load.,settling_and_filtration,0,1,2,1,1,1,4,,pending,0,0.9318120997019941,6,0.16666666666666666,0,0,0,0.00045516744807529727,"[""disease severity"", ""sedimentation rate"", ""turbidity current"", ""fluid filtration process"", ""performance degradation"", ""load factor""]"
graph_02,water_treatment_system,2,node_013,uniform,,residual turbidity risk,Risk that excessive turbidity remains after filtration.,compliance_and_service,0,1,1,1,2,1,2,,pending,0,0.9161769592044299,13,0.07692307692307693,0,0,0,0.00045516744807529727,"[""disease severity"", ""sedimentation rate"", ""turbidity current"", ""fluid filtration process"", ""performance degradation"", ""load factor""]"
graph_02,water_treatment_system,2,node_018,uniform,,compliance failure risk,Risk that delivered water violates quality requirements.,compliance_and_service,0,1,2,1,1,1,2,,pending,0,0.8994468534223738,19,0.05263157894736842,0,0,0,0.00045516744807529727,"[""disease severity"", ""sedimentation rate"", ""turbidity current"", ""fluid filtration process"", ""performance degradation"", ""load factor""]"
graph_02,water_treatment_system,2,node_002,raw_correlation,,chemical dosing shortage,Severity of insufficient treatment-chemical dosing capacity.,disinfection_and_control,1,0,0,1,2,1,5,,pending,1,0.9096159943016904,12,0.08333333333333333,0,0,0,0.00045516744807529727,"[""disease severity"", ""correction fluid"", ""sedimentation rate"", ""coagulability"", ""diminished responsibility"", ""impairments""]"
graph_02,water_treatment_system,2,node_010,raw_correlation,,filter overload severity,Severity of filter overload caused by fouling and excessive settling-solids load.,settling_and_filtration,0,1,2,1,1,1,4,,pending,1,0.9306846907851243,7,0.14285714285714285,0,0,0,0.00045516744807529727,"[""disease severity"", ""sedimentation rate"", ""fluid filtration process"", ""turbidity current"", ""treatability"", ""coefficient of absorption""]"
graph_02,water_treatment_system,2,node_013,raw_correlation,,residual turbidity risk,Risk that excessive turbidity remains after filtration.,compliance_and_service,0,1,1,1,2,1,2,,pending,1,0.9119789196947617,14,0.07142857142857142,0,0,0,0.00045516744807529727,"[""disease severity"", ""sedimentation rate"", ""treatability"", ""fluid filtration process"", ""turbidity current"", ""performance degradation""]"
graph_02,water_treatment_system,2,node_018,raw_correlation,,compliance failure risk,Risk that delivered water violates quality requirements.,compliance_and_service,0,1,2,1,1,1,2,,pending,1,0.8987361815390167,20,0.05,0,0,0,0.00045516744807529727,"[""disease severity"", ""disinfection process"", ""sedimentation rate"", ""treatability"", ""performance degradation"", ""diminished capacity""]"
graph_02,water_treatment_system,2,node_002,core_oracle_estimated_weights,,chemical dosing shortage,Severity of insufficient treatment-chemical dosing capacity.,disinfection_and_control,1,0,0,1,2,1,5,,pending,0,0.5375053569278909,9,0.1111111111111111,0,0,0,0.00045516744807529727,"[""diminished responsibility"", ""in deficit"", ""dropped head syndrome""]"
graph_02,water_treatment_system,2,node_010,core_oracle_estimated_weights,,filter overload severity,Severity of filter overload caused by fouling and excessive settling-solids load.,settling_and_filtration,0,1,2,1,1,1,4,,pending,0,0.8295697359273021,8,0.125,0,0,0,0.00045516744807529727,"[""filtration"", ""filtrates"", ""passive resistance"", ""corrosion resistance"", ""sedimentation rate"", ""bulk resistance""]"
graph_02,water_treatment_system,2,node_013,core_oracle_estimated_weights,,residual turbidity risk,Risk that excessive turbidity remains after filtration.,compliance_and_service,0,1,1,1,2,1,2,,pending,0,0.8346219397839051,16,0.0625,0,0,0,0.00045516744807529727,"[""disinfection process"", ""unformatted capacity"", ""capacity utilization rate"", ""treatability"", ""unreliability"", ""capacity utilization""]"
graph_02,water_treatment_system,2,node_018,core_oracle_estimated_weights,,compliance failure risk,Risk that delivered water violates quality requirements.,compliance_and_service,0,1,2,1,1,1,2,,pending,0,0.8693666255358181,14,0.07142857142857142,0,0,0,0.00045516744807529727,"[""propagation delay"", ""distribution cost"", ""call delay"", ""correction fluid"", ""delay differential equation"", ""disinfection process""]"
graph_02,water_treatment_system,2,node_002,core_oracle_true_weights,,chemical dosing shortage,Severity of insufficient treatment-chemical dosing capacity.,disinfection_and_control,1,0,0,1,2,1,5,,pending,0,0.5639552087233891,10,0.1,0,0,0,0.00045516744807529727,"[""diminished responsibility"", ""in deficit"", ""dropped head syndrome""]"
graph_02,water_treatment_system,2,node_010,core_oracle_true_weights,,filter overload severity,Severity of filter overload caused by fouling and excessive settling-solids load.,settling_and_filtration,0,1,2,1,1,1,4,,pending,1,0.910741738336115,5,0.2,0,1,0,0.00045516744807529727,"[""sedimentation rate"", ""filtration"", ""filtrating"", ""turbidity current"", ""bulk resistance"", ""fluid filtration process""]"
graph_02,water_treatment_system,2,node_013,core_oracle_true_weights,,residual turbidity risk,Risk that excessive turbidity remains after filtration.,compliance_and_service,0,1,1,1,2,1,2,,pending,0,0.8687042133416947,17,0.058823529411764705,0,0,0,0.00045516744807529727,"[""treatability"", ""capacity utilization rate"", ""disinfection process"", ""unformatted capacity"", ""capacity utilization"", ""filtration""]"
graph_02,water_treatment_system,2,node_018,core_oracle_true_weights,,compliance failure risk,Risk that delivered water violates quality requirements.,compliance_and_service,0,1,2,1,1,1,2,,pending,0,0.8788680688164807,18,0.05555555555555555,0,0,0,0.00045516744807529727,"[""correction fluid"", ""propagation delay"", ""disinfection process"", ""call delay"", ""delay differential equation"", ""delayment""]"
graph_02,water_treatment_system,2,node_002,core_reversed_graph,,chemical dosing shortage,Severity of insufficient treatment-chemical dosing capacity.,disinfection_and_control,1,0,0,1,2,1,5,,pending,0,0.877312424386556,8,0.125,0,0,0,0.00045516744807529727,"[""disease severity"", ""oxygen deficit"", ""in deficit"", ""disseminated intravascular coagulation"", ""diminished responsibility"", ""coagulation factor""]"
graph_02,water_treatment_system,2,node_010,core_reversed_graph,,filter overload severity,Severity of filter overload caused by fouling and excessive settling-solids load.,settling_and_filtration,0,1,2,1,1,1,4,,pending,1,0.9273768325877634,4,0.25,0,1,0,0.00045516744807529727,"[""sedimentation rate"", ""disease severity"", ""fluid filtration process"", ""filter placement"", ""filtrating"", ""filtration""]"
graph_02,water_treatment_system,2,node_013,core_reversed_graph,,residual turbidity risk,Risk that excessive turbidity remains after filtration.,compliance_and_service,0,1,1,1,2,1,2,,pending,1,0.8824918405381225,15,0.06666666666666667,0,0,0,0.00045516744807529727,"[""treatability"", ""disinfection process"", ""capacity measure"", ""unformatted capacity"", ""disease severity"", ""capacity utilization""]"
graph_02,water_treatment_system,2,node_018,core_reversed_graph,,compliance failure risk,Risk that delivered water violates quality requirements.,compliance_and_service,0,1,2,1,1,1,2,,pending,0,0.8637691167818025,16,0.0625,0,0,0,0.00045516744807529727,"[""propagation delay"", ""delayment"", ""disinfection process"", ""distribution server"", ""distribution cost"", ""diminished responsibility""]"
graph_02,water_treatment_system,2,node_002,core_shuffled_graph,shuffle_00,chemical dosing shortage,Severity of insufficient treatment-chemical dosing capacity.,disinfection_and_control,1,0,0,1,2,1,5,,pending,1,0.639196961792612,3,0.3333333333333333,0,1,0,0.00045516744807529727,"[""propagation delay"", ""distribution network"", ""distribution organization"", ""distribution channel"", ""distribution server"", ""delaying agent""]"
graph_02,water_treatment_system,2,node_010,core_shuffled_graph,shuffle_00,filter overload severity,Severity of filter overload caused by fouling and excessive settling-solids load.,settling_and_filtration,0,1,2,1,1,1,4,,pending,0,0.8966437810692007,8,0.125,0,0,0,0.00045516744807529727,"[""disinfection process"", ""distribution cost"", ""chemical oxygen demand"", ""domestic demand"", ""filtration"", ""change intensity""]"
graph_02,water_treatment_system,2,node_013,core_shuffled_graph,shuffle_00,residual turbidity risk,Risk that excessive turbidity remains after filtration.,compliance_and_service,0,1,1,1,2,1,2,,pending,0,0.8743475422102204,12,0.08333333333333333,0,0,0,0.00045516744807529727,"[""sedimentation rate"", ""sewage treatment"", ""settlings"", ""capacity utilization"", ""carbohydrate loading"", ""settle matter""]"
graph_02,water_treatment_system,2,node_018,core_shuffled_graph,shuffle_00,compliance failure risk,Risk that delivered water violates quality requirements.,compliance_and_service,0,1,2,1,1,1,2,,pending,0,0.7094226881479663,16,0.0625,0,0,0,0.00045516744807529727,"[""settlings"", ""sedimentation rate"", ""settling"", ""solids"", ""sea load""]"
graph_02,water_treatment_system,2,node_002,core_shuffled_graph,shuffle_01,chemical dosing shortage,Severity of insufficient treatment-chemical dosing capacity.,disinfection_and_control,1,0,0,1,2,1,5,,pending,0,0.823940565894666,6,0.16666666666666666,0,0,0,0.00045516744807529727,"[""control condition"", ""delay"", ""call delay"", ""correction fluid"", ""correction factor"", ""delayers""]"
graph_02,water_treatment_system,2,node_010,core_shuffled_graph,shuffle_01,filter overload severity,Severity of filter overload caused by fouling and excessive settling-solids load.,settling_and_filtration,0,1,2,1,1,1,4,,pending,1,0.9059425630294795,2,0.5,0,1,0,0.00045516744807529727,"[""fouling"", ""filter feeder"", ""filter placement"", ""filterability"", ""filter tipped"", ""sedimentation rate""]"
graph_02,water_treatment_system,2,node_013,core_shuffled_graph,shuffle_01,residual turbidity risk,Risk that excessive turbidity remains after filtration.,compliance_and_service,0,1,1,1,2,1,2,,pending,0,0.36326579052843994,16,0.0625,0,0,0,0.00045516744807529727,"[""disinfector""]"
graph_02,water_treatment_system,2,node_018,core_shuffled_graph,shuffle_01,compliance failure risk,Risk that delivered water violates quality requirements.,compliance_and_service,0,1,2,1,1,1,2,,pending,0,0.8450505291668573,17,0.058823529411764705,0,0,0,0.00045516744807529727,"[""fouling"", ""disinfection process"", ""filter placement"", ""disease severity"", ""sedimentation rate"", ""load water line""]"
graph_02,water_treatment_system,2,node_002,core_shuffled_graph,shuffle_02,chemical dosing shortage,Severity of insufficient treatment-chemical dosing capacity.,disinfection_and_control,1,0,0,1,2,1,5,,pending,1,0.844328635740443,4,0.25,0,1,0,0.00045516744807529727,"[""correction fluid"", ""error correction"", ""residual stress"", ""delay slot"", ""diminished responsibility"", ""performance degradation""]"
graph_02,water_treatment_system,2,node_010,core_shuffled_graph,shuffle_02,filter overload severity,Severity of filter overload caused by fouling and excessive settling-solids load.,settling_and_filtration,0,1,2,1,1,1,4,,pending,1,0.862088613269724,11,0.09090909090909091,0,0,0,0.00045516744807529727,"[""sedimentation rate"", ""settlings"", ""solids"", ""load water line"", ""tributary load"", ""environmental sanitation""]"
graph_02,water_treatment_system,2,node_013,core_shuffled_graph,shuffle_02,residual turbidity risk,Risk that excessive turbidity remains after filtration.,compliance_and_service,0,1,1,1,2,1,2,,pending,1,0.9008800430967111,6,0.16666666666666666,0,0,0,0.00045516744807529727,"[""disinfection process"", ""disinfectants"", ""diminished capacity"", ""residual volume"", ""oxygen deficit"", ""residual risk""]"
graph_02,water_treatment_system,2,node_018,core_shuffled_graph,shuffle_02,compliance failure risk,Risk that delivered water violates quality requirements.,compliance_and_service,0,1,2,1,1,1,2,,pending,1,0.8735603885218209,12,0.08333333333333333,0,0,0,0.00045516744807529727,"[""filtration"", ""resistance distance"", ""resistance thermometer"", ""unreliability"", ""corrosion resistance"", ""ohmic resistance""]"
graph_02,water_treatment_system,2,node_002,core_shuffled_graph,shuffle_03,chemical dosing shortage,Severity of insufficient treatment-chemical dosing capacity.,disinfection_and_control,1,0,0,1,2,1,5,,pending,0,0.69631030596537,13,0.07692307692307693,0,0,0,0.00045516744807529727,"[""settling"", ""residual clay"", ""diminished responsibility"", ""residual"", ""correcting fluid"", ""settlings""]"
graph_02,water_treatment_system,2,node_010,core_shuffled_graph,shuffle_03,filter overload severity,Severity of filter overload caused by fouling and excessive settling-solids load.,settling_and_filtration,0,1,2,1,1,1,4,,pending,0,0.6496025009395909,10,0.1,0,0,0,0.00045516744807529727,"[""summary treatment"", ""reduced circumstances"", ""diminished capacity"", ""reduction in force""]"
graph_02,water_treatment_system,2,node_013,core_shuffled_graph,shuffle_03,residual turbidity risk,Risk that excessive turbidity remains after filtration.,compliance_and_service,0,1,1,1,2,1,2,,pending,0,-0.42173381490791795,18,0.05555555555555555,0,0,0,0.00045516744807529727,"[""low drift meter""]"
graph_02,water_treatment_system,2,node_018,core_shuffled_graph,shuffle_03,compliance failure risk,Risk that delivered water violates quality requirements.,compliance_and_service,0,1,2,1,1,1,2,,pending,0,0.8605991973445022,18,0.05555555555555555,0,0,0,0.00045516744807529727,"[""residual volume"", ""disinfectants"", ""disinfectant"", ""disinfection process"", ""olfactory impairment"", ""recall dose""]"
graph_02,water_treatment_system,2,node_002,core_shuffled_graph,shuffle_04,chemical dosing shortage,Severity of insufficient treatment-chemical dosing capacity.,disinfection_and_control,1,0,0,1,2,1,5,,pending,0,0.8399135666262189,12,0.08333333333333333,0,0,0,0.00045516744807529727,"[""disease severity"", ""coagulopathy"", ""coagulation factor"", ""severity"", ""oxygen deficit"", ""anticoagulant complication""]"
graph_02,water_treatment_system,2,node_010,core_shuffled_graph,shuffle_04,filter overload severity,Severity of filter overload caused by fouling and excessive settling-solids load.,settling_and_filtration,0,1,2,1,1,1,4,,pending,1,0.9181761816544339,4,0.25,0,1,0,0.00045516744807529727,"[""filtration"", ""resistance distance"", ""fluid filtration process"", ""turbidity current"", ""ohmic resistance"", ""correction factor""]"
graph_02,water_treatment_system,2,node_013,core_shuffled_graph,shuffle_04,residual turbidity risk,Risk that excessive turbidity remains after filtration.,compliance_and_service,0,1,1,1,2,1,2,,pending,1,0.9090891621133482,8,0.125,0,0,0,0.00045516744807529727,"[""sedimentation rate"", ""turbidity current"", ""filtration"", ""fluid filtration process"", ""passive resistance"", ""correction factor""]"
graph_02,water_treatment_system,2,node_018,core_shuffled_graph,shuffle_04,compliance failure risk,Risk that delivered water violates quality requirements.,compliance_and_service,0,1,2,1,1,1,2,,pending,0,0.8452652095322082,9,0.1111111111111111,0,0,0,0.00045516744807529727,"[""delay slot"", ""control order"", ""control engineering"", ""correction factor"", ""call delay"", ""error correction""]"
graph_02,water_treatment_system,2,node_002,core_shuffled_graph,shuffle_05,chemical dosing shortage,Severity of insufficient treatment-chemical dosing capacity.,disinfection_and_control,1,0,0,1,2,1,5,,pending,1,0.8107481790845807,7,0.14285714285714285,0,0,0,0.00045516744807529727,"[""correction fluid"", ""correcting fluid"", ""cleanup position"", ""delay slot"", ""cache poisoning fault"", ""dust contamination""]"
graph_02,water_treatment_system,2,node_010,core_shuffled_graph,shuffle_05,filter overload severity,Severity of filter overload caused by fouling and excessive settling-solids load.,settling_and_filtration,0,1,2,1,1,1,4,,pending,1,0.9335914813353362,3,0.3333333333333333,0,1,0,0.00045516744807529727,"[""contamination"", ""sedimentation rate"", ""filter placement"", ""turbidity current"", ""filter tipped"", ""fluid filtration process""]"
graph_02,water_treatment_system,2,node_013,core_shuffled_graph,shuffle_05,residual turbidity risk,Risk that excessive turbidity remains after filtration.,compliance_and_service,0,1,1,1,2,1,2,,pending,0,0.8770339961415354,14,0.07142857142857142,0,0,0,0.00045516744807529727,"[""filtration"", ""passive resistance"", ""ohmic resistance"", ""fluid filtration process"", ""filtrates"", ""bulk resistance""]"
graph_02,water_treatment_system,2,node_018,core_shuffled_graph,shuffle_05,compliance failure risk,Risk that delivered water violates quality requirements.,compliance_and_service,0,1,2,1,1,1,2,,pending,0,0.8693723877462844,16,0.0625,0,0,0,0.00045516744807529727,"[""filtration"", ""passive resistance"", ""ohmic resistance"", ""sedimentation rate"", ""fluid filtration process"", ""rolling resistance""]"
graph_02,water_treatment_system,2,node_002,core_shuffled_graph,shuffle_06,chemical dosing shortage,Severity of insufficient treatment-chemical dosing capacity.,disinfection_and_control,1,0,0,1,2,1,5,,pending,1,0.8738655690878976,6,0.16666666666666666,0,0,0,0.00045516744807529727,"[""correction fluid"", ""diminished responsibility"", ""disease severity"", ""impairments"", ""error correction"", ""delayment""]"
graph_02,water_treatment_system,2,node_010,core_shuffled_graph,shuffle_06,filter overload severity,Severity of filter overload caused by fouling and excessive settling-solids load.,settling_and_filtration,0,1,2,1,1,1,4,,pending,0,0.8587208576512578,7,0.14285714285714285,0,0,0,0.00045516744807529727,"[""capacity measure"", ""unformatted capacity"", ""reduction in production"", ""treatability"", ""reduction in force"", ""lenient treatment""]"
graph_02,water_treatment_system,2,node_013,core_shuffled_graph,shuffle_06,residual turbidity risk,Risk that excessive turbidity remains after filtration.,compliance_and_service,0,1,1,1,2,1,2,,pending,0,0.7918641779004401,16,0.0625,0,0,0,0.00045516744807529727,"[""unreliability"", ""measurement error"", ""quality requirement"", ""semiconductor industry metrology"", ""dishwashing detergent"", ""time-delay measuring system""]"
graph_02,water_treatment_system,2,node_018,core_shuffled_graph,shuffle_06,compliance failure risk,Risk that delivered water violates quality requirements.,compliance_and_service,0,1,2,1,1,1,2,,pending,0,0.8757169500024334,18,0.05555555555555555,0,0,0,0.00045516744807529727,"[""unreliability"", ""disinfection process"", ""disease severity"", ""measurement error"", ""quality requirement"", ""intensity level""]"
graph_02,water_treatment_system,2,node_002,core_shuffled_graph,shuffle_07,chemical dosing shortage,Severity of insufficient treatment-chemical dosing capacity.,disinfection_and_control,1,0,0,1,2,1,5,,pending,0,0.6525334511646019,18,0.05555555555555555,0,0,0,0.00045516744807529727,"[""radiation resistance"", ""filtration surgery"", ""drug resistance"", ""ohmic resistance"", ""passive resistance""]"
graph_02,water_treatment_system,2,node_010,core_shuffled_graph,shuffle_07,filter overload severity,Severity of filter overload caused by fouling and excessive settling-solids load.,settling_and_filtration,0,1,2,1,1,1,4,,pending,0,0.7625083233101526,9,0.1111111111111111,0,0,0,0.00045516744807529727,"[""unreliability"", ""measurement error""]"
graph_02,water_treatment_system,2,node_013,core_shuffled_graph,shuffle_07,residual turbidity risk,Risk that excessive turbidity remains after filtration.,compliance_and_service,0,1,1,1,2,1,2,,pending,1,0.8968283997589049,7,0.14285714285714285,0,0,0,0.00045516744807529727,"[""sedimentation rate"", ""sewage treatment"", ""turbidity current"", ""dust contamination"", ""settlings"", ""cleanup position""]"
graph_02,water_treatment_system,2,node_018,core_shuffled_graph,shuffle_07,compliance failure risk,Risk that delivered water violates quality requirements.,compliance_and_service,0,1,2,1,1,1,2,,pending,0,0.7994905177380975,5,0.2,0,1,0,0.00045516744807529727,"[""unreliability"", ""measurement error""]"
graph_02,water_treatment_system,2,node_002,core_shuffled_graph,shuffle_08,chemical dosing shortage,Severity of insufficient treatment-chemical dosing capacity.,disinfection_and_control,1,0,0,1,2,1,5,,pending,0,0.5961689691998883,17,0.058823529411764705,0,0,0,0.00045516744807529727,"[""bioload"", ""viral load"", ""microbial"", ""magnetic intensity"", ""microbacterial"", ""field intensity""]"
graph_02,water_treatment_system,2,node_010,core_shuffled_graph,shuffle_08,filter overload severity,Severity of filter overload caused by fouling and excessive settling-solids load.,settling_and_filtration,0,1,2,1,1,1,4,,pending,0,0.7918358377330078,12,0.08333333333333333,0,0,0,0.00045516744807529727,"[""distribution server"", ""propagation delay"", ""delays"", ""call delay"", ""distribution cost"", ""distribution organization""]"
graph_02,water_treatment_system,2,node_013,core_shuffled_graph,shuffle_08,residual turbidity risk,Risk that excessive turbidity remains after filtration.,compliance_and_service,0,1,1,1,2,1,2,,pending,0,0.8283515306498862,18,0.05555555555555555,0,0,0,0.00045516744807529727,"[""coagulability"", ""chemical oxygen demand"", ""intensity level"", ""coagulant"", ""demand feeding"", ""field intensity""]"
graph_02,water_treatment_system,2,node_018,core_shuffled_graph,shuffle_08,compliance failure risk,Risk that delivered water violates quality requirements.,compliance_and_service,0,1,2,1,1,1,2,,pending,1,0.8401097175798341,8,0.125,0,0,0,0.00045516744807529727,"[""unreliability"", ""measurement error""]"
graph_02,water_treatment_system,2,node_002,core_shuffled_graph,shuffle_09,chemical dosing shortage,Severity of insufficient treatment-chemical dosing capacity.,disinfection_and_control,1,0,0,1,2,1,5,,pending,0,0.8820629327100251,8,0.125,0,0,0,0.00045516744807529727,"[""disease severity"", ""anticoagulant complication"", ""coagulopathy"", ""structural deficit"", ""coagulation factor"", ""oxygen deficit""]"
graph_02,water_treatment_system,2,node_010,core_shuffled_graph,shuffle_09,filter overload severity,Severity of filter overload caused by fouling and excessive settling-solids load.,settling_and_filtration,0,1,2,1,1,1,4,,pending,0,0.8469529244387027,8,0.125,0,0,0,0.00045516744807529727,"[""distribution server"", ""distribution cost"", ""distribution organization"", ""propagation delay"", ""call delay"", ""delays""]"
graph_02,water_treatment_system,2,node_013,core_shuffled_graph,shuffle_09,residual turbidity risk,Risk that excessive turbidity remains after filtration.,compliance_and_service,0,1,1,1,2,1,2,,pending,0,0.3690529714453593,12,0.08333333333333333,0,0,0,0.00045516744807529727,"[""distribution server"", ""distribution organization""]"
graph_02,water_treatment_system,2,node_018,core_shuffled_graph,shuffle_09,compliance failure risk,Risk that delivered water violates quality requirements.,compliance_and_service,0,1,2,1,1,1,2,,pending,0,0.8619235651996942,9,0.1111111111111111,0,0,0,0.00045516744807529727,"[""distribution server"", ""distribution cost"", ""distribution organization"", ""service cutback"", ""propagation delay"", ""call delay""]"
graph_02,water_treatment_system,2,node_002,core_shuffled_graph,shuffle_10,chemical dosing shortage,Severity of insufficient treatment-chemical dosing capacity.,disinfection_and_control,1,0,0,1,2,1,5,,pending,0,0.8030491678077992,5,0.2,0,1,0,0.00045516744807529727,"[""diminished responsibility"", ""in deficit"", ""structural deficit"", ""disappearing disease"", ""oxygen deficit"", ""missings""]"
graph_02,water_treatment_system,2,node_010,core_shuffled_graph,shuffle_10,filter overload severity,Severity of filter overload caused by fouling and excessive settling-solids load.,settling_and_filtration,0,1,2,1,1,1,4,,pending,1,0.9045759387106115,4,0.25,0,1,0,0.00045516744807529727,"[""filtration"", ""passive resistance"", ""ohmic resistance"", ""resistance distance"", ""bulk resistance"", ""filtrates""]"
graph_02,water_treatment_system,2,node_013,core_shuffled_graph,shuffle_10,residual turbidity risk,Risk that excessive turbidity remains after filtration.,compliance_and_service,0,1,1,1,2,1,2,,pending,0,0.8704630102723865,9,0.1111111111111111,0,0,0,0.00045516744807529727,"[""diminished capacity"", ""disinfection process"", ""treatability"", ""reduction in production"", ""unformatted capacity"", ""adjunct treatment""]"
graph_02,water_treatment_system,2,node_018,core_shuffled_graph,shuffle_10,compliance failure risk,Risk that delivered water violates quality requirements.,compliance_and_service,0,1,2,1,1,1,2,,pending,1,0.8518514405045928,17,0.058823529411764705,0,0,0,0.00045516744807529727,"[""disinfectants"", ""disinfection process"", ""diminished capacity"", ""structural deficit"", ""residual risk"", ""residual volume""]"
graph_02,water_treatment_system,2,node_002,core_shuffled_graph,shuffle_11,chemical dosing shortage,Severity of insufficient treatment-chemical dosing capacity.,disinfection_and_control,1,0,0,1,2,1,5,,pending,0,0.8337350254130015,15,0.06666666666666667,0,0,0,0.00045516744807529727,"[""disease severity"", ""diminished responsibility"", ""blood coagulation"", ""erythrocyte sedimentation rate"", ""nature deficit disorder"", ""coagulation factor""]"
graph_02,water_treatment_system,2,node_010,core_shuffled_graph,shuffle_11,filter overload severity,Severity of filter overload caused by fouling and excessive settling-solids load.,settling_and_filtration,0,1,2,1,1,1,4,,pending,0,0.885187581641268,10,0.1,0,0,0,0.00045516744807529727,"[""distribution cost"", ""propagation delay"", ""service cutback"", ""distribution server"", ""diminished capacity"", ""distribution organization""]"
graph_02,water_treatment_system,2,node_013,core_shuffled_graph,shuffle_11,residual turbidity risk,Risk that excessive turbidity remains after filtration.,compliance_and_service,0,1,1,1,2,1,2,,pending,1,0.8752467767449437,17,0.058823529411764705,0,0,0,0.00045516744807529727,"[""disinfection process"", ""unreliability"", ""demand characteristic"", ""measurement error"", ""capacity measure"", ""intensity level""]"
graph_02,water_treatment_system,2,node_018,core_shuffled_graph,shuffle_11,compliance failure risk,Risk that delivered water violates quality requirements.,compliance_and_service,0,1,2,1,1,1,2,,pending,1,0.8912699812400722,16,0.0625,0,0,0,0.00045516744807529727,"[""unreliability"", ""distribution cost"", ""unformatted capacity"", ""treatability"", ""quality of service"", ""propagation delay""]"
graph_02,water_treatment_system,2,node_002,core_shuffled_graph,shuffle_12,chemical dosing shortage,Severity of insufficient treatment-chemical dosing capacity.,disinfection_and_control,1,0,0,1,2,1,5,,pending,0,0.5504291140218663,17,0.058823529411764705,0,0,0,0.00045516744807529727,"[""unreliability"", ""measurement error""]"
graph_02,water_treatment_system,2,node_010,core_shuffled_graph,shuffle_12,filter overload severity,Severity of filter overload caused by fouling and excessive settling-solids load.,settling_and_filtration,0,1,2,1,1,1,4,,pending,1,0.9029598059666404,4,0.25,0,1,0,0.00045516744807529727,"[""coagulability"", ""coagulation factor"", ""disease severity"", ""demand feeding"", ""coagulometry"", ""coagulatory""]"
graph_02,water_treatment_system,2,node_013,core_shuffled_graph,shuffle_12,residual turbidity risk,Risk that excessive turbidity remains after filtration.,compliance_and_service,0,1,1,1,2,1,2,,pending,1,0.8773405524494149,11,0.09090909090909091,0,0,0,0.00045516744807529727,"[""filtration"", ""capacity utilization rate"", ""drug resistance"", ""least resistance"", ""capacity utilization"", ""radiation resistance""]"
graph_02,water_treatment_system,2,node_018,core_shuffled_graph,shuffle_12,compliance failure risk,Risk that delivered water violates quality requirements.,compliance_and_service,0,1,2,1,1,1,2,,pending,0,0.8684536984503807,19,0.05263157894736842,0,0,0,0.00045516744807529727,"[""disinfection process"", ""chemical oxygen demand"", ""correction factor"", ""control order"", ""delay slot"", ""change intensity""]"
graph_02,water_treatment_system,2,node_002,core_shuffled_graph,shuffle_13,chemical dosing shortage,Severity of insufficient treatment-chemical dosing capacity.,disinfection_and_control,1,0,0,1,2,1,5,,pending,0,0.46501774578793065,11,0.09090909090909091,0,0,0,0.00045516744807529727,"[""diminished responsibility"", ""anticoagulant complication"", ""oxygen deficit"", ""disease severity""]"
graph_02,water_treatment_system,2,node_010,core_shuffled_graph,shuffle_13,filter overload severity,Severity of filter overload caused by fouling and excessive settling-solids load.,settling_and_filtration,0,1,2,1,1,1,4,,pending,1,0.8480005810049651,11,0.09090909090909091,0,0,0,0.00045516744807529727,"[""sedimentation rate"", ""solids"", ""settling"", ""settlings"", ""static load"", ""tributary load""]"
graph_02,water_treatment_system,2,node_013,core_shuffled_graph,shuffle_13,residual turbidity risk,Risk that excessive turbidity remains after filtration.,compliance_and_service,0,1,1,1,2,1,2,,pending,0,0.3716617457322738,8,0.125,0,0,0,0.00045516744807529727,"[""disease severity""]"
graph_02,water_treatment_system,2,node_018,core_shuffled_graph,shuffle_13,compliance failure risk,Risk that delivered water violates quality requirements.,compliance_and_service,0,1,2,1,1,1,2,,pending,0,0.8788295759002887,10,0.1,0,0,0,0.00045516744807529727,"[""correction factor"", ""error correction"", ""delay slot"", ""call delay"", ""feedback control"", ""control engineering""]"
graph_02,water_treatment_system,2,node_002,core_shuffled_graph,shuffle_14,chemical dosing shortage,Severity of insufficient treatment-chemical dosing capacity.,disinfection_and_control,1,0,0,1,2,1,5,,pending,0,0.5571522131926379,8,0.125,0,0,0,0.00045516744807529727,"[""delays"", ""distribution server"", ""distribution organization""]"
graph_02,water_treatment_system,2,node_010,core_shuffled_graph,shuffle_14,filter overload severity,Severity of filter overload caused by fouling and excessive settling-solids load.,settling_and_filtration,0,1,2,1,1,1,4,,pending,1,0.8925201818221242,8,0.125,0,0,0,0.00045516744807529727,"[""filtration"", ""capacity utilization rate"", ""capacity utilization"", ""drug resistance"", ""bulk resistance"", ""passive resistance""]"
graph_02,water_treatment_system,2,node_013,core_shuffled_graph,shuffle_14,residual turbidity risk,Risk that excessive turbidity remains after filtration.,compliance_and_service,0,1,1,1,2,1,2,,pending,0,0.6682068232240717,11,0.09090909090909091,0,0,0,0.00045516744807529727,"[""control operation"", ""delay slot"", ""controlling transporter"", ""control order""]"
graph_02,water_treatment_system,2,node_018,core_shuffled_graph,shuffle_14,compliance failure risk,Risk that delivered water violates quality requirements.,compliance_and_service,0,1,2,1,1,1,2,,pending,0,0.8524873403773994,15,0.06666666666666667,0,0,0,0.00045516744807529727,"[""disease severity"", ""viral load"", ""sedimentation rate"", ""bioload"", ""unit load"", ""microbial""]"
graph_02,water_treatment_system,2,node_002,core_shuffled_graph,shuffle_15,chemical dosing shortage,Severity of insufficient treatment-chemical dosing capacity.,disinfection_and_control,1,0,0,1,2,1,5,,pending,1,0.7831813364179777,4,0.25,0,1,0,0.00045516744807529727,"[""distribution server"", ""delays"", ""call delay"", ""propagation delay"", ""distribution organization"", ""delay payment""]"
graph_02,water_treatment_system,2,node_010,core_shuffled_graph,shuffle_15,filter overload severity,Severity of filter overload caused by fouling and excessive settling-solids load.,settling_and_filtration,0,1,2,1,1,1,4,,pending,1,0.7889177119957471,14,0.07142857142857142,0,0,0,0.00045516744807529727,"[""distribution server"", ""call delay"", ""delays"", ""distribution organization"", ""propagation delay"", ""distribution cost""]"
graph_02,water_treatment_system,2,node_013,core_shuffled_graph,shuffle_15,residual turbidity risk,Risk that excessive turbidity remains after filtration.,compliance_and_service,0,1,1,1,2,1,2,,pending,0,0.7439683622871401,15,0.06666666666666667,0,0,0,0.00045516744807529727,"[""unreliability"", ""measurement error""]"
graph_02,water_treatment_system,2,node_018,core_shuffled_graph,shuffle_15,compliance failure risk,Risk that delivered water violates quality requirements.,compliance_and_service,0,1,2,1,1,1,2,,pending,0,0.8797564752929357,16,0.0625,0,0,0,0.00045516744807529727,"[""disease severity"", ""correction fluid"", ""severity"", ""turbidity current"", ""diminished capacity"", ""coagulation factor""]"
graph_02,water_treatment_system,2,node_002,core_shuffled_graph,shuffle_16,chemical dosing shortage,Severity of insufficient treatment-chemical dosing capacity.,disinfection_and_control,1,0,0,1,2,1,5,,pending,0,0.7507754036062706,20,0.05,0,0,0,0.00045516744807529727,"[""turbidity"", ""turbidity current"", ""severity""]"
graph_02,water_treatment_system,2,node_010,core_shuffled_graph,shuffle_16,filter overload severity,Severity of filter overload caused by fouling and excessive settling-solids load.,settling_and_filtration,0,1,2,1,1,1,4,,pending,1,0.8647793490631562,9,0.1111111111111111,0,0,0,0.00045516744807529727,"[""sedimentation rate"", ""settlings"", ""environmental sanitation"", ""unit load"", ""cubic capacity"", ""viral load""]"
graph_02,water_treatment_system,2,node_013,core_shuffled_graph,shuffle_16,residual turbidity risk,Risk that excessive turbidity remains after filtration.,compliance_and_service,0,1,1,1,2,1,2,,pending,0,0.8599373909740201,13,0.07692307692307693,0,0,0,0.00045516744807529727,"[""disinfection process"", ""capacity utilization"", ""viral load"", ""treatability"", ""capacity utilization rate"", ""environmental sanitation""]"
graph_02,water_treatment_system,2,node_018,core_shuffled_graph,shuffle_16,compliance failure risk,Risk that delivered water violates quality requirements.,compliance_and_service,0,1,2,1,1,1,2,,pending,1,0.8311753328274395,18,0.05555555555555555,0,0,0,0.00045516744807529727,"[""viral load"", ""settlings"", ""sedimentation rate"", ""carbohydrate loading"", ""sewage treatment"", ""unit load""]"
graph_02,water_treatment_system,2,node_002,core_shuffled_graph,shuffle_17,chemical dosing shortage,Severity of insufficient treatment-chemical dosing capacity.,disinfection_and_control,1,0,0,1,2,1,5,,pending,0,0.6395673912762376,13,0.07692307692307693,0,0,0,0.00045516744807529727,"[""control gene"", ""control circuit"", ""filtration"", ""resistance"", ""feedback control"", ""radiation resistance""]"
graph_02,water_treatment_system,2,node_010,core_shuffled_graph,shuffle_17,filter overload severity,Severity of filter overload caused by fouling and excessive settling-solids load.,settling_and_filtration,0,1,2,1,1,1,4,,pending,0,0.8953479905474135,8,0.125,0,0,0,0.00045516744807529727,"[""disinfection process"", ""chemical oxygen demand"", ""intensity level"", ""change intensity"", ""demand characteristic"", ""demand valve""]"
graph_02,water_treatment_system,2,node_013,core_shuffled_graph,shuffle_17,residual turbidity risk,Risk that excessive turbidity remains after filtration.,compliance_and_service,0,1,1,1,2,1,2,,pending,0,0.7993512399763616,16,0.0625,0,0,0,0.00045516744807529727,"[""disease severity"", ""coagulopathy"", ""severity"", ""blood coagulation"", ""disseminated intravascular coagulation""]"
graph_02,water_treatment_system,2,node_018,core_shuffled_graph,shuffle_17,compliance failure risk,Risk that delivered water violates quality requirements.,compliance_and_service,0,1,2,1,1,1,2,,pending,0,0.7302252556440332,11,0.09090909090909091,0,0,0,0.00045516744807529727,"[""disinfection process"", ""control order"", ""delay position"", ""delay"", ""time delay"", ""control engineering""]"
graph_02,water_treatment_system,2,node_002,core_shuffled_graph,shuffle_18,chemical dosing shortage,Severity of insufficient treatment-chemical dosing capacity.,disinfection_and_control,1,0,0,1,2,1,5,,pending,1,0.859159426716725,4,0.25,0,1,0,0.00045516744807529727,"[""distribution server"", ""distribution organization"", ""distribution cost"", ""propagation delay"", ""call delay"", ""length of service""]"
graph_02,water_treatment_system,2,node_010,core_shuffled_graph,shuffle_18,filter overload severity,Severity of filter overload caused by fouling and excessive settling-solids load.,settling_and_filtration,0,1,2,1,1,1,4,,pending,0,0.8949046922203769,4,0.25,0,1,0,0.00045516744807529727,"[""filtration"", ""resistance distance"", ""passive resistance"", ""rolling resistance"", ""ohmic resistance"", ""run resistant""]"
graph_02,water_treatment_system,2,node_013,core_shuffled_graph,shuffle_18,residual turbidity risk,Risk that excessive turbidity remains after filtration.,compliance_and_service,0,1,1,1,2,1,2,,pending,0,0.8656622565785081,15,0.06666666666666667,0,0,0,0.00045516744807529727,"[""disinfection process"", ""distribution cost"", ""disease severity"", ""service level"", ""length of service"", ""demand feeding""]"
graph_02,water_treatment_system,2,node_018,core_shuffled_graph,shuffle_18,compliance failure risk,Risk that delivered water violates quality requirements.,compliance_and_service,0,1,2,1,1,1,2,,pending,0,0.8620417350794077,18,0.05555555555555555,0,0,0,0.00045516744807529727,"[""sedimentation rate"", ""disease severity"", ""viral load"", ""environmental sanitation"", ""unit load"", ""cleanup position""]"
graph_02,water_treatment_system,2,node_002,core_shuffled_graph,shuffle_19,chemical dosing shortage,Severity of insufficient treatment-chemical dosing capacity.,disinfection_and_control,1,0,0,1,2,1,5,,pending,0,0.7992709387462107,13,0.07692307692307693,0,0,0,0.00045516744807529727,"[""disinfectant"", ""turbidity current"", ""disinfection process"", ""turbidity"", ""residual volume"", ""source of infection""]"
graph_02,water_treatment_system,2,node_010,core_shuffled_graph,shuffle_19,filter overload severity,Severity of filter overload caused by fouling and excessive settling-solids load.,settling_and_filtration,0,1,2,1,1,1,4,,pending,1,0.8787078103238173,12,0.08333333333333333,0,0,0,0.00045516744807529727,"[""turbidity current"", ""disinfection process"", ""residual volume"", ""disinfectant"", ""residual air"", ""correction fluid""]"
graph_02,water_treatment_system,2,node_013,core_shuffled_graph,shuffle_19,residual turbidity risk,Risk that excessive turbidity remains after filtration.,compliance_and_service,0,1,1,1,2,1,2,,pending,0,0.6784406369098858,19,0.05263157894736842,0,0,0,0.00045516744807529727,"[""coagulopathy"", ""blood coagulation"", ""disease severity"", ""coagulation factor"", ""fibrinohemorrhagic"", ""oxygen deficit""]"
graph_02,water_treatment_system,2,node_018,core_shuffled_graph,shuffle_19,compliance failure risk,Risk that delivered water violates quality requirements.,compliance_and_service,0,1,2,1,1,1,2,,pending,0,0.5843476360881992,5,0.2,0,1,0,0.00045516744807529727,"[""distribution server"", ""distribution organization"", ""call delay""]"
graph_02,water_treatment_system,3,node_003,uniform,,filter fouling severity,Severity of accumulated fouling in filtration media.,settling_and_filtration,1,0,0,1,2,1,3,,pending,1,0.9367724239957744,3,0.3333333333333333,0,1,0,0.00036160770032736403,"[""disease severity"", ""turbidity current"", ""sedimentation rate"", ""chemical oxygen demand"", ""performance degradation"", ""fluid filtration process""]"
graph_02,water_treatment_system,3,node_006,uniform,,inlet contamination load,Combined contaminant load entering the treatment process.,source_and_coagulation,0,1,2,1,2,1,4,,pending,1,0.9215225447136405,13,0.07692307692307693,0,0,0,0.00036160770032736403,"[""disease severity"", ""turbidity current"", ""sedimentation rate"", ""chemical oxygen demand"", ""performance degradation"", ""fluid filtration process""]"
graph_02,water_treatment_system,3,node_012,uniform,,treatment capacity reduction,Reduction in treatment capacity caused by pump wear and filtration resistance.,settling_and_filtration,0,1,2,1,2,1,3,,pending,0,0.9056068858516314,17,0.058823529411764705,0,0,0,0.00036160770032736403,"[""disease severity"", ""turbidity current"", ""sedimentation rate"", ""chemical oxygen demand"", ""performance degradation"", ""fluid filtration process""]"
graph_02,water_treatment_system,3,node_016,uniform,,quality measurement unreliability,Unreliability of treated-water quality measurements caused by sensor drift and turbidity-related optical interference.,disinfection_and_control,0,1,2,1,1,1,5,,pending,0,0.900147825828123,20,0.05,0,0,0,0.00036160770032736403,"[""disease severity"", ""turbidity current"", ""sedimentation rate"", ""chemical oxygen demand"", ""performance degradation"", ""fluid filtration process""]"
graph_02,water_treatment_system,3,node_003,raw_correlation,,filter fouling severity,Severity of accumulated fouling in filtration media.,settling_and_filtration,1,0,0,1,2,1,3,,pending,1,0.9384346990935745,3,0.3333333333333333,0,1,0,0.00036160770032736403,"[""fluid filtration process"", ""turbidity current"", ""residual risk"", ""filtration"", ""disease severity"", ""bulk resistance""]"
graph_02,water_treatment_system,3,node_006,raw_correlation,,inlet contamination load,Combined contaminant load entering the treatment process.,source_and_coagulation,0,1,2,1,2,1,4,,pending,1,0.9229359677894071,9,0.1111111111111111,0,0,0,0.00036160770032736403,"[""disease severity"", ""sedimentation rate"", ""turbidity current"", ""chemical oxygen demand"", ""severity"", ""coagulability""]"
graph_02,water_treatment_system,3,node_012,raw_correlation,,treatment capacity reduction,Reduction in treatment capacity caused by pump wear and filtration resistance.,settling_and_filtration,0,1,2,1,2,1,3,,pending,1,0.9063022078755092,17,0.058823529411764705,0,0,0,0.00036160770032736403,"[""disease severity"", ""turbidity current"", ""fluid filtration process"", ""residual risk"", ""performance degradation"", ""pump failure""]"
graph_02,water_treatment_system,3,node_016,raw_correlation,,quality measurement unreliability,Unreliability of treated-water quality measurements caused by sensor drift and turbidity-related optical interference.,disinfection_and_control,0,1,2,1,1,1,5,,pending,1,0.9041760250354948,19,0.05263157894736842,0,0,0,0.00036160770032736403,"[""turbidity current"", ""residual risk"", ""disease severity"", ""performance degradation"", ""sedimentation rate"", ""error diffusion""]"
graph_02,water_treatment_system,3,node_003,core_oracle_estimated_weights,,filter fouling severity,Severity of accumulated fouling in filtration media.,settling_and_filtration,1,0,0,1,2,1,3,,pending,1,0.5227541031218155,2,0.5,0,1,0,0.00036160770032736403,"[""resistance"", ""filtrates"", ""filtration"", ""radiation resistance""]"
graph_02,water_treatment_system,3,node_006,core_oracle_estimated_weights,,inlet contamination load,Combined contaminant load entering the treatment process.,source_and_coagulation,0,1,2,1,2,1,4,,pending,1,0.8717273159825604,5,0.2,0,1,0,0.00036160770032736403,"[""sedimentation rate"", ""unit load"", ""bioflocculation"", ""load water line"", ""static load"", ""field intensity""]"
graph_02,water_treatment_system,3,node_012,core_oracle_estimated_weights,,treatment capacity reduction,Reduction in treatment capacity caused by pump wear and filtration resistance.,settling_and_filtration,0,1,2,1,2,1,3,,pending,1,0.8328584275165738,10,0.1,0,0,0,0.00036160770032736403,"[""turbidity current"", ""distribution cost"", ""propagation delay"", ""residual soil"", ""residual air"", ""rolling resistance""]"
graph_02,water_treatment_system,3,node_016,core_oracle_estimated_weights,,quality measurement unreliability,Unreliability of treated-water quality measurements caused by sensor drift and turbidity-related optical interference.,disinfection_and_control,0,1,2,1,1,1,5,,pending,1,0.8861030634996604,5,0.2,0,1,0,0.00036160770032736403,"[""residual risk"", ""drift meter"", ""turbidity current"", ""channel drift"", ""quality control"", ""quality fade""]"
graph_02,water_treatment_system,3,node_003,core_oracle_true_weights,,filter fouling severity,Severity of accumulated fouling in filtration media.,settling_and_filtration,1,0,0,1,2,1,3,,pending,1,0.6957696977296185,3,0.3333333333333333,0,1,0,0.00036160770032736403,"[""filtration"", ""radiation resistance"", ""filtrates"", ""filtration surgery"", ""resistance""]"
graph_02,water_treatment_system,3,node_006,core_oracle_true_weights,,inlet contamination load,Combined contaminant load entering the treatment process.,source_and_coagulation,0,1,2,1,2,1,4,,pending,1,0.9026361723076591,6,0.16666666666666666,0,0,0,0.00036160770032736403,"[""turbidity current"", ""viral load"", ""sedimentation rate"", ""turbidity"", ""unit load"", ""field intensity""]"
graph_02,water_treatment_system,3,node_012,core_oracle_true_weights,,treatment capacity reduction,Reduction in treatment capacity caused by pump wear and filtration resistance.,settling_and_filtration,0,1,2,1,2,1,3,,pending,1,0.880914933537928,13,0.07692307692307693,0,0,0,0.00036160770032736403,"[""turbidity current"", ""pump failure"", ""fluid filtration process"", ""resistance distance"", ""rot resistant"", ""filtration""]"
graph_02,water_treatment_system,3,node_016,core_oracle_true_weights,,quality measurement unreliability,Unreliability of treated-water quality measurements caused by sensor drift and turbidity-related optical interference.,disinfection_and_control,0,1,2,1,1,1,5,,pending,1,0.8873616193408941,5,0.2,0,1,0,0.00036160770032736403,"[""drift meter"", ""residual risk"", ""turbidity current"", ""quality control"", ""channel drift"", ""quality fade""]"
graph_02,water_treatment_system,3,node_003,core_reversed_graph,,filter fouling severity,Severity of accumulated fouling in filtration media.,settling_and_filtration,1,0,0,1,2,1,3,,pending,1,0.9319940266661119,3,0.3333333333333333,0,1,0,0.00036160770032736403,"[""filtration"", ""bulk resistance"", ""ohmic resistance"", ""filtration surgery"", ""filterability"", ""radiation resistance""]"
graph_02,water_treatment_system,3,node_006,core_reversed_graph,,inlet contamination load,Combined contaminant load entering the treatment process.,source_and_coagulation,0,1,2,1,2,1,4,,pending,1,0.9043637126644295,5,0.2,0,1,0,0.00036160770032736403,"[""sedimentation rate"", ""turbidity current"", ""unit load"", ""viral load"", ""bioflocculation"", ""tributary load""]"
graph_02,water_treatment_system,3,node_012,core_reversed_graph,,treatment capacity reduction,Reduction in treatment capacity caused by pump wear and filtration resistance.,settling_and_filtration,0,1,2,1,2,1,3,,pending,1,0.8850765381185735,14,0.07142857142857142,0,0,0,0.00036160770032736403,"[""turbidity current"", ""residual risk"", ""pump failure"", ""distribution cost"", ""propagation delay"", ""fluid filtration process""]"
graph_02,water_treatment_system,3,node_016,core_reversed_graph,,quality measurement unreliability,Unreliability of treated-water quality measurements caused by sensor drift and turbidity-related optical interference.,disinfection_and_control,0,1,2,1,1,1,5,,pending,1,0.8396214638928985,6,0.16666666666666666,0,0,0,0.00036160770032736403,"[""channel drift"", ""turbidity current"", ""delay slot"", ""call delay"", ""correction factor"", ""control order""]"
graph_02,water_treatment_system,3,node_003,core_shuffled_graph,shuffle_00,filter fouling severity,Severity of accumulated fouling in filtration media.,settling_and_filtration,1,0,0,1,2,1,3,,pending,0,0.7560183739193013,8,0.125,0,0,0,0.00036160770032736403,"[""feedback control"", ""call delay"", ""delay slot"", ""control engineering"", ""adaptive control function"", ""error correction""]"
graph_02,water_treatment_system,3,node_006,core_shuffled_graph,shuffle_00,inlet contamination load,Combined contaminant load entering the treatment process.,source_and_coagulation,0,1,2,1,2,1,4,,pending,1,0.883403391672521,6,0.16666666666666666,0,0,0,0.00036160770032736403,"[""viral load"", ""microbial"", ""field intensity"", ""bioload"", ""intensity level"", ""unit load""]"
graph_02,water_treatment_system,3,node_012,core_shuffled_graph,shuffle_00,treatment capacity reduction,Reduction in treatment capacity caused by pump wear and filtration resistance.,settling_and_filtration,0,1,2,1,2,1,3,,pending,0,0.7922832246767779,8,0.125,0,0,0,0.00036160770032736403,"[""filtrates"", ""filtration"", ""resistance distance"", ""acoustic resistance"", ""run resistant"", ""radiation resistance""]"
graph_02,water_treatment_system,3,node_016,core_shuffled_graph,shuffle_00,quality measurement unreliability,Unreliability of treated-water quality measurements caused by sensor drift and turbidity-related optical interference.,disinfection_and_control,0,1,2,1,1,1,5,,pending,0,0.31723727592718326,5,0.2,0,1,0,0.00036160770032736403,"[""filtrates"", ""resistance""]"
graph_02,water_treatment_system,3,node_003,core_shuffled_graph,shuffle_01,filter fouling severity,Severity of accumulated fouling in filtration media.,settling_and_filtration,1,0,0,1,2,1,3,,pending,1,0.9199555849084345,2,0.5,0,1,0,0.00036160770032736403,"[""overloads"", ""filtering"", ""overfulfil"", ""filtration surgery"", ""filterability"", ""filter placement""]"
graph_02,water_treatment_system,3,node_006,core_shuffled_graph,shuffle_01,inlet contamination load,Combined contaminant load entering the treatment process.,source_and_coagulation,0,1,2,1,2,1,4,,pending,1,0.8953223299663476,9,0.1111111111111111,0,0,0,0.00036160770032736403,"[""disease severity"", ""viral load"", ""change intensity"", ""sedimentation rate"", ""biosafety level"", ""microfoundation""]"
graph_02,water_treatment_system,3,node_012,core_shuffled_graph,shuffle_01,treatment capacity reduction,Reduction in treatment capacity caused by pump wear and filtration resistance.,settling_and_filtration,0,1,2,1,2,1,3,,pending,1,0.8192652201476248,16,0.0625,0,0,0,0.00036160770032736403,"[""pump failure"", ""disease severity"", ""tread wear indicator"", ""worse for wear"", ""use wear analysis"", ""pumpability""]"
graph_02,water_treatment_system,3,node_016,core_shuffled_graph,shuffle_01,quality measurement unreliability,Unreliability of treated-water quality measurements caused by sensor drift and turbidity-related optical interference.,disinfection_and_control,0,1,2,1,1,1,5,,pending,1,0.8761425293584728,3,0.3333333333333333,0,1,0,0.00036160770032736403,"[""drift meter"", ""quality inspection"", ""sensor system"", ""instinctive drift"", ""decline in quality"", ""intrinsic quality""]"
graph_02,water_treatment_system,3,node_003,core_shuffled_graph,shuffle_02,filter fouling severity,Severity of accumulated fouling in filtration media.,settling_and_filtration,1,0,0,1,2,1,3,,pending,0,0.7324318736586148,7,0.14285714285714285,0,0,0,0.00036160770032736403,"[""delay slot"", ""control operation"", ""control condition"", ""control engineering"", ""control order"", ""feedback control""]"
graph_02,water_treatment_system,3,node_006,core_shuffled_graph,shuffle_02,inlet contamination load,Combined contaminant load entering the treatment process.,source_and_coagulation,0,1,2,1,2,1,4,,pending,1,0.8306529870349604,7,0.14285714285714285,0,0,0,0.00036160770032736403,"[""coagulant"", ""chemical oxygen demand"", ""intensity level"", ""demand characteristic"", ""demand valve"", ""grow in intensity""]"
graph_02,water_treatment_system,3,node_012,core_shuffled_graph,shuffle_02,treatment capacity reduction,Reduction in treatment capacity caused by pump wear and filtration resistance.,settling_and_filtration,0,1,2,1,2,1,3,,pending,0,0.8686287956067908,14,0.07142857142857142,0,0,0,0.00036160770032736403,"[""disease severity"", ""pump failure"", ""distribution cost"", ""disinfection process"", ""oxygen demand"", ""length of service""]"
graph_02,water_treatment_system,3,node_016,core_shuffled_graph,shuffle_02,quality measurement unreliability,Unreliability of treated-water quality measurements caused by sensor drift and turbidity-related optical interference.,disinfection_and_control,0,1,2,1,1,1,5,,pending,0,0.8753076798166641,13,0.07692307692307693,0,0,0,0.00036160770032736403,"[""risk of infection"", ""standards compliance"", ""compliances"", ""compliance"", ""failure rate"", ""effort or strain""]"
graph_02,water_treatment_system,3,node_003,core_shuffled_graph,shuffle_03,filter fouling severity,Severity of accumulated fouling in filtration media.,settling_and_filtration,1,0,0,1,2,1,3,,pending,0,0.818559287810994,2,0.5,0,1,0,0.00036160770032736403,"[""filtration"", ""filtrates"", ""radiation resistance"", ""resistance"", ""resistance distance"", ""acoustic resistance""]"
graph_02,water_treatment_system,3,node_006,core_shuffled_graph,shuffle_03,inlet contamination load,Combined contaminant load entering the treatment process.,source_and_coagulation,0,1,2,1,2,1,4,,pending,1,0.8388063156788251,10,0.1,0,0,0,0.00036160770032736403,"[""compliances"", ""compliance"", ""failure rate"", ""external risk"", ""fail soft"", ""result in failure""]"
graph_02,water_treatment_system,3,node_012,core_shuffled_graph,shuffle_03,treatment capacity reduction,Reduction in treatment capacity caused by pump wear and filtration resistance.,settling_and_filtration,0,1,2,1,2,1,3,,pending,0,0.8799822509255267,10,0.1,0,0,0,0.00036160770032736403,"[""filtration"", ""bulk resistance"", ""ohmic resistance"", ""radiation resistance"", ""filterability"", ""fluid filtration process""]"
graph_02,water_treatment_system,3,node_016,core_shuffled_graph,shuffle_03,quality measurement unreliability,Unreliability of treated-water quality measurements caused by sensor drift and turbidity-related optical interference.,disinfection_and_control,0,1,2,1,1,1,5,,pending,1,0.8768530914775972,12,0.08333333333333333,0,0,0,0.00036160770032736403,"[""disinfection process"", ""demand characteristic"", ""drift meter"", ""standards compliance"", ""clean price"", ""turbidity current""]"
graph_02,water_treatment_system,3,node_003,core_shuffled_graph,shuffle_04,filter fouling severity,Severity of accumulated fouling in filtration media.,settling_and_filtration,1,0,0,1,2,1,3,,pending,1,0.9244045235047655,2,0.5,0,1,0,0.00036160770032736403,"[""overloads"", ""filter placement"", ""filterability"", ""filtering"", ""overloader"", ""filtration surgery""]"
graph_02,water_treatment_system,3,node_006,core_shuffled_graph,shuffle_04,inlet contamination load,Combined contaminant load entering the treatment process.,source_and_coagulation,0,1,2,1,2,1,4,,pending,0,0.8364935077165435,15,0.06666666666666667,0,0,0,0.00036160770032736403,"[""distribution server"", ""disinfection process"", ""diminished responsibility"", ""propagation delay"", ""delayment"", ""distribution cost""]"
graph_02,water_treatment_system,3,node_012,core_shuffled_graph,shuffle_04,treatment capacity reduction,Reduction in treatment capacity caused by pump wear and filtration resistance.,settling_and_filtration,0,1,2,1,2,1,3,,pending,0,0.8141935432375177,12,0.08333333333333333,0,0,0,0.00036160770032736403,"[""pump failure"", ""worse for wear"", ""residual risk"", ""run resistant"", ""renal filtration"", ""cardiovascular complication""]"
graph_02,water_treatment_system,3,node_016,core_shuffled_graph,shuffle_04,quality measurement unreliability,Unreliability of treated-water quality measurements caused by sensor drift and turbidity-related optical interference.,disinfection_and_control,0,1,2,1,1,1,5,,pending,1,0.8489877484721651,5,0.2,0,1,0,0.00036160770032736403,"[""call delay"", ""error correction"", ""resistance distance"", ""resistance pyrometer"", ""interference filter"", ""delay slot""]"
graph_02,water_treatment_system,3,node_003,core_shuffled_graph,shuffle_05,filter fouling severity,Severity of accumulated fouling in filtration media.,settling_and_filtration,1,0,0,1,2,1,3,,pending,0,0.8700199296816165,5,0.2,0,1,0,0.00036160770032736403,"[""disinfection process"", ""disinfectants"", ""obsession with cleanliness"", ""disinfector"", ""theoretical oxygen demand"", ""bulk resistance""]"
graph_02,water_treatment_system,3,node_006,core_shuffled_graph,shuffle_05,inlet contamination load,Combined contaminant load entering the treatment process.,source_and_coagulation,0,1,2,1,2,1,4,,pending,0,0.8214648033685251,11,0.09090909090909091,0,0,0,0.00036160770032736403,"[""control condition"", ""severity"", ""overloader"", ""overparametrized"", ""filter placement"", ""overloads""]"
graph_02,water_treatment_system,3,node_012,core_shuffled_graph,shuffle_05,treatment capacity reduction,Reduction in treatment capacity caused by pump wear and filtration resistance.,settling_and_filtration,0,1,2,1,2,1,3,,pending,0,0.7956734391285387,15,0.06666666666666667,0,0,0,0.00036160770032736403,"[""turbidity"", ""turbidity current"", ""source of water"", ""source of infection"", ""turbidimetry"", ""source routing""]"
graph_02,water_treatment_system,3,node_016,core_shuffled_graph,shuffle_05,quality measurement unreliability,Unreliability of treated-water quality measurements caused by sensor drift and turbidity-related optical interference.,disinfection_and_control,0,1,2,1,1,1,5,,pending,0,0.6696666189310249,15,0.06666666666666667,0,0,0,0.00036160770032736403,"[""disinfection process"", ""disinfectant"", ""chemical oxygen demand"", ""intensity level"", ""obsession with cleanliness"", ""field intensity""]"
graph_02,water_treatment_system,3,node_003,core_shuffled_graph,shuffle_06,filter fouling severity,Severity of accumulated fouling in filtration media.,settling_and_filtration,1,0,0,1,2,1,3,,pending,0,0.7459885186010787,5,0.2,0,1,0,0.00036160770032736403,"[""residual risk"", ""compliances"", ""risk of exposure"", ""risks"", ""compliance car"", ""fail safe""]"
graph_02,water_treatment_system,3,node_006,core_shuffled_graph,shuffle_06,inlet contamination load,Combined contaminant load entering the treatment process.,source_and_coagulation,0,1,2,1,2,1,4,,pending,0,0.727484405569919,17,0.058823529411764705,0,0,0,0.00036160770032736403,"[""delay slot"", ""control order"", ""control engineering"", ""call delay"", ""error correction"", ""delay""]"
graph_02,water_treatment_system,3,node_012,core_shuffled_graph,shuffle_06,treatment capacity reduction,Reduction in treatment capacity caused by pump wear and filtration resistance.,settling_and_filtration,0,1,2,1,2,1,3,,pending,0,0.8574203181887269,13,0.07692307692307693,0,0,0,0.00036160770032736403,"[""overloads"", ""filter placement"", ""filterability"", ""disease severity"", ""overfulfil"", ""turbidity current""]"
graph_02,water_treatment_system,3,node_016,core_shuffled_graph,shuffle_06,quality measurement unreliability,Unreliability of treated-water quality measurements caused by sensor drift and turbidity-related optical interference.,disinfection_and_control,0,1,2,1,1,1,5,,pending,0,0.8635860743788,16,0.0625,0,0,0,0.00036160770032736403,"[""residual risk"", ""turbidity current"", ""turbidness"", ""risk of exposure"", ""specific risk"", ""severity""]"
graph_02,water_treatment_system,3,node_003,core_shuffled_graph,shuffle_07,filter fouling severity,Severity of accumulated fouling in filtration media.,settling_and_filtration,1,0,0,1,2,1,3,,pending,0,0.8528434636283446,4,0.25,0,1,0,0.00036160770032736403,"[""residual risk"", ""turbidity current"", ""turbidity""]"
graph_02,water_treatment_system,3,node_006,core_shuffled_graph,shuffle_07,inlet contamination load,Combined contaminant load entering the treatment process.,source_and_coagulation,0,1,2,1,2,1,4,,pending,1,0.897322458029874,9,0.1111111111111111,0,0,0,0.00036160770032736403,"[""coagulability"", ""intensity level"", ""sedimentation rate"", ""coagulant"", ""coagulometry"", ""theoretical oxygen demand""]"
graph_02,water_treatment_system,3,node_012,core_shuffled_graph,shuffle_07,treatment capacity reduction,Reduction in treatment capacity caused by pump wear and filtration resistance.,settling_and_filtration,0,1,2,1,2,1,3,,pending,0,0.8440764367161339,11,0.09090909090909091,0,0,0,0.00036160770032736403,"[""filtration"", ""radiation resistance"", ""ohmic resistance"", ""filtrates"", ""filtration surgery"", ""run resistant""]"
graph_02,water_treatment_system,3,node_016,core_shuffled_graph,shuffle_07,quality measurement unreliability,Unreliability of treated-water quality measurements caused by sensor drift and turbidity-related optical interference.,disinfection_and_control,0,1,2,1,1,1,5,,pending,1,0.8841490072072035,12,0.08333333333333333,0,0,0,0.00036160770032736403,"[""standards compliance"", ""overfrequency"", ""filter placement"", ""disease severity"", ""disinfection process"", ""error diffusion""]"
graph_02,water_treatment_system,3,node_003,core_shuffled_graph,shuffle_08,filter fouling severity,Severity of accumulated fouling in filtration media.,settling_and_filtration,1,0,0,1,2,1,3,,pending,1,0.48166090643412435,16,0.0625,0,0,0,0.00036160770032736403,"[""disinfectant"", ""residual risk"", ""disappearing disease""]"
graph_02,water_treatment_system,3,node_006,core_shuffled_graph,shuffle_08,inlet contamination load,Combined contaminant load entering the treatment process.,source_and_coagulation,0,1,2,1,2,1,4,,pending,1,0.8563121993205336,8,0.125,0,0,0,0.00036160770032736403,"[""tributary load"", ""sedimentation rate"", ""residual soil"", ""environmental sanitation"", ""household composting"", ""viral load""]"
graph_02,water_treatment_system,3,node_012,core_shuffled_graph,shuffle_08,treatment capacity reduction,Reduction in treatment capacity caused by pump wear and filtration resistance.,settling_and_filtration,0,1,2,1,2,1,3,,pending,1,0.38806497273806073,13,0.07692307692307693,0,0,0,0.00036160770032736403,"[""disinfectant""]"
graph_02,water_treatment_system,3,node_016,core_shuffled_graph,shuffle_08,quality measurement unreliability,Unreliability of treated-water quality measurements caused by sensor drift and turbidity-related optical interference.,disinfection_and_control,0,1,2,1,1,1,5,,pending,1,0.8388070435121111,4,0.25,0,1,0,0.00036160770032736403,"[""compliance"", ""standards compliance"", ""result in failure"", ""compliances"", ""exchange rate risk"", ""fail safe""]"
graph_02,water_treatment_system,3,node_003,core_shuffled_graph,shuffle_09,filter fouling severity,Severity of accumulated fouling in filtration media.,settling_and_filtration,1,0,0,1,2,1,3,,pending,1,0.2555172268137817,3,0.3333333333333333,0,1,0,0.00036160770032736403,[]
graph_02,water_treatment_system,3,node_006,core_shuffled_graph,shuffle_09,inlet contamination load,Combined contaminant load entering the treatment process.,source_and_coagulation,0,1,2,1,2,1,4,,pending,0,0.888651367392932,12,0.08333333333333333,0,0,0,0.00036160770032736403,"[""coagulability"", ""coagulant"", ""intensity level"", ""coagulometry"", ""change intensity"", ""demand valve""]"
graph_02,water_treatment_system,3,node_012,core_shuffled_graph,shuffle_09,treatment capacity reduction,Reduction in treatment capacity caused by pump wear and filtration resistance.,settling_and_filtration,0,1,2,1,2,1,3,,pending,0,0.8791837750282525,14,0.07142857142857142,0,0,0,0.00036160770032736403,"[""disinfection process"", ""disease severity"", ""standards compliance"", ""intensity level"", ""design load"", ""chemical oxygen demand""]"
graph_02,water_treatment_system,3,node_016,core_shuffled_graph,shuffle_09,quality measurement unreliability,Unreliability of treated-water quality measurements caused by sensor drift and turbidity-related optical interference.,disinfection_and_control,0,1,2,1,1,1,5,,pending,1,0.8768005762542538,2,0.5,0,1,0,0.00036160770032736403,"[""drift meter"", ""sensor system"", ""quality inspection"", ""quality requirement"", ""quality fade"", ""vibration sensor""]"
graph_02,water_treatment_system,3,node_003,core_shuffled_graph,shuffle_10,filter fouling severity,Severity of accumulated fouling in filtration media.,settling_and_filtration,1,0,0,1,2,1,3,,pending,0,0.7983374911961079,12,0.08333333333333333,0,0,0,0.00036160770032736403,"[""delay slot"", ""error correction"", ""control engineering"", ""control order"", ""delay position"", ""call delay""]"
graph_02,water_treatment_system,3,node_006,core_shuffled_graph,shuffle_10,inlet contamination load,Combined contaminant load entering the treatment process.,source_and_coagulation,0,1,2,1,2,1,4,,pending,1,0.8892732797484159,9,0.1111111111111111,0,0,0,0.00036160770032736403,"[""turbidity current"", ""turbidity"", ""source of infection"", ""severity"", ""turbidimetry"", ""disease severity""]"
graph_02,water_treatment_system,3,node_012,core_shuffled_graph,shuffle_10,treatment capacity reduction,Reduction in treatment capacity caused by pump wear and filtration resistance.,settling_and_filtration,0,1,2,1,2,1,3,,pending,0,0.876324409988508,14,0.07142857142857142,0,0,0,0.00036160770032736403,"[""residual risk"", ""turbidity current"", ""disease severity"", ""turbidity"", ""turbulization"", ""fluid filtration process""]"
graph_02,water_treatment_system,3,node_016,core_shuffled_graph,shuffle_10,quality measurement unreliability,Unreliability of treated-water quality measurements caused by sensor drift and turbidity-related optical interference.,disinfection_and_control,0,1,2,1,1,1,5,,pending,0,0.8797761222425899,12,0.08333333333333333,0,0,0,0.00036160770032736403,"[""filtration"", ""demand characteristic"", ""passive resistance"", ""ohmic resistance"", ""fluid filtration process"", ""sedimentation rate""]"
graph_02,water_treatment_system,3,node_003,core_shuffled_graph,shuffle_11,filter fouling severity,Severity of accumulated fouling in filtration media.,settling_and_filtration,1,0,0,1,2,1,3,,pending,0,0.8374633412632072,7,0.14285714285714285,0,0,0,0.00036160770032736403,"[""disinfection process"", ""chemical oxygen demand"", ""intensity level"", ""disinfector"", ""change intensity"", ""disinfection""]"
graph_02,water_treatment_system,3,node_006,core_shuffled_graph,shuffle_11,inlet contamination load,Combined contaminant load entering the treatment process.,source_and_coagulation,0,1,2,1,2,1,4,,pending,0,0.889906081296073,3,0.3333333333333333,0,1,0,0.00036160770032736403,"[""sedimentation rate"", ""settling"", ""settlings"", ""solids"", ""settle matter"", ""tributary load""]"
graph_02,water_treatment_system,3,node_012,core_shuffled_graph,shuffle_11,treatment capacity reduction,Reduction in treatment capacity caused by pump wear and filtration resistance.,settling_and_filtration,0,1,2,1,2,1,3,,pending,0,0.8780105826912652,12,0.08333333333333333,0,0,0,0.00036160770032736403,"[""filtration"", ""ohmic resistance"", ""bulk resistance"", ""fluid filtration process"", ""radiation resistance"", ""filtration surgery""]"
graph_02,water_treatment_system,3,node_016,core_shuffled_graph,shuffle_11,quality measurement unreliability,Unreliability of treated-water quality measurements caused by sensor drift and turbidity-related optical interference.,disinfection_and_control,0,1,2,1,1,1,5,,pending,1,0.8654659151384343,13,0.07692307692307693,0,0,0,0.00036160770032736403,"[""residual risk"", ""compliances"", ""turbidity current"", ""standards compliance"", ""failure rate"", ""credit risk""]"
graph_02,water_treatment_system,3,node_003,core_shuffled_graph,shuffle_12,filter fouling severity,Severity of accumulated fouling in filtration media.,settling_and_filtration,1,0,0,1,2,1,3,,pending,0,0.8209465518704592,5,0.2,0,1,0,0.00036160770032736403,"[""distribution server"", ""call delay"", ""distribution organization"", ""propagation delay"", ""distribution network"", ""distribution cost""]"
graph_02,water_treatment_system,3,node_006,core_shuffled_graph,shuffle_12,inlet contamination load,Combined contaminant load entering the treatment process.,source_and_coagulation,0,1,2,1,2,1,4,,pending,1,0.8972086536442956,6,0.16666666666666666,0,0,0,0.00036160770032736403,"[""sedimentation rate"", ""load water line"", ""environmental sanitation"", ""turbidity current"", ""residual volume"", ""chemical oxygen demand""]"
graph_02,water_treatment_system,3,node_012,core_shuffled_graph,shuffle_12,treatment capacity reduction,Reduction in treatment capacity caused by pump wear and filtration resistance.,settling_and_filtration,0,1,2,1,2,1,3,,pending,0,0.8225496028036666,15,0.06666666666666667,0,0,0,0.00036160770032736403,"[""residual risk"", ""turbidity"", ""turbidity current""]"
graph_02,water_treatment_system,3,node_016,core_shuffled_graph,shuffle_12,quality measurement unreliability,Unreliability of treated-water quality measurements caused by sensor drift and turbidity-related optical interference.,disinfection_and_control,0,1,2,1,1,1,5,,pending,0,0.6212962054374006,18,0.05555555555555555,0,0,0,0.00036160770032736403,"[""chemical oxygen demand"", ""disinfectants"", ""chemical balance"", ""vanishing spray"", ""delaying agent"", ""suppressants""]"
graph_02,water_treatment_system,3,node_003,core_shuffled_graph,shuffle_13,filter fouling severity,Severity of accumulated fouling in filtration media.,settling_and_filtration,1,0,0,1,2,1,3,,pending,0,-0.8553517118382353,17,0.058823529411764705,0,0,0,0.00036160770032736403,"[""low turbidity current"", ""low turbidity"", ""low source of infection"", ""low source of water"", ""low turbulization""]"
graph_02,water_treatment_system,3,node_006,core_shuffled_graph,shuffle_13,inlet contamination load,Combined contaminant load entering the treatment process.,source_and_coagulation,0,1,2,1,2,1,4,,pending,1,0.8845643863848348,10,0.1,0,0,0,0.00036160770032736403,"[""residual risk"", ""compliances"", ""source of infection"", ""turbulency"", ""turbidity current"", ""biosafety level""]"
graph_02,water_treatment_system,3,node_012,core_shuffled_graph,shuffle_13,treatment capacity reduction,Reduction in treatment capacity caused by pump wear and filtration resistance.,settling_and_filtration,0,1,2,1,2,1,3,,pending,1,0.7896237648146143,8,0.125,0,0,0,0.00036160770032736403,"[""distribution server"", ""call delay"", ""distribution organization"", ""propagation delay"", ""delayed"", ""distribution cost""]"
graph_02,water_treatment_system,3,node_016,core_shuffled_graph,shuffle_13,quality measurement unreliability,Unreliability of treated-water quality measurements caused by sensor drift and turbidity-related optical interference.,disinfection_and_control,0,1,2,1,1,1,5,,pending,0,0.854974222509224,8,0.125,0,0,0,0.00036160770032736403,"[""call delay"", ""control order"", ""delay slot"", ""propagation delay"", ""overfrequency"", ""filter placement""]"
graph_02,water_treatment_system,3,node_003,core_shuffled_graph,shuffle_14,filter fouling severity,Severity of accumulated fouling in filtration media.,settling_and_filtration,1,0,0,1,2,1,3,,pending,0,0.7155517689511036,9,0.1111111111111111,0,0,0,0.00036160770032736403,"[""disinfectants"", ""disinfection process"", ""democratic deficit"", ""in deficit"", ""rot-resistant"", ""restorement""]"
graph_02,water_treatment_system,3,node_006,core_shuffled_graph,shuffle_14,inlet contamination load,Combined contaminant load entering the treatment process.,source_and_coagulation,0,1,2,1,2,1,4,,pending,1,0.8706357642099352,7,0.14285714285714285,0,0,0,0.00036160770032736403,"[""residual risk"", ""turbidity current"", ""turbidity"", ""buoyancy compensation device"", ""correcting fluid"", ""turbulization""]"
graph_02,water_treatment_system,3,node_012,core_shuffled_graph,shuffle_14,treatment capacity reduction,Reduction in treatment capacity caused by pump wear and filtration resistance.,settling_and_filtration,0,1,2,1,2,1,3,,pending,0,0.8555716458542562,14,0.07142857142857142,0,0,0,0.00036160770032736403,"[""pump failure"", ""disease severity"", ""filter placement"", ""overfrequency"", ""performance degradation"", ""filtering""]"
graph_02,water_treatment_system,3,node_016,core_shuffled_graph,shuffle_14,quality measurement unreliability,Unreliability of treated-water quality measurements caused by sensor drift and turbidity-related optical interference.,disinfection_and_control,0,1,2,1,1,1,5,,pending,1,0.5591280430567117,5,0.2,0,1,0,0.00036160770032736403,"[""control operation"", ""control circuit"", ""delay slot"", ""delay"", ""control order"", ""control system""]"
graph_02,water_treatment_system,3,node_003,core_shuffled_graph,shuffle_15,filter fouling severity,Severity of accumulated fouling in filtration media.,settling_and_filtration,1,0,0,1,2,1,3,,pending,1,0.8105822545458069,2,0.5,0,1,0,0.00036160770032736403,"[""pump failure"", ""disease severity"", ""use wear analysis"", ""tread wear indicator""]"
graph_02,water_treatment_system,3,node_006,core_shuffled_graph,shuffle_15,inlet contamination load,Combined contaminant load entering the treatment process.,source_and_coagulation,0,1,2,1,2,1,4,,pending,1,0.6440694886745322,5,0.2,0,1,0,0.00036160770032736403,"[""settlings"", ""solids"", ""residual soil""]"
graph_02,water_treatment_system,3,node_012,core_shuffled_graph,shuffle_15,treatment capacity reduction,Reduction in treatment capacity caused by pump wear and filtration resistance.,settling_and_filtration,0,1,2,1,2,1,3,,pending,0,0.8204415333589772,11,0.09090909090909091,0,0,0,0.00036160770032736403,"[""control condition"", ""call delay"", ""error correction"", ""delay slot"", ""resistance distance"", ""performance degradation""]"
graph_02,water_treatment_system,3,node_016,core_shuffled_graph,shuffle_15,quality measurement unreliability,Unreliability of treated-water quality measurements caused by sensor drift and turbidity-related optical interference.,disinfection_and_control,0,1,2,1,1,1,5,,pending,0,0.8614525763798756,18,0.05555555555555555,0,0,0,0.00036160770032736403,"[""residual risk"", ""turbidity current"", ""turbidity"", ""fluid filtration process"", ""radiation resistance"", ""acoustic resistance""]"
graph_02,water_treatment_system,3,node_003,core_shuffled_graph,shuffle_16,filter fouling severity,Severity of accumulated fouling in filtration media.,settling_and_filtration,1,0,0,1,2,1,3,,pending,1,0.5981427005751183,5,0.2,0,1,0,0.00036160770032736403,"[""residual risk"", ""residual air"", ""dichlorofluorescein"", ""filtration surgery""]"
graph_02,water_treatment_system,3,node_006,core_shuffled_graph,shuffle_16,inlet contamination load,Combined contaminant load entering the treatment process.,source_and_coagulation,0,1,2,1,2,1,4,,pending,1,0.8928942695690225,7,0.14285714285714285,0,0,0,0.00036160770032736403,"[""coagulability"", ""biochemical oxygen demand"", ""intensity level"", ""field intensity"", ""viral load"", ""grow in intensity""]"
graph_02,water_treatment_system,3,node_012,core_shuffled_graph,shuffle_16,treatment capacity reduction,Reduction in treatment capacity caused by pump wear and filtration resistance.,settling_and_filtration,0,1,2,1,2,1,3,,pending,1,0.8666083842616282,16,0.0625,0,0,0,0.00036160770032736403,"[""residual risk"", ""turbidity current"", ""turbidity"", ""pump failure"", ""erythrocyte sedimentation rate"", ""turbulization""]"
graph_02,water_treatment_system,3,node_016,core_shuffled_graph,shuffle_16,quality measurement unreliability,Unreliability of treated-water quality measurements caused by sensor drift and turbidity-related optical interference.,disinfection_and_control,0,1,2,1,1,1,5,,pending,1,0.8890840551406719,18,0.05555555555555555,0,0,0,0.00036160770032736403,"[""filtration"", ""resistance distance"", ""fluid filtration process"", ""correction factor"", ""performance degradation"", ""correction fluid""]"
graph_02,water_treatment_system,3,node_003,core_shuffled_graph,shuffle_17,filter fouling severity,Severity of accumulated fouling in filtration media.,settling_and_filtration,1,0,0,1,2,1,3,,pending,0,0.7963061162153023,6,0.16666666666666666,0,0,0,0.00036160770032736403,"[""delay slot"", ""control condition"", ""control order"", ""error correction"", ""control engineering"", ""call delay""]"
graph_02,water_treatment_system,3,node_006,core_shuffled_graph,shuffle_17,inlet contamination load,Combined contaminant load entering the treatment process.,source_and_coagulation,0,1,2,1,2,1,4,,pending,0,0.8647354022364085,9,0.1111111111111111,0,0,0,0.00036160770032736403,"[""disease severity"", ""turbidity current"", ""biofilter"", ""sedimentation rate"", ""severity"", ""filter tipped""]"
graph_02,water_treatment_system,3,node_012,core_shuffled_graph,shuffle_17,treatment capacity reduction,Reduction in treatment capacity caused by pump wear and filtration resistance.,settling_and_filtration,0,1,2,1,2,1,3,,pending,1,0.8049054990836826,9,0.1111111111111111,0,0,0,0.00036160770032736403,"[""distribution server"", ""propagation delay"", ""distribution organization"", ""delay payment"", ""delayed"", ""call delay""]"
graph_02,water_treatment_system,3,node_016,core_shuffled_graph,shuffle_17,quality measurement unreliability,Unreliability of treated-water quality measurements caused by sensor drift and turbidity-related optical interference.,disinfection_and_control,0,1,2,1,1,1,5,,pending,0,0.33065552170150075,12,0.08333333333333333,0,0,0,0.00036160770032736403,"[""solids"", ""settlings""]"
graph_02,water_treatment_system,3,node_003,core_shuffled_graph,shuffle_18,filter fouling severity,Severity of accumulated fouling in filtration media.,settling_and_filtration,1,0,0,1,2,1,3,,pending,0,0.6024593758284403,12,0.08333333333333333,0,0,0,0.00036160770032736403,"[""residual risk"", ""fail safe"", ""risks"", ""deposit slip"", ""risk universe"", ""breach of promise""]"
graph_02,water_treatment_system,3,node_006,core_shuffled_graph,shuffle_18,inlet contamination load,Combined contaminant load entering the treatment process.,source_and_coagulation,0,1,2,1,2,1,4,,pending,0,0.8931562970015089,10,0.1,0,0,0,0.00036160770032736403,"[""coagulability"", ""coagulant"", ""chemical oxygen demand"", ""intensity level"", ""demand valve"", ""change intensity""]"
graph_02,water_treatment_system,3,node_012,core_shuffled_graph,shuffle_18,treatment capacity reduction,Reduction in treatment capacity caused by pump wear and filtration resistance.,settling_and_filtration,0,1,2,1,2,1,3,,pending,0,0.8695278606699278,11,0.09090909090909091,0,0,0,0.00036160770032736403,"[""sedimentation rate"", ""settlings"", ""tributary load"", ""turbidity current"", ""solids"", ""load water line""]"
graph_02,water_treatment_system,3,node_016,core_shuffled_graph,shuffle_18,quality measurement unreliability,Unreliability of treated-water quality measurements caused by sensor drift and turbidity-related optical interference.,disinfection_and_control,0,1,2,1,1,1,5,,pending,0,0.7352486235620082,16,0.0625,0,0,0,0.00036160770032736403,"[""anticoagulant complication"", ""disseminated intravascular coagulation"", ""disease severity"", ""blood coagulation"", ""coagulopathy"", ""nature deficit disorder""]"
graph_02,water_treatment_system,3,node_003,core_shuffled_graph,shuffle_19,filter fouling severity,Severity of accumulated fouling in filtration media.,settling_and_filtration,1,0,0,1,2,1,3,,pending,0,0.47204436474487554,8,0.125,0,0,0,0.00036160770032736403,"[""settlings"", ""solids""]"
graph_02,water_treatment_system,3,node_006,core_shuffled_graph,shuffle_19,inlet contamination load,Combined contaminant load entering the treatment process.,source_and_coagulation,0,1,2,1,2,1,4,,pending,0,0.896297036977988,7,0.14285714285714285,0,0,0,0.00036160770032736403,"[""coagulability"", ""chemical oxygen demand"", ""sedimentation rate"", ""intensity level"", ""grow in intensity"", ""demand characteristic""]"
graph_02,water_treatment_system,3,node_012,core_shuffled_graph,shuffle_19,treatment capacity reduction,Reduction in treatment capacity caused by pump wear and filtration resistance.,settling_and_filtration,0,1,2,1,2,1,3,,pending,1,0.8858941966068058,11,0.09090909090909091,0,0,0,0.00036160770032736403,"[""disinfection process"", ""distribution organization"", ""residual risk"", ""distribution cost"", ""propagation delay"", ""distribution server""]"
graph_02,water_treatment_system,3,node_016,core_shuffled_graph,shuffle_19,quality measurement unreliability,Unreliability of treated-water quality measurements caused by sensor drift and turbidity-related optical interference.,disinfection_and_control,0,1,2,1,1,1,5,,pending,1,0.8988881084946504,3,0.3333333333333333,0,1,0,0.00036160770032736403,"[""drift meter"", ""quality inspection"", ""sensor system"", ""intrinsic quality"", ""angle of drift"", ""quality requirement""]"
graph_02,water_treatment_system,4,node_004,uniform,,pump wear severity,Severity of mechanical wear in the treatment-flow pump.,compliance_and_service,1,0,0,1,1,1,3,,pending,0,0.9164551583503944,14,0.07142857142857142,0,0,0,0.0003938308967055471,"[""disease severity"", ""turbidity current"", ""sedimentation rate"", ""recall dose"", ""treatability"", ""fluid filtration process""]"
graph_02,water_treatment_system,4,node_005,uniform,,quality sensor drift,Magnitude of calibration drift in the water-quality sensor.,disinfection_and_control,1,0,0,1,1,1,5,,pending,0,0.9025994287769541,19,0.05263157894736842,0,0,0,0.0003938308967055471,"[""disease severity"", ""turbidity current"", ""sedimentation rate"", ""recall dose"", ""treatability"", ""fluid filtration process""]"
graph_02,water_treatment_system,4,node_007,uniform,,coagulant demand intensity,Intensity of coagulant demand created by incoming solids.,source_and_coagulation,0,1,2,1,1,1,4,,pending,0,0.9241058473831166,11,0.09090909090909091,0,0,0,0.0003938308967055471,"[""disease severity"", ""turbidity current"", ""sedimentation rate"", ""recall dose"", ""treatability"", ""fluid filtration process""]"
graph_02,water_treatment_system,4,node_011,uniform,,filtration resistance,Resistance to water flow across the filtration stage.,settling_and_filtration,0,1,2,1,1,1,4,,pending,0,0.9191202319616054,12,0.08333333333333333,0,0,0,0.0003938308967055471,"[""disease severity"", ""turbidity current"", ""sedimentation rate"", ""recall dose"", ""treatability"", ""fluid filtration process""]"
graph_02,water_treatment_system,4,node_004,raw_correlation,,pump wear severity,Severity of mechanical wear in the treatment-flow pump.,compliance_and_service,1,0,0,1,1,1,3,,pending,0,0.8990552553002977,18,0.05555555555555555,0,0,0,0.0003938308967055471,"[""treatability"", ""residual risk"", ""capacity utilization rate"", ""disease severity"", ""diminished capacity"", ""turbidity current""]"
graph_02,water_treatment_system,4,node_005,raw_correlation,,quality sensor drift,Magnitude of calibration drift in the water-quality sensor.,disinfection_and_control,1,0,0,1,1,1,5,,pending,1,0.9027742409206225,3,0.3333333333333333,0,1,0,0.0003938308967055471,"[""unreliability"", ""measurement error"", ""quality control"", ""time-delay measuring system""]"
graph_02,water_treatment_system,4,node_007,raw_correlation,,coagulant demand intensity,Intensity of coagulant demand created by incoming solids.,source_and_coagulation,0,1,2,1,1,1,4,,pending,1,0.9255129386907455,10,0.1,0,0,0,0.0003938308967055471,"[""turbidity current"", ""disease severity"", ""sedimentation rate"", ""tributary load"", ""severity"", ""dust contamination""]"
graph_02,water_treatment_system,4,node_011,raw_correlation,,filtration resistance,Resistance to water flow across the filtration stage.,settling_and_filtration,0,1,2,1,1,1,4,,pending,0,0.921527741354311,10,0.1,0,0,0,0.0003938308967055471,"[""disease severity"", ""turbidity current"", ""fluid filtration process"", ""residual risk"", ""treatability"", ""sedimentation rate""]"
graph_02,water_treatment_system,4,node_004,core_oracle_estimated_weights,,pump wear severity,Severity of mechanical wear in the treatment-flow pump.,compliance_and_service,1,0,0,1,1,1,3,,pending,0,-0.06799495734048339,17,0.058823529411764705,0,0,0,0.0003938308967055471,[]
graph_02,water_treatment_system,4,node_005,core_oracle_estimated_weights,,quality sensor drift,Magnitude of calibration drift in the water-quality sensor.,disinfection_and_control,1,0,0,1,1,1,5,,pending,1,0.6521852848927882,2,0.5,0,1,0,0.0003938308967055471,"[""unreliability""]"
graph_02,water_treatment_system,4,node_007,core_oracle_estimated_weights,,coagulant demand intensity,Intensity of coagulant demand created by incoming solids.,source_and_coagulation,0,1,2,1,1,1,4,,pending,1,0.8982405122974113,9,0.1111111111111111,0,0,0,0.0003938308967055471,"[""turbidity current"", ""turbidity"", ""source of infection"", ""severity"", ""tributary load"", ""inlet manifold""]"
graph_02,water_treatment_system,4,node_011,core_oracle_estimated_weights,,filtration resistance,Resistance to water flow across the filtration stage.,settling_and_filtration,0,1,2,1,1,1,4,,pending,0,0.9033580487294378,5,0.2,0,1,0,0.0003938308967055471,"[""disease severity"", ""filterability"", ""filter tipped"", ""overloads"", ""overfulfil"", ""filter placement""]"
graph_02,water_treatment_system,4,node_004,core_oracle_true_weights,,pump wear severity,Severity of mechanical wear in the treatment-flow pump.,compliance_and_service,1,0,0,1,1,1,3,,pending,0,0.2419642237499633,17,0.058823529411764705,0,0,0,0.0003938308967055471,"[""reduction in production"", ""therapeutic rehabilitation""]"
graph_02,water_treatment_system,4,node_005,core_oracle_true_weights,,quality sensor drift,Magnitude of calibration drift in the water-quality sensor.,disinfection_and_control,1,0,0,1,1,1,5,,pending,1,0.6594764962770188,2,0.5,0,1,0,0.0003938308967055471,"[""unreliability""]"
graph_02,water_treatment_system,4,node_007,core_oracle_true_weights,,coagulant demand intensity,Intensity of coagulant demand created by incoming solids.,source_and_coagulation,0,1,2,1,1,1,4,,pending,1,0.8856913167144623,8,0.125,0,0,0,0.0003938308967055471,"[""turbidity current"", ""source of infection"", ""turbidity"", ""severity"", ""tributary load"", ""inlet manifold""]"
graph_02,water_treatment_system,4,node_011,core_oracle_true_weights,,filtration resistance,Resistance to water flow across the filtration stage.,settling_and_filtration,0,1,2,1,1,1,4,,pending,0,0.8989827253148016,5,0.2,0,1,0,0.0003938308967055471,"[""filterability"", ""disease severity"", ""filter placement"", ""severity"", ""filter tipped"", ""overfulfil""]"
graph_02,water_treatment_system,4,node_004,core_reversed_graph,,pump wear severity,Severity of mechanical wear in the treatment-flow pump.,compliance_and_service,1,0,0,1,1,1,3,,pending,0,0.794003372057587,17,0.058823529411764705,0,0,0,0.0003938308967055471,"[""treatment"", ""capacity utilization"", ""reduction in force"", ""reduction in production"", ""breaking capacity"", ""beta reduction""]"
graph_02,water_treatment_system,4,node_005,core_reversed_graph,,quality sensor drift,Magnitude of calibration drift in the water-quality sensor.,disinfection_and_control,1,0,0,1,1,1,5,,pending,1,0.8618729367628435,2,0.5,0,1,0,0.0003938308967055471,"[""unreliability"", ""measurement error"", ""semiconductor industry metrology""]"
graph_02,water_treatment_system,4,node_007,core_reversed_graph,,coagulant demand intensity,Intensity of coagulant demand created by incoming solids.,source_and_coagulation,0,1,2,1,1,1,4,,pending,1,0.8979826826804905,5,0.2,0,1,0,0.0003938308967055471,"[""disease severity"", ""severity"", ""turbidity current"", ""coagulation factor"", ""coagulability"", ""greatest extent""]"
graph_02,water_treatment_system,4,node_011,core_reversed_graph,,filtration resistance,Resistance to water flow across the filtration stage.,settling_and_filtration,0,1,2,1,1,1,4,,pending,0,0.8946524030534104,5,0.2,0,1,0,0.0003938308967055471,"[""disease severity"", ""capacity utilization"", ""filtering"", ""filterability"", ""filtration surgery"", ""maximum permissible dose""]"
graph_02,water_treatment_system,4,node_004,core_shuffled_graph,shuffle_00,pump wear severity,Severity of mechanical wear in the treatment-flow pump.,compliance_and_service,1,0,0,1,1,1,3,,pending,0,0.48004107533057855,13,0.07692307692307693,0,0,0,0.0003938308967055471,"[""compliance"", ""compliances"", ""fail secure"", ""compliance car""]"
graph_02,water_treatment_system,4,node_005,core_shuffled_graph,shuffle_00,quality sensor drift,Magnitude of calibration drift in the water-quality sensor.,disinfection_and_control,1,0,0,1,1,1,5,,pending,0,-0.692391104152536,15,0.06666666666666667,0,0,0,0.0003938308967055471,"[""low residual risk"", ""low turbidity""]"
graph_02,water_treatment_system,4,node_007,core_shuffled_graph,shuffle_00,coagulant demand intensity,Intensity of coagulant demand created by incoming solids.,source_and_coagulation,0,1,2,1,1,1,4,,pending,0,0.5287619495461865,19,0.05263157894736842,0,0,0,0.0003938308967055471,"[""turbidity current"", ""turbidity"", ""residual clay"", ""turbulization"", ""residualise""]"
graph_02,water_treatment_system,4,node_011,core_shuffled_graph,shuffle_00,filtration resistance,Resistance to water flow across the filtration stage.,settling_and_filtration,0,1,2,1,1,1,4,,pending,0,0.8977336595696603,8,0.125,0,0,0,0.0003938308967055471,"[""capacity utilization"", ""treatability"", ""disinfection process"", ""disease severity"", ""reduction in force"", ""reduction in production""]"
graph_02,water_treatment_system,4,node_004,core_shuffled_graph,shuffle_01,pump wear severity,Severity of mechanical wear in the treatment-flow pump.,compliance_and_service,1,0,0,1,1,1,3,,pending,0,0.8093688452947528,17,0.058823529411764705,0,0,0,0.0003938308967055471,"[""treatment"", ""reduction in production"", ""reduction in force"", ""capacity utilization"", ""reduced circumstances"", ""drug treatment sequence""]"
graph_02,water_treatment_system,4,node_005,core_shuffled_graph,shuffle_01,quality sensor drift,Magnitude of calibration drift in the water-quality sensor.,disinfection_and_control,1,0,0,1,1,1,5,,pending,1,0.8474718822020143,2,0.5,0,1,0,0.0003938308967055471,"[""unreliability"", ""measurement error""]"
graph_02,water_treatment_system,4,node_007,core_shuffled_graph,shuffle_01,coagulant demand intensity,Intensity of coagulant demand created by incoming solids.,source_and_coagulation,0,1,2,1,1,1,4,,pending,1,0.919294086858207,4,0.25,0,1,0,0.0003938308967055471,"[""disease severity"", ""coagulability"", ""severity"", ""structural deficit"", ""coagulation factor"", ""oxygen deficit""]"
graph_02,water_treatment_system,4,node_011,core_shuffled_graph,shuffle_01,filtration resistance,Resistance to water flow across the filtration stage.,settling_and_filtration,0,1,2,1,1,1,4,,pending,0,0.8944621261447665,9,0.1111111111111111,0,0,0,0.0003938308967055471,"[""unreliability"", ""sedimentation rate"", ""measurement error"", ""residual volume"", ""waste sorting"", ""dewaterability""]"
graph_02,water_treatment_system,4,node_004,core_shuffled_graph,shuffle_02,pump wear severity,Severity of mechanical wear in the treatment-flow pump.,compliance_and_service,1,0,0,1,1,1,3,,pending,0,0.7722324721375476,14,0.07142857142857142,0,0,0,0.0003938308967055471,"[""turbidity current"", ""residual risk"", ""residual volume"", ""residual power"", ""beta reduction"", ""prolongational reduction""]"
graph_02,water_treatment_system,4,node_005,core_shuffled_graph,shuffle_02,quality sensor drift,Magnitude of calibration drift in the water-quality sensor.,disinfection_and_control,1,0,0,1,1,1,5,,pending,1,0.19339346510412458,3,0.3333333333333333,0,1,0,0.0003938308967055471,[]
graph_02,water_treatment_system,4,node_007,core_shuffled_graph,shuffle_02,coagulant demand intensity,Intensity of coagulant demand created by incoming solids.,source_and_coagulation,0,1,2,1,1,1,4,,pending,1,0.8426383515764313,11,0.09090909090909091,0,0,0,0.0003938308967055471,"[""contamination"", ""inlet manifold"", ""inlet"", ""tributary load"", ""intake silencer""]"
graph_02,water_treatment_system,4,node_011,core_shuffled_graph,shuffle_02,filtration resistance,Resistance to water flow across the filtration stage.,settling_and_filtration,0,1,2,1,1,1,4,,pending,0,0.8193059548634103,3,0.3333333333333333,0,1,0,0.0003938308967055471,"[""compliance"", ""compliances"", ""result in failure"", ""fail safe"", ""failure rate"", ""exchange rate risk""]"
graph_02,water_treatment_system,4,node_004,core_shuffled_graph,shuffle_03,pump wear severity,Severity of mechanical wear in the treatment-flow pump.,compliance_and_service,1,0,0,1,1,1,3,,pending,1,0.21439821073089158,2,0.5,0,1,0,0.0003938308967055471,[]
graph_02,water_treatment_system,4,node_005,core_shuffled_graph,shuffle_03,quality sensor drift,Magnitude of calibration drift in the water-quality sensor.,disinfection_and_control,1,0,0,1,1,1,5,,pending,1,0.5701594250034802,2,0.5,0,1,0,0.0003938308967055471,"[""unreliability"", ""nonreliability""]"
graph_02,water_treatment_system,4,node_007,core_shuffled_graph,shuffle_03,coagulant demand intensity,Intensity of coagulant demand created by incoming solids.,source_and_coagulation,0,1,2,1,1,1,4,,pending,1,0.8653982037164992,5,0.2,0,1,0,0.0003938308967055471,"[""sedimentation rate"", ""tributary load"", ""settlings"", ""settle matter"", ""solids"", ""cleanup position""]"
graph_02,water_treatment_system,4,node_011,core_shuffled_graph,shuffle_03,filtration resistance,Resistance to water flow across the filtration stage.,settling_and_filtration,0,1,2,1,1,1,4,,pending,1,0.9019100156832852,5,0.2,0,1,0,0.0003938308967055471,"[""disease severity"", ""fouling"", ""sewage treatment"", ""fluid filtration process"", ""treatability"", ""filtration surgery""]"
graph_02,water_treatment_system,4,node_004,core_shuffled_graph,shuffle_04,pump wear severity,Severity of mechanical wear in the treatment-flow pump.,compliance_and_service,1,0,0,1,1,1,3,,pending,0,0.781244263913244,18,0.05555555555555555,0,0,0,0.0003938308967055471,"[""treatment"", ""reduction in force"", ""diminished capacity"", ""reduction in production"", ""summary treatment"", ""capacity utilization""]"
graph_02,water_treatment_system,4,node_005,core_shuffled_graph,shuffle_04,quality sensor drift,Magnitude of calibration drift in the water-quality sensor.,disinfection_and_control,1,0,0,1,1,1,5,,pending,1,0.6504117272736283,3,0.3333333333333333,0,1,0,0.0003938308967055471,"[""unreliability"", ""measurement error"", ""unrespectability""]"
graph_02,water_treatment_system,4,node_007,core_shuffled_graph,shuffle_04,coagulant demand intensity,Intensity of coagulant demand created by incoming solids.,source_and_coagulation,0,1,2,1,1,1,4,,pending,1,0.49151890437464885,13,0.07692307692307693,0,0,0,0.0003938308967055471,"[""disinfectant"", ""residual volume""]"
graph_02,water_treatment_system,4,node_011,core_shuffled_graph,shuffle_04,filtration resistance,Resistance to water flow across the filtration stage.,settling_and_filtration,0,1,2,1,1,1,4,,pending,0,0.860453712161191,3,0.3333333333333333,0,1,0,0.0003938308967055471,"[""filterability"", ""disease severity"", ""overfulfil"", ""overloads"", ""filtering"", ""overfitting""]"
graph_02,water_treatment_system,4,node_004,core_shuffled_graph,shuffle_05,pump wear severity,Severity of mechanical wear in the treatment-flow pump.,compliance_and_service,1,0,0,1,1,1,3,,pending,0,0.7431416334524338,11,0.09090909090909091,0,0,0,0.0003938308967055471,"[""residual risk"", ""total internal reflection"", ""reflectable"", ""ultrarationality"", ""residual power"", ""residual""]"
graph_02,water_treatment_system,4,node_005,core_shuffled_graph,shuffle_05,quality sensor drift,Magnitude of calibration drift in the water-quality sensor.,disinfection_and_control,1,0,0,1,1,1,5,,pending,1,0.3431301303537744,4,0.25,0,1,0,0.0003938308967055471,[]
graph_02,water_treatment_system,4,node_007,core_shuffled_graph,shuffle_05,coagulant demand intensity,Intensity of coagulant demand created by incoming solids.,source_and_coagulation,0,1,2,1,1,1,4,,pending,1,0.8284872266173453,6,0.16666666666666666,0,0,0,0.0003938308967055471,"[""unreliability"", ""turbidimetry"", ""measurement problem"", ""scale of measurement"", ""quality requirement"", ""measurement error""]"
graph_02,water_treatment_system,4,node_011,core_shuffled_graph,shuffle_05,filtration resistance,Resistance to water flow across the filtration stage.,settling_and_filtration,0,1,2,1,1,1,4,,pending,0,0.8722606834042723,8,0.125,0,0,0,0.0003938308967055471,"[""disease severity"", ""residual risk"", ""coagulability"", ""compliances"", ""result in failure"", ""specific risk""]"
graph_02,water_treatment_system,4,node_004,core_shuffled_graph,shuffle_06,pump wear severity,Severity of mechanical wear in the treatment-flow pump.,compliance_and_service,1,0,0,1,1,1,3,,pending,0,0.7881043123517659,15,0.06666666666666667,0,0,0,0.0003938308967055471,"[""residual volume"", ""disinfection process"", ""disinfectant"", ""disinfectants"", ""residual stress"", ""chemical balance""]"
graph_02,water_treatment_system,4,node_005,core_shuffled_graph,shuffle_06,quality sensor drift,Magnitude of calibration drift in the water-quality sensor.,disinfection_and_control,1,0,0,1,1,1,5,,pending,0,-0.3704436478335556,14,0.07142857142857142,0,0,0,0.0003938308967055471,"[""low residual risk""]"
graph_02,water_treatment_system,4,node_007,core_shuffled_graph,shuffle_06,coagulant demand intensity,Intensity of coagulant demand created by incoming solids.,source_and_coagulation,0,1,2,1,1,1,4,,pending,1,0.8844438024569515,5,0.2,0,1,0,0.0003938308967055471,"[""sedimentation rate"", ""turbidity current"", ""tributary load"", ""settlings"", ""settle matter"", ""solids""]"
graph_02,water_treatment_system,4,node_011,core_shuffled_graph,shuffle_06,filtration resistance,Resistance to water flow across the filtration stage.,settling_and_filtration,0,1,2,1,1,1,4,,pending,0,0.6063923509367499,9,0.1111111111111111,0,0,0,0.0003938308967055471,"[""disease severity"", ""coagulopathy"", ""coagulation factor""]"
graph_02,water_treatment_system,4,node_004,core_shuffled_graph,shuffle_07,pump wear severity,Severity of mechanical wear in the treatment-flow pump.,compliance_and_service,1,0,0,1,1,1,3,,pending,0,0.7117371693023558,15,0.06666666666666667,0,0,0,0.0003938308967055471,"[""disinfection process"", ""turbidity"", ""demand for identification"", ""diligency"", ""demand curve"", ""in demand""]"
graph_02,water_treatment_system,4,node_005,core_shuffled_graph,shuffle_07,quality sensor drift,Magnitude of calibration drift in the water-quality sensor.,disinfection_and_control,1,0,0,1,1,1,5,,pending,1,0.7453929148780222,3,0.3333333333333333,0,1,0,0.0003938308967055471,"[""quality control"", ""unreliability"", ""approximability"", ""patience"", ""calibrating"", ""patent""]"
graph_02,water_treatment_system,4,node_007,core_shuffled_graph,shuffle_07,coagulant demand intensity,Intensity of coagulant demand created by incoming solids.,source_and_coagulation,0,1,2,1,1,1,4,,pending,0,0.9093136236982007,4,0.25,0,1,0,0.0003938308967055471,"[""disease severity"", ""severity"", ""inlet manifold"", ""coagulability"", ""coagulation factor"", ""buffer bounding violation""]"
graph_02,water_treatment_system,4,node_011,core_shuffled_graph,shuffle_07,filtration resistance,Resistance to water flow across the filtration stage.,settling_and_filtration,0,1,2,1,1,1,4,,pending,1,0.8319618470852834,2,0.5,0,1,0,0.0003938308967055471,"[""treatment"", ""capacity utilization"", ""reduction in force"", ""reduction in production"", ""beta reduction"", ""drug treatment sequence""]"
graph_02,water_treatment_system,4,node_004,core_shuffled_graph,shuffle_08,pump wear severity,Severity of mechanical wear in the treatment-flow pump.,compliance_and_service,1,0,0,1,1,1,3,,pending,0,0.683224986354748,12,0.08333333333333333,0,0,0,0.0003938308967055471,"[""compliance"", ""fail safe"", ""result in failure"", ""fail secure""]"
graph_02,water_treatment_system,4,node_005,core_shuffled_graph,shuffle_08,quality sensor drift,Magnitude of calibration drift in the water-quality sensor.,disinfection_and_control,1,0,0,1,1,1,5,,pending,1,0.32317918922543715,3,0.3333333333333333,0,1,0,0.0003938308967055471,"[""unreliability""]"
graph_02,water_treatment_system,4,node_007,core_shuffled_graph,shuffle_08,coagulant demand intensity,Intensity of coagulant demand created by incoming solids.,source_and_coagulation,0,1,2,1,1,1,4,,pending,1,0.9173838547314417,5,0.2,0,1,0,0.0003938308967055471,"[""sedimentation rate"", ""turbidity current"", ""tributary load"", ""load water line"", ""settlings"", ""cleanup position""]"
graph_02,water_treatment_system,4,node_011,core_shuffled_graph,shuffle_08,filtration resistance,Resistance to water flow across the filtration stage.,settling_and_filtration,0,1,2,1,1,1,4,,pending,0,0.3336027639430615,14,0.07142857142857142,0,0,0,0.0003938308967055471,"[""coagulopathy"", ""anticoagulant complication""]"
graph_02,water_treatment_system,4,node_004,core_shuffled_graph,shuffle_09,pump wear severity,Severity of mechanical wear in the treatment-flow pump.,compliance_and_service,1,0,0,1,1,1,3,,pending,0,-0.7110002978651468,13,0.07692307692307693,0,0,0,0.0003938308967055471,"[""low turbidity current"", ""low turbidity""]"
graph_02,water_treatment_system,4,node_005,core_shuffled_graph,shuffle_09,quality sensor drift,Magnitude of calibration drift in the water-quality sensor.,disinfection_and_control,1,0,0,1,1,1,5,,pending,1,0.7502768187194626,2,0.5,0,1,0,0.0003938308967055471,"[""unreliability"", ""measurement error""]"
graph_02,water_treatment_system,4,node_007,core_shuffled_graph,shuffle_09,coagulant demand intensity,Intensity of coagulant demand created by incoming solids.,source_and_coagulation,0,1,2,1,1,1,4,,pending,1,0.7577393882217884,6,0.16666666666666666,0,0,0,0.0003938308967055471,"[""inlet manifold"", ""contamination"", ""inlet""]"
graph_02,water_treatment_system,4,node_011,core_shuffled_graph,shuffle_09,filtration resistance,Resistance to water flow across the filtration stage.,settling_and_filtration,0,1,2,1,1,1,4,,pending,0,0.7399316839272071,12,0.08333333333333333,0,0,0,0.0003938308967055471,"[""turbidity current"", ""turbidity""]"
graph_02,water_treatment_system,4,node_004,core_shuffled_graph,shuffle_10,pump wear severity,Severity of mechanical wear in the treatment-flow pump.,compliance_and_service,1,0,0,1,1,1,3,,pending,0,0.6529976791652735,10,0.1,0,0,0,0.0003938308967055471,"[""reduced circumstances"", ""treatment"", ""reduced"", ""cure"", ""leave hospital"", ""retracted""]"
graph_02,water_treatment_system,4,node_005,core_shuffled_graph,shuffle_10,quality sensor drift,Magnitude of calibration drift in the water-quality sensor.,disinfection_and_control,1,0,0,1,1,1,5,,pending,1,0.46079550930781865,4,0.25,0,1,0,0.0003938308967055471,"[""unreliability""]"
graph_02,water_treatment_system,4,node_007,core_shuffled_graph,shuffle_10,coagulant demand intensity,Intensity of coagulant demand created by incoming solids.,source_and_coagulation,0,1,2,1,1,1,4,,pending,1,0.9130526622841227,2,0.5,0,1,0,0.0003938308967055471,"[""chemical oxygen demand"", ""disinfection process"", ""disinfection"", ""change intensity"", ""intensity level"", ""disinfectants""]"
graph_02,water_treatment_system,4,node_011,core_shuffled_graph,shuffle_10,filtration resistance,Resistance to water flow across the filtration stage.,settling_and_filtration,0,1,2,1,1,1,4,,pending,0,0.8518577381505674,5,0.2,0,1,0,0.0003938308967055471,"[""overloads"", ""filterability"", ""overfulfil"", ""disease severity"", ""filtering"", ""overfitting""]"
graph_02,water_treatment_system,4,node_004,core_shuffled_graph,shuffle_11,pump wear severity,Severity of mechanical wear in the treatment-flow pump.,compliance_and_service,1,0,0,1,1,1,3,,pending,0,-0.36451823073040907,17,0.058823529411764705,0,0,0,0.0003938308967055471,[]
graph_02,water_treatment_system,4,node_005,core_shuffled_graph,shuffle_11,quality sensor drift,Magnitude of calibration drift in the water-quality sensor.,disinfection_and_control,1,0,0,1,1,1,5,,pending,0,-0.778892328587397,7,0.14285714285714285,0,0,0,0.0003938308967055471,"[""low turbidity current"", ""low turbidity"", ""low disease severity"", ""low summary treatment"", ""low source configuration management"", ""low maximum permissible dose""]"
graph_02,water_treatment_system,4,node_007,core_shuffled_graph,shuffle_11,coagulant demand intensity,Intensity of coagulant demand created by incoming solids.,source_and_coagulation,0,1,2,1,1,1,4,,pending,0,0.8965452599148678,5,0.2,0,1,0,0.0003938308967055471,"[""severity"", ""disease severity"", ""source of infection"", ""viral load"", ""turbidity current"", ""bioload""]"
graph_02,water_treatment_system,4,node_011,core_shuffled_graph,shuffle_11,filtration resistance,Resistance to water flow across the filtration stage.,settling_and_filtration,0,1,2,1,1,1,4,,pending,1,0.7736107213064322,5,0.2,0,1,0,0.0003938308967055471,"[""lenient treatment"", ""breaking capacity"", ""beta reduction"", ""confidence limits"", ""summary treatment"", ""reduction in force""]"
graph_02,water_treatment_system,4,node_004,core_shuffled_graph,shuffle_12,pump wear severity,Severity of mechanical wear in the treatment-flow pump.,compliance_and_service,1,0,0,1,1,1,3,,pending,1,0.7895533289669996,4,0.25,0,1,0,0.0003938308967055471,"[""distribution server"", ""call delay"", ""distribution organization"", ""broadcast delay"", ""delay payment"", ""propagation delay""]"
graph_02,water_treatment_system,4,node_005,core_shuffled_graph,shuffle_12,quality sensor drift,Magnitude of calibration drift in the water-quality sensor.,disinfection_and_control,1,0,0,1,1,1,5,,pending,1,0.8327314198374913,8,0.125,0,0,0,0.0003938308967055471,"[""delay slot"", ""correction factor"", ""control engineering"", ""control condition"", ""control operation"", ""call delay""]"
graph_02,water_treatment_system,4,node_007,core_shuffled_graph,shuffle_12,coagulant demand intensity,Intensity of coagulant demand created by incoming solids.,source_and_coagulation,0,1,2,1,1,1,4,,pending,1,0.9272807197151701,5,0.2,0,1,0,0.0003938308967055471,"[""sedimentation rate"", ""disease severity"", ""coagulability"", ""tributary load"", ""severity"", ""cleanup position""]"
graph_02,water_treatment_system,4,node_011,core_shuffled_graph,shuffle_12,filtration resistance,Resistance to water flow across the filtration stage.,settling_and_filtration,0,1,2,1,1,1,4,,pending,1,0.8681752251691579,6,0.16666666666666666,0,0,0,0.0003938308967055471,"[""residual risk"", ""turbidity current"", ""sewage treatment"", ""turbidity"", ""reduce swelling"", ""residual volume""]"
graph_02,water_treatment_system,4,node_004,core_shuffled_graph,shuffle_13,pump wear severity,Severity of mechanical wear in the treatment-flow pump.,compliance_and_service,1,0,0,1,1,1,3,,pending,1,0.3218318626015267,6,0.16666666666666666,0,0,0,0.0003938308967055471,[]
graph_02,water_treatment_system,4,node_005,core_shuffled_graph,shuffle_13,quality sensor drift,Magnitude of calibration drift in the water-quality sensor.,disinfection_and_control,1,0,0,1,1,1,5,,pending,1,0.031233283131543603,4,0.25,0,1,0,0.0003938308967055471,[]
graph_02,water_treatment_system,4,node_007,core_shuffled_graph,shuffle_13,coagulant demand intensity,Intensity of coagulant demand created by incoming solids.,source_and_coagulation,0,1,2,1,1,1,4,,pending,1,0.9091810934952625,3,0.3333333333333333,0,1,0,0.0003938308967055471,"[""disease severity"", ""coagulability"", ""turbidity current"", ""what extent"", ""tributary load"", ""sedimentation rate""]"
graph_02,water_treatment_system,4,node_011,core_shuffled_graph,shuffle_13,filtration resistance,Resistance to water flow across the filtration stage.,settling_and_filtration,0,1,2,1,1,1,4,,pending,1,0.4700431557401385,5,0.2,0,1,0,0.0003938308967055471,"[""compliances"", ""compliance""]"
graph_02,water_treatment_system,4,node_004,core_shuffled_graph,shuffle_14,pump wear severity,Severity of mechanical wear in the treatment-flow pump.,compliance_and_service,1,0,0,1,1,1,3,,pending,0,0.8166389787525768,18,0.05555555555555555,0,0,0,0.0003938308967055471,"[""capacity utilization"", ""reduction in production"", ""treatment"", ""drug treatment sequence"", ""breaking capacity"", ""reduction in force""]"
graph_02,water_treatment_system,4,node_005,core_shuffled_graph,shuffle_14,quality sensor drift,Magnitude of calibration drift in the water-quality sensor.,disinfection_and_control,1,0,0,1,1,1,5,,pending,1,-0.4606192528648075,5,0.2,0,1,0,0.0003938308967055471,"[""low disease severity"", ""low concept filter"", ""low ormsby filter"", ""low maximum permissible dose""]"
graph_02,water_treatment_system,4,node_007,core_shuffled_graph,shuffle_14,coagulant demand intensity,Intensity of coagulant demand created by incoming solids.,source_and_coagulation,0,1,2,1,1,1,4,,pending,1,0.8067951229881682,6,0.16666666666666666,0,0,0,0.0003938308967055471,"[""control operation"", ""input validation fault"", ""delay slot"", ""correction factor"", ""clear air turbulence"", ""correction line""]"
graph_02,water_treatment_system,4,node_011,core_shuffled_graph,shuffle_14,filtration resistance,Resistance to water flow across the filtration stage.,settling_and_filtration,0,1,2,1,1,1,4,,pending,0,0.9067216365717331,5,0.2,0,1,0,0.0003938308967055471,"[""disease severity"", ""filterability"", ""overloads"", ""filter placement"", ""severity"", ""overfulfil""]"
graph_02,water_treatment_system,4,node_004,core_shuffled_graph,shuffle_15,pump wear severity,Severity of mechanical wear in the treatment-flow pump.,compliance_and_service,1,0,0,1,1,1,3,,pending,0,0.5682990370265487,14,0.07142857142857142,0,0,0,0.0003938308967055471,"[""rest cure"", ""treatment"", ""capacity utilization"", ""reduction in production"", ""beta reduction"", ""cost reduction""]"
graph_02,water_treatment_system,4,node_005,core_shuffled_graph,shuffle_15,quality sensor drift,Magnitude of calibration drift in the water-quality sensor.,disinfection_and_control,1,0,0,1,1,1,5,,pending,1,-0.5156144990084403,1,1.0,1,1,1,0.0003938308967055471,"[""low reduction in force"", ""low capacity utilization rate"", ""low drug treatment sequence"", ""low lenient treatment"", ""low salvage therapy"", ""low beta reduction""]"
graph_02,water_treatment_system,4,node_007,core_shuffled_graph,shuffle_15,coagulant demand intensity,Intensity of coagulant demand created by incoming solids.,source_and_coagulation,0,1,2,1,1,1,4,,pending,1,0.919496578736281,4,0.25,0,1,0,0.0003938308967055471,"[""disease severity"", ""compliances"", ""standards compliance"", ""compliance"", ""coagulability"", ""risk of infection""]"
graph_02,water_treatment_system,4,node_011,core_shuffled_graph,shuffle_15,filtration resistance,Resistance to water flow across the filtration stage.,settling_and_filtration,0,1,2,1,1,1,4,,pending,0,0.8852781219383302,8,0.125,0,0,0,0.0003938308967055471,"[""unreliability"", ""sedimentation rate"", ""solids"", ""settlings"", ""capacity measure"", ""load water line""]"
graph_02,water_treatment_system,4,node_004,core_shuffled_graph,shuffle_16,pump wear severity,Severity of mechanical wear in the treatment-flow pump.,compliance_and_service,1,0,0,1,1,1,3,,pending,0,0.782389160727508,16,0.0625,0,0,0,0.0003938308967055471,"[""treatment"", ""breaking capacity"", ""capacity utilization"", ""reduced circumstances"", ""reduction in force"", ""lenient treatment""]"
graph_02,water_treatment_system,4,node_005,core_shuffled_graph,shuffle_16,quality sensor drift,Magnitude of calibration drift in the water-quality sensor.,disinfection_and_control,1,0,0,1,1,1,5,,pending,1,-0.7878483736584838,7,0.14285714285714285,0,0,0,0.0003938308967055471,"[""low fouling"", ""low disease severity"", ""low filterability"", ""low filter placement"", ""low filter feeder"", ""low automotive filter""]"
graph_02,water_treatment_system,4,node_007,core_shuffled_graph,shuffle_16,coagulant demand intensity,Intensity of coagulant demand created by incoming solids.,source_and_coagulation,0,1,2,1,1,1,4,,pending,0,0.8796647914479698,12,0.08333333333333333,0,0,0,0.0003938308967055471,"[""turbidity current"", ""turbidity"", ""source of infection"", ""severity"", ""inlet manifold"", ""source configuration management""]"
graph_02,water_treatment_system,4,node_011,core_shuffled_graph,shuffle_16,filtration resistance,Resistance to water flow across the filtration stage.,settling_and_filtration,0,1,2,1,1,1,4,,pending,0,0.8898692857560963,12,0.08333333333333333,0,0,0,0.0003938308967055471,"[""distribution cost"", ""propagation delay"", ""length of service"", ""distribution organization"", ""distribution network"", ""delayment""]"
graph_02,water_treatment_system,4,node_004,core_shuffled_graph,shuffle_17,pump wear severity,Severity of mechanical wear in the treatment-flow pump.,compliance_and_service,1,0,0,1,1,1,3,,pending,1,0.7668304049262183,11,0.09090909090909091,0,0,0,0.0003938308967055471,"[""distribution server"", ""delay payment"", ""call delay"", ""distribution organization"", ""delaying agent"", ""delayed action""]"
graph_02,water_treatment_system,4,node_005,core_shuffled_graph,shuffle_17,quality sensor drift,Magnitude of calibration drift in the water-quality sensor.,disinfection_and_control,1,0,0,1,1,1,5,,pending,1,0.5011801782326362,6,0.16666666666666666,0,0,0,0.0003938308967055471,"[""immersivity"", ""nonactivity"", ""titillation"", ""likability"", ""nonacidity"", ""clivity""]"
graph_02,water_treatment_system,4,node_007,core_shuffled_graph,shuffle_17,coagulant demand intensity,Intensity of coagulant demand created by incoming solids.,source_and_coagulation,0,1,2,1,1,1,4,,pending,0,0.5501338444007198,16,0.0625,0,0,0,0.0003938308967055471,"[""overloads"", ""overloader""]"
graph_02,water_treatment_system,4,node_011,core_shuffled_graph,shuffle_17,filtration resistance,Resistance to water flow across the filtration stage.,settling_and_filtration,0,1,2,1,1,1,4,,pending,0,0.8476717172659923,12,0.08333333333333333,0,0,0,0.0003938308967055471,"[""chemical oxygen demand"", ""shortage"", ""dosing"", ""dose rate"", ""chemical operations"", ""potential chemical threat""]"
graph_02,water_treatment_system,4,node_004,core_shuffled_graph,shuffle_18,pump wear severity,Severity of mechanical wear in the treatment-flow pump.,compliance_and_service,1,0,0,1,1,1,3,,pending,1,0.6863108532951705,10,0.1,0,0,0,0.0003938308967055471,"[""call delay"", ""distribution server"", ""propagation delay"", ""delaying"", ""distribution organization""]"
graph_02,water_treatment_system,4,node_005,core_shuffled_graph,shuffle_18,quality sensor drift,Magnitude of calibration drift in the water-quality sensor.,disinfection_and_control,1,0,0,1,1,1,5,,pending,1,0.5599044847844313,7,0.14285714285714285,0,0,0,0.0003938308967055471,"[""control experiment"", ""control condition"", ""control operation"", ""feedback control"", ""correction factor"", ""control car""]"
graph_02,water_treatment_system,4,node_007,core_shuffled_graph,shuffle_18,coagulant demand intensity,Intensity of coagulant demand created by incoming solids.,source_and_coagulation,0,1,2,1,1,1,4,,pending,0,0.7163368762473731,12,0.08333333333333333,0,0,0,0.0003938308967055471,"[""inlet manifold"", ""contamination"", ""inlet""]"
graph_02,water_treatment_system,4,node_011,core_shuffled_graph,shuffle_18,filtration resistance,Resistance to water flow across the filtration stage.,settling_and_filtration,0,1,2,1,1,1,4,,pending,0,0.7172479256238572,5,0.2,0,1,0,0.0003938308967055471,"[""overloads"", ""filterability"", ""disease severity"", ""overfulfil""]"
graph_02,water_treatment_system,4,node_004,core_shuffled_graph,shuffle_19,pump wear severity,Severity of mechanical wear in the treatment-flow pump.,compliance_and_service,1,0,0,1,1,1,3,,pending,1,-0.705823460510335,9,0.1111111111111111,0,0,0,0.0003938308967055471,"[""low contamination"", ""low inlet manifold"", ""low inlet""]"
graph_02,water_treatment_system,4,node_005,core_shuffled_graph,shuffle_19,quality sensor drift,Magnitude of calibration drift in the water-quality sensor.,disinfection_and_control,1,0,0,1,1,1,5,,pending,1,0.8255970600826896,2,0.5,0,1,0,0.0003938308967055471,"[""unreliability"", ""measurement error""]"
graph_02,water_treatment_system,4,node_007,core_shuffled_graph,shuffle_19,coagulant demand intensity,Intensity of coagulant demand created by incoming solids.,source_and_coagulation,0,1,2,1,1,1,4,,pending,1,0.8764861090759267,6,0.16666666666666666,0,0,0,0.0003938308967055471,"[""distribution cost"", ""tributary load"", ""turbidity current"", ""inlet manifold"", ""contamination"", ""dust contamination""]"
graph_02,water_treatment_system,4,node_011,core_shuffled_graph,shuffle_19,filtration resistance,Resistance to water flow across the filtration stage.,settling_and_filtration,0,1,2,1,1,1,4,,pending,1,0.8862441041250498,3,0.3333333333333333,0,1,0,0.0003938308967055471,"[""unreliability"", ""capacity measure"", ""measurement error"", ""measurement problem"", ""unformatted capacity"", ""quality of service""]"
