graph_id,world,fold,arm,shuffle_id,term,term_active,optimization_applicable,status,raw_initial_loss,raw_final_loss,raw_loss_delta,active_initial_loss,active_final_loss,active_loss_delta,nonfinite
graph_00,industrial_cooling_system,0,full_oracle,,generation,True,True,,1.783076286315918,0.3413715660572052,-1.4417047202587128,1.783076286315918,0.3413715660572052,-1.4417047202587128,False
graph_00,industrial_cooling_system,0,full_oracle,,residual_norm,True,True,,0.0041015176102519035,0.43048667907714844,0.42638516146689653,0.0041015176102519035,0.43048667907714844,0.42638516146689653,False
graph_00,industrial_cooling_system,0,full_oracle,,residual_alignment,True,True,,0.0018092718673869967,0.053063176572322845,0.05125390470493585,0.0018092718673869967,0.053063176572322845,0.05125390470493585,False
graph_00,industrial_cooling_system,0,full_oracle,,independence,True,True,,0.06234506145119667,0.05999796837568283,-0.0023470930755138397,0.06234506145119667,0.05999796837568283,-0.0023470930755138397,False
graph_00,industrial_cooling_system,0,full_oracle,,bridge,True,True,,0.0,0.0,0.0,0.0,0.0,0.0,False
graph_00,industrial_cooling_system,0,full_oracle,,norm,True,True,,0.0002513497893232852,0.0003026131307706237,5.126334144733846e-05,0.0002513497893232852,0.0003026131307706237,5.126334144733846e-05,False
graph_00,industrial_cooling_system,0,generation_only_oracle,,generation,True,True,,1.783076286315918,0.0026683839969336987,-1.7804079023189843,1.783076286315918,0.0026683839969336987,-1.7804079023189843,False
graph_00,industrial_cooling_system,0,generation_only_oracle,,residual_norm,False,True,,0.0041015176102519035,1.3922399282455444,1.3881384106352925,0.0,0.0,0.0,False
graph_00,industrial_cooling_system,0,generation_only_oracle,,residual_alignment,False,True,,0.0018092718673869967,0.10964158177375793,0.10783230990637094,0.0,0.0,0.0,False
graph_00,industrial_cooling_system,0,generation_only_oracle,,independence,False,True,,0.06234506145119667,0.06062162667512894,-0.0017234347760677338,0.0,0.0,0.0,False
graph_00,industrial_cooling_system,0,generation_only_oracle,,bridge,False,True,,0.0,0.0,0.0,0.0,0.0,0.0,False
graph_00,industrial_cooling_system,0,generation_only_oracle,,norm,False,True,,0.0002513497893232852,0.0004953622701577842,0.000244012480834499,0.0,0.0,0.0,False
graph_00,industrial_cooling_system,0,oracle_without_generation,,generation,False,True,,1.783076286315918,4.056550025939941,2.2734737396240234,0.0,0.0,0.0,False
graph_00,industrial_cooling_system,0,oracle_without_generation,,residual_norm,True,True,,0.0041015176102519035,0.09774607419967651,0.09364455658942461,0.0041015176102519035,0.09774607419967651,0.09364455658942461,False
graph_00,industrial_cooling_system,0,oracle_without_generation,,residual_alignment,True,True,,0.0018092718673869967,0.01614753156900406,0.014338259701617062,0.0018092718673869967,0.01614753156900406,0.014338259701617062,False
graph_00,industrial_cooling_system,0,oracle_without_generation,,independence,True,True,,0.06234506145119667,0.04778674617409706,-0.01455831527709961,0.06234506145119667,0.04778674617409706,-0.01455831527709961,False
graph_00,industrial_cooling_system,0,oracle_without_generation,,bridge,True,True,,0.0,2.9202524274296593e-06,2.9202524274296593e-06,0.0,2.9202524274296593e-06,2.9202524274296593e-06,False
graph_00,industrial_cooling_system,0,oracle_without_generation,,norm,True,True,,0.0002513497893232852,9.540829069010215e-07,-0.0002503957064163842,0.0002513497893232852,9.540829069010215e-07,-0.0002503957064163842,False
graph_00,industrial_cooling_system,0,residual_only_oracle,,generation,False,True,,1.783076286315918,1.932607650756836,0.14953136444091797,0.0,0.0,0.0,False
graph_00,industrial_cooling_system,0,residual_only_oracle,,residual_norm,True,True,,0.0041015176102519035,0.09774607419967651,0.09364455658942461,0.0041015176102519035,0.09774607419967651,0.09364455658942461,False
graph_00,industrial_cooling_system,0,residual_only_oracle,,residual_alignment,True,True,,0.0018092718673869967,0.01614753156900406,0.014338259701617062,0.0018092718673869967,0.01614753156900406,0.014338259701617062,False
graph_00,industrial_cooling_system,0,residual_only_oracle,,independence,False,True,,0.06234506145119667,0.06234506145119667,0.0,0.0,0.0,0.0,False
graph_00,industrial_cooling_system,0,residual_only_oracle,,bridge,False,True,,0.0,0.0,0.0,0.0,0.0,0.0,False
graph_00,industrial_cooling_system,0,residual_only_oracle,,norm,False,True,,0.0002513497893232852,0.0002513497893232852,0.0,0.0,0.0,0.0,False
graph_00,industrial_cooling_system,0,independence_only_oracle,,generation,False,True,,1.783076286315918,37.69799041748047,35.91491413116455,0.0,0.0,0.0,False
graph_00,industrial_cooling_system,0,independence_only_oracle,,residual_norm,False,True,,0.0041015176102519035,0.0041015176102519035,0.0,0.0,0.0,0.0,False
graph_00,industrial_cooling_system,0,independence_only_oracle,,residual_alignment,False,True,,0.0018092718673869967,0.0018092718673869967,0.0,0.0,0.0,0.0,False
graph_00,industrial_cooling_system,0,independence_only_oracle,,independence,True,True,,0.06234506145119667,0.047794319689273834,-0.014550741761922836,0.06234506145119667,0.047794319689273834,-0.014550741761922836,False
graph_00,industrial_cooling_system,0,independence_only_oracle,,bridge,True,True,,0.0,2.184323784604203e-05,2.184323784604203e-05,0.0,2.184323784604203e-05,2.184323784604203e-05,False
graph_00,industrial_cooling_system,0,independence_only_oracle,,norm,False,True,,0.0002513497893232852,0.39653751254081726,0.396286162751494,0.0,0.0,0.0,False
graph_00,industrial_cooling_system,0,symmetrized_oracle,,generation,True,True,,11.186596870422363,1.2044236660003662,-9.982173204421997,11.186596870422363,1.2044236660003662,-9.982173204421997,False
graph_00,industrial_cooling_system,0,symmetrized_oracle,,residual_norm,True,True,,0.0040664346888661385,2.2388086318969727,2.2347421972081065,0.0040664346888661385,2.2388086318969727,2.2347421972081065,False
graph_00,industrial_cooling_system,0,symmetrized_oracle,,residual_alignment,True,True,,0.016089539974927902,0.33048978447914124,0.31440024450421333,0.016089539974927902,0.33048978447914124,0.31440024450421333,False
graph_00,industrial_cooling_system,0,symmetrized_oracle,,independence,True,True,,0.0,0.0,0.0,0.0,0.0,0.0,False
graph_00,industrial_cooling_system,0,symmetrized_oracle,,bridge,True,True,,0.0,0.0,0.0,0.0,0.0,0.0,False
graph_00,industrial_cooling_system,0,symmetrized_oracle,,norm,True,True,,0.0002483671996742487,0.003868074854835868,0.003619707655161619,0.0002483671996742487,0.003868074854835868,0.003619707655161619,False
graph_00,industrial_cooling_system,0,markov_blanket_oracle,,generation,True,True,,17.585237503051758,1.7627170085906982,-15.82252049446106,17.585237503051758,1.7627170085906982,-15.82252049446106,False
graph_00,industrial_cooling_system,0,markov_blanket_oracle,,residual_norm,True,True,,0.004068039357662201,3.3964526653289795,3.3923846259713173,0.004068039357662201,3.3964526653289795,3.3923846259713173,False
graph_00,industrial_cooling_system,0,markov_blanket_oracle,,residual_alignment,True,True,,0.026899198070168495,0.39308539032936096,0.36618619225919247,0.026899198070168495,0.39308539032936096,0.36618619225919247,False
graph_00,industrial_cooling_system,0,markov_blanket_oracle,,independence,True,True,,0.0,0.0,0.0,0.0,0.0,0.0,False
graph_00,industrial_cooling_system,0,markov_blanket_oracle,,bridge,True,True,,0.0,2.4692029910511337e-05,2.4692029910511337e-05,0.0,2.4692029910511337e-05,2.4692029910511337e-05,False
graph_00,industrial_cooling_system,0,markov_blanket_oracle,,norm,True,True,,0.0002488705504219979,0.005026142578572035,0.004777272028150037,0.0002488705504219979,0.005026142578572035,0.004777272028150037,False
graph_00,industrial_cooling_system,0,same_module_graph,,generation,True,True,,6.89892053604126,0.6850384473800659,-6.213882088661194,6.89892053604126,0.6850384473800659,-6.213882088661194,False
graph_00,industrial_cooling_system,0,same_module_graph,,residual_norm,True,True,,0.004069680348038673,1.3333855867385864,1.3293159063905478,0.004069680348038673,1.3333855867385864,1.3293159063905478,False
graph_00,industrial_cooling_system,0,same_module_graph,,residual_alignment,True,True,,0.032013703137636185,0.19860494136810303,0.16659123823046684,0.032013703137636185,0.19860494136810303,0.16659123823046684,False
graph_00,industrial_cooling_system,0,same_module_graph,,independence,True,True,,0.0553496815264225,0.05365775153040886,-0.0016919299960136414,0.0553496815264225,0.05365775153040886,-0.0016919299960136414,False
graph_00,industrial_cooling_system,0,same_module_graph,,bridge,True,True,,0.0,0.0,0.0,0.0,0.0,0.0,False
graph_00,industrial_cooling_system,0,same_module_graph,,norm,True,True,,0.0002488563768565655,0.004568145610392094,0.004319289233535528,0.0002488563768565655,0.004568145610392094,0.004319289233535528,False
graph_00,industrial_cooling_system,0,reversed_full,,generation,True,True,,3.419745922088623,0.3890882730484009,-3.030657649040222,3.419745922088623,0.3890882730484009,-3.030657649040222,False
graph_00,industrial_cooling_system,0,reversed_full,,residual_norm,True,True,,0.004013547208160162,0.693074643611908,0.6890610964037478,0.004013547208160162,0.693074643611908,0.6890610964037478,False
graph_00,industrial_cooling_system,0,reversed_full,,residual_alignment,True,True,,0.009419872425496578,0.09094087034463882,0.08152099791914225,0.009419872425496578,0.09094087034463882,0.08152099791914225,False
graph_00,industrial_cooling_system,0,reversed_full,,independence,True,True,,0.0,0.0,0.0,0.0,0.0,0.0,False
graph_00,industrial_cooling_system,0,reversed_full,,bridge,True,True,,0.0,0.0,0.0,0.0,0.0,0.0,False
graph_00,industrial_cooling_system,0,reversed_full,,norm,True,True,,0.0002516893146093935,0.0016432848060503602,0.0013915954914409667,0.0002516893146093935,0.0016432848060503602,0.0013915954914409667,False
graph_00,industrial_cooling_system,0,shuffled_full,shuffle_00,generation,True,True,,3.124627113342285,0.48490336537361145,-2.6397237479686737,3.124627113342285,0.48490336537361145,-2.6397237479686737,False
graph_00,industrial_cooling_system,0,shuffled_full,shuffle_00,residual_norm,True,True,,0.003927608486264944,0.6830636858940125,0.6791360774077475,0.003927608486264944,0.6830636858940125,0.6791360774077475,False
graph_00,industrial_cooling_system,0,shuffled_full,shuffle_00,residual_alignment,True,True,,0.04290928319096565,0.1515318751335144,0.10862259194254875,0.04290928319096565,0.1515318751335144,0.10862259194254875,False
graph_00,industrial_cooling_system,0,shuffled_full,shuffle_00,independence,True,True,,0.05957973748445511,0.038745034486055374,-0.020834702998399734,0.05957973748445511,0.038745034486055374,-0.020834702998399734,False
graph_00,industrial_cooling_system,0,shuffled_full,shuffle_00,bridge,True,True,,0.0,1.0802914403029718e-05,1.0802914403029718e-05,0.0,1.0802914403029718e-05,1.0802914403029718e-05,False
graph_00,industrial_cooling_system,0,shuffled_full,shuffle_00,norm,True,True,,0.00027757041971199214,0.005532586947083473,0.005255016527371481,0.00027757041971199214,0.005532586947083473,0.005255016527371481,False
graph_00,industrial_cooling_system,0,shuffled_full,shuffle_01,generation,True,True,,2.4462831020355225,0.30559098720550537,-2.140692114830017,2.4462831020355225,0.30559098720550537,-2.140692114830017,False
graph_00,industrial_cooling_system,0,shuffled_full,shuffle_01,residual_norm,True,True,,0.004036671482026577,0.4382099211215973,0.4341732496395707,0.004036671482026577,0.4382099211215973,0.4341732496395707,False
graph_00,industrial_cooling_system,0,shuffled_full,shuffle_01,residual_alignment,True,True,,0.04424646869301796,0.06239074841141701,0.018144279718399048,0.04424646869301796,0.06239074841141701,0.018144279718399048,False
graph_00,industrial_cooling_system,0,shuffled_full,shuffle_01,independence,True,True,,0.06417521089315414,0.0651417002081871,0.000966489315032959,0.06417521089315414,0.0651417002081871,0.000966489315032959,False
graph_00,industrial_cooling_system,0,shuffled_full,shuffle_01,bridge,True,True,,0.0,0.0,0.0,0.0,0.0,0.0,False
graph_00,industrial_cooling_system,0,shuffled_full,shuffle_01,norm,True,True,,0.0002475145738571882,0.009160110726952553,0.008912596153095365,0.0002475145738571882,0.009160110726952553,0.008912596153095365,False
graph_00,industrial_cooling_system,0,shuffled_full,shuffle_02,generation,True,True,,2.9619076251983643,0.4141553044319153,-2.547752320766449,2.9619076251983643,0.4141553044319153,-2.547752320766449,False
graph_00,industrial_cooling_system,0,shuffled_full,shuffle_02,residual_norm,True,True,,0.0039783651009202,0.586593508720398,0.5826151436194777,0.0039783651009202,0.586593508720398,0.5826151436194777,False
graph_00,industrial_cooling_system,0,shuffled_full,shuffle_02,residual_alignment,True,True,,0.04818997532129288,0.09817734360694885,0.049987368285655975,0.04818997532129288,0.09817734360694885,0.049987368285655975,False
graph_00,industrial_cooling_system,0,shuffled_full,shuffle_02,independence,True,True,,0.06252984702587128,0.05394739657640457,-0.008582450449466705,0.06252984702587128,0.05394739657640457,-0.008582450449466705,False
graph_00,industrial_cooling_system,0,shuffled_full,shuffle_02,bridge,True,True,,0.0,0.0,0.0,0.0,0.0,0.0,False
graph_00,industrial_cooling_system,0,shuffled_full,shuffle_02,norm,True,True,,0.00024722094531171024,0.007885896600782871,0.007638675655471161,0.00024722094531171024,0.007885896600782871,0.007638675655471161,False
graph_00,industrial_cooling_system,0,shuffled_full,shuffle_03,generation,True,True,,2.481444835662842,0.32645806670188904,-2.1549867689609528,2.481444835662842,0.32645806670188904,-2.1549867689609528,False
graph_00,industrial_cooling_system,0,shuffled_full,shuffle_03,residual_norm,True,True,,0.004014185164123774,0.47743502259254456,0.4734208374284208,0.004014185164123774,0.47743502259254456,0.4734208374284208,False
graph_00,industrial_cooling_system,0,shuffled_full,shuffle_03,residual_alignment,True,True,,0.03050272725522518,0.062162723392248154,0.03165999613702297,0.03050272725522518,0.062162723392248154,0.03165999613702297,False
graph_00,industrial_cooling_system,0,shuffled_full,shuffle_03,independence,True,True,,0.06369756162166595,0.05873443931341171,-0.004963122308254242,0.06369756162166595,0.05873443931341171,-0.004963122308254242,False
graph_00,industrial_cooling_system,0,shuffled_full,shuffle_03,bridge,True,True,,0.0,0.0,0.0,0.0,0.0,0.0,False
graph_00,industrial_cooling_system,0,shuffled_full,shuffle_03,norm,True,True,,0.0002511645434424281,0.01363743282854557,0.013386268285103142,0.0002511645434424281,0.01363743282854557,0.013386268285103142,False
graph_00,industrial_cooling_system,0,shuffled_full,shuffle_04,generation,True,True,,2.6690380573272705,0.3002259433269501,-2.3688121140003204,2.6690380573272705,0.3002259433269501,-2.3688121140003204,False
graph_00,industrial_cooling_system,0,shuffled_full,shuffle_04,residual_norm,True,True,,0.004012478515505791,0.41098520159721375,0.40697272308170795,0.004012478515505791,0.41098520159721375,0.40697272308170795,False
graph_00,industrial_cooling_system,0,shuffled_full,shuffle_04,residual_alignment,True,True,,0.03255036845803261,0.0427967831492424,0.010246414691209793,0.03255036845803261,0.0427967831492424,0.010246414691209793,False
graph_00,industrial_cooling_system,0,shuffled_full,shuffle_04,independence,True,True,,0.06471401453018188,0.05944650247693062,-0.0052675120532512665,0.06471401453018188,0.05944650247693062,-0.0052675120532512665,False
graph_00,industrial_cooling_system,0,shuffled_full,shuffle_04,bridge,True,True,,0.0,0.0,0.0,0.0,0.0,0.0,False
graph_00,industrial_cooling_system,0,shuffled_full,shuffle_04,norm,True,True,,0.0002791305014397949,0.04127664491534233,0.040997514413902536,0.0002791305014397949,0.04127664491534233,0.040997514413902536,False
graph_00,industrial_cooling_system,0,shuffled_full,shuffle_05,generation,True,True,,2.594329357147217,0.3687226176261902,-2.2256067395210266,2.594329357147217,0.3687226176261902,-2.2256067395210266,False
graph_00,industrial_cooling_system,0,shuffled_full,shuffle_05,residual_norm,True,True,,0.004063532687723637,0.4971630275249481,0.4930994948372245,0.004063532687723637,0.4971630275249481,0.4930994948372245,False
graph_00,industrial_cooling_system,0,shuffled_full,shuffle_05,residual_alignment,True,True,,0.046083755791187286,0.06378785520792007,0.017704099416732788,0.046083755791187286,0.06378785520792007,0.017704099416732788,False
graph_00,industrial_cooling_system,0,shuffled_full,shuffle_05,independence,True,True,,0.06532683968544006,0.06530863046646118,-1.8209218978881836e-05,0.06532683968544006,0.06530863046646118,-1.8209218978881836e-05,False
graph_00,industrial_cooling_system,0,shuffled_full,shuffle_05,bridge,True,True,,0.0,0.0,0.0,0.0,0.0,0.0,False
graph_00,industrial_cooling_system,0,shuffled_full,shuffle_05,norm,True,True,,0.00024833346833474934,0.0029401984065771103,0.002691864938242361,0.00024833346833474934,0.0029401984065771103,0.002691864938242361,False
graph_00,industrial_cooling_system,0,shuffled_full,shuffle_06,generation,True,True,,3.199680805206299,0.4227871894836426,-2.7768936157226562,3.199680805206299,0.4227871894836426,-2.7768936157226562,False
graph_00,industrial_cooling_system,0,shuffled_full,shuffle_06,residual_norm,True,True,,0.004027693532407284,0.6073645353317261,0.6033368417993188,0.004027693532407284,0.6073645353317261,0.6033368417993188,False
graph_00,industrial_cooling_system,0,shuffled_full,shuffle_06,residual_alignment,True,True,,0.043216969817876816,0.10012100636959076,0.056904036551713943,0.043216969817876816,0.10012100636959076,0.056904036551713943,False
graph_00,industrial_cooling_system,0,shuffled_full,shuffle_06,independence,True,True,,0.06634398549795151,0.06529287248849869,-0.0010511130094528198,0.06634398549795151,0.06529287248849869,-0.0010511130094528198,False
graph_00,industrial_cooling_system,0,shuffled_full,shuffle_06,bridge,True,True,,0.0,1.8108446965925395e-05,1.8108446965925395e-05,0.0,1.8108446965925395e-05,1.8108446965925395e-05,False
graph_00,industrial_cooling_system,0,shuffled_full,shuffle_06,norm,True,True,,0.00024983903858810663,0.006786521058529615,0.006536682019941509,0.00024983903858810663,0.006786521058529615,0.006536682019941509,False
graph_00,industrial_cooling_system,0,shuffled_full,shuffle_07,generation,True,True,,2.9529898166656494,0.4166216552257538,-2.5363681614398956,2.9529898166656494,0.4166216552257538,-2.5363681614398956,False
graph_00,industrial_cooling_system,0,shuffled_full,shuffle_07,residual_norm,True,True,,0.0039853365160524845,0.577732503414154,0.5737471668981016,0.0039853365160524845,0.577732503414154,0.5737471668981016,False
graph_00,industrial_cooling_system,0,shuffled_full,shuffle_07,residual_alignment,True,True,,0.048582229763269424,0.09742241352796555,0.04884018376469612,0.048582229763269424,0.09742241352796555,0.04884018376469612,False
graph_00,industrial_cooling_system,0,shuffled_full,shuffle_07,independence,True,True,,0.06659185141324997,0.058524005115032196,-0.008067846298217773,0.06659185141324997,0.058524005115032196,-0.008067846298217773,False
graph_00,industrial_cooling_system,0,shuffled_full,shuffle_07,bridge,True,True,,0.0,0.0,0.0,0.0,0.0,0.0,False
graph_00,industrial_cooling_system,0,shuffled_full,shuffle_07,norm,True,True,,0.00027746681007556617,0.013182195834815502,0.012904729024739936,0.00027746681007556617,0.013182195834815502,0.012904729024739936,False
graph_00,industrial_cooling_system,0,shuffled_full,shuffle_08,generation,True,True,,3.440863609313965,0.5558240413665771,-2.8850395679473877,3.440863609313965,0.5558240413665771,-2.8850395679473877,False
graph_00,industrial_cooling_system,0,shuffled_full,shuffle_08,residual_norm,True,True,,0.00389307364821434,0.7397153973579407,0.7358223237097263,0.00389307364821434,0.7397153973579407,0.7358223237097263,False
graph_00,industrial_cooling_system,0,shuffled_full,shuffle_08,residual_alignment,True,True,,0.04650736227631569,0.15133336186408997,0.10482599958777428,0.04650736227631569,0.15133336186408997,0.10482599958777428,False
graph_00,industrial_cooling_system,0,shuffled_full,shuffle_08,independence,True,True,,0.062461189925670624,0.03125663101673126,-0.03120455890893936,0.062461189925670624,0.03125663101673126,-0.03120455890893936,False
graph_00,industrial_cooling_system,0,shuffled_full,shuffle_08,bridge,True,True,,0.0,9.530476745567285e-07,9.530476745567285e-07,0.0,9.530476745567285e-07,9.530476745567285e-07,False
graph_00,industrial_cooling_system,0,shuffled_full,shuffle_08,norm,True,True,,0.0002741962962318212,0.003395032836124301,0.0031208365398924798,0.0002741962962318212,0.003395032836124301,0.0031208365398924798,False
graph_00,industrial_cooling_system,0,shuffled_full,shuffle_09,generation,True,True,,2.6693670749664307,0.3784950077533722,-2.2908720672130585,2.6693670749664307,0.3784950077533722,-2.2908720672130585,False
graph_00,industrial_cooling_system,0,shuffled_full,shuffle_09,residual_norm,True,True,,0.003963048104196787,0.5269551873207092,0.5229921392165124,0.003963048104196787,0.5269551873207092,0.5229921392165124,False
graph_00,industrial_cooling_system,0,shuffled_full,shuffle_09,residual_alignment,True,True,,0.03822874277830124,0.10523395985364914,0.0670052170753479,0.03822874277830124,0.10523395985364914,0.0670052170753479,False
graph_00,industrial_cooling_system,0,shuffled_full,shuffle_09,independence,True,True,,0.0621861033141613,0.05175669863820076,-0.01042940467596054,0.0621861033141613,0.05175669863820076,-0.01042940467596054,False
graph_00,industrial_cooling_system,0,shuffled_full,shuffle_09,bridge,True,True,,0.0,2.9863729650969617e-05,2.9863729650969617e-05,0.0,2.9863729650969617e-05,2.9863729650969617e-05,False
graph_00,industrial_cooling_system,0,shuffled_full,shuffle_09,norm,True,True,,0.0002790253784041852,0.024382008239626884,0.0241029828612227,0.0002790253784041852,0.024382008239626884,0.0241029828612227,False
graph_00,industrial_cooling_system,0,shuffled_full,shuffle_10,generation,True,True,,3.0282411575317383,0.4008327126502991,-2.627408444881439,3.0282411575317383,0.4008327126502991,-2.627408444881439,False
graph_00,industrial_cooling_system,0,shuffled_full,shuffle_10,residual_norm,True,True,,0.0039906189776957035,0.5911564230918884,0.5871658041141927,0.0039906189776957035,0.5911564230918884,0.5871658041141927,False
graph_00,industrial_cooling_system,0,shuffled_full,shuffle_10,residual_alignment,True,True,,0.04018431901931763,0.08507812768220901,0.04489380866289139,0.04018431901931763,0.08507812768220901,0.04489380866289139,False
graph_00,industrial_cooling_system,0,shuffled_full,shuffle_10,independence,True,True,,0.06123144179582596,0.05274573713541031,-0.00848570466041565,0.06123144179582596,0.05274573713541031,-0.00848570466041565,False
graph_00,industrial_cooling_system,0,shuffled_full,shuffle_10,bridge,True,True,,0.0,0.0,0.0,0.0,0.0,0.0,False
graph_00,industrial_cooling_system,0,shuffled_full,shuffle_10,norm,True,True,,0.0002565315517131239,0.02034655027091503,0.020090018719201908,0.0002565315517131239,0.02034655027091503,0.020090018719201908,False
graph_00,industrial_cooling_system,0,shuffled_full,shuffle_11,generation,True,True,,3.5199520587921143,0.42870402336120605,-3.091248035430908,3.5199520587921143,0.42870402336120605,-3.091248035430908,False
graph_00,industrial_cooling_system,0,shuffled_full,shuffle_11,residual_norm,True,True,,0.004015473648905754,0.5806599259376526,0.5766444522887468,0.004015473648905754,0.5806599259376526,0.5766444522887468,False
graph_00,industrial_cooling_system,0,shuffled_full,shuffle_11,residual_alignment,True,True,,0.04996606335043907,0.10143659263849258,0.05147052928805351,0.04996606335043907,0.10143659263849258,0.05147052928805351,False
graph_00,industrial_cooling_system,0,shuffled_full,shuffle_11,independence,True,True,,0.06502515077590942,0.0565049946308136,-0.008520156145095825,0.06502515077590942,0.0565049946308136,-0.008520156145095825,False
graph_00,industrial_cooling_system,0,shuffled_full,shuffle_11,bridge,True,True,,0.0,0.0002222926268586889,0.0002222926268586889,0.0,0.0002222926268586889,0.0002222926268586889,False
graph_00,industrial_cooling_system,0,shuffled_full,shuffle_11,norm,True,True,,0.00027691374998539686,0.0073718540370464325,0.007094940287061036,0.00027691374998539686,0.0073718540370464325,0.007094940287061036,False
graph_00,industrial_cooling_system,0,shuffled_full,shuffle_12,generation,True,True,,3.491027355194092,0.46606114506721497,-3.024966210126877,3.491027355194092,0.46606114506721497,-3.024966210126877,False
graph_00,industrial_cooling_system,0,shuffled_full,shuffle_12,residual_norm,True,True,,0.003966623917222023,0.6861850619316101,0.6822184380143881,0.003966623917222023,0.6861850619316101,0.6822184380143881,False
graph_00,industrial_cooling_system,0,shuffled_full,shuffle_12,residual_alignment,True,True,,0.046948522329330444,0.13056261837482452,0.08361409604549408,0.046948522329330444,0.13056261837482452,0.08361409604549408,False
graph_00,industrial_cooling_system,0,shuffled_full,shuffle_12,independence,True,True,,0.0656900703907013,0.06504322588443756,-0.0006468445062637329,0.0656900703907013,0.06504322588443756,-0.0006468445062637329,False
graph_00,industrial_cooling_system,0,shuffled_full,shuffle_12,bridge,True,True,,0.0,0.0,0.0,0.0,0.0,0.0,False
graph_00,industrial_cooling_system,0,shuffled_full,shuffle_12,norm,True,True,,0.00025169699802063406,0.005982726812362671,0.005731029814342037,0.00025169699802063406,0.005982726812362671,0.005731029814342037,False
graph_00,industrial_cooling_system,0,shuffled_full,shuffle_13,generation,True,True,,3.0712730884552,0.3642236888408661,-2.707049399614334,3.0712730884552,0.3642236888408661,-2.707049399614334,False
graph_00,industrial_cooling_system,0,shuffled_full,shuffle_13,residual_norm,True,True,,0.004007574636489153,0.5166787505149841,0.512671175878495,0.004007574636489153,0.5166787505149841,0.512671175878495,False
graph_00,industrial_cooling_system,0,shuffled_full,shuffle_13,residual_alignment,True,True,,0.05513306334614754,0.06990321725606918,0.014770153909921646,0.05513306334614754,0.06990321725606918,0.014770153909921646,False
graph_00,industrial_cooling_system,0,shuffled_full,shuffle_13,independence,True,True,,0.06493888795375824,0.06478549540042877,-0.00015339255332946777,0.06493888795375824,0.06478549540042877,-0.00015339255332946777,False
graph_00,industrial_cooling_system,0,shuffled_full,shuffle_13,bridge,True,True,,0.0,1.612895903235767e-05,1.612895903235767e-05,0.0,1.612895903235767e-05,1.612895903235767e-05,False
graph_00,industrial_cooling_system,0,shuffled_full,shuffle_13,norm,True,True,,0.0002506243472453207,0.014987236820161343,0.014736612472916022,0.0002506243472453207,0.014987236820161343,0.014736612472916022,False
graph_00,industrial_cooling_system,0,shuffled_full,shuffle_14,generation,True,True,,3.1030325889587402,0.4083111882209778,-2.6947214007377625,3.1030325889587402,0.4083111882209778,-2.6947214007377625,False
graph_00,industrial_cooling_system,0,shuffled_full,shuffle_14,residual_norm,True,True,,0.004008807707577944,0.623903214931488,0.6198944072239101,0.004008807707577944,0.623903214931488,0.6198944072239101,False
graph_00,industrial_cooling_system,0,shuffled_full,shuffle_14,residual_alignment,True,True,,0.03255295753479004,0.09347499907016754,0.0609220415353775,0.03255295753479004,0.09347499907016754,0.0609220415353775,False
graph_00,industrial_cooling_system,0,shuffled_full,shuffle_14,independence,True,True,,0.06514640897512436,0.06315921992063522,-0.0019871890544891357,0.06514640897512436,0.06315921992063522,-0.0019871890544891357,False
graph_00,industrial_cooling_system,0,shuffled_full,shuffle_14,bridge,True,True,,0.0,0.0,0.0,0.0,0.0,0.0,False
graph_00,industrial_cooling_system,0,shuffled_full,shuffle_14,norm,True,True,,0.0002571668883319944,0.011184724047780037,0.010927557159448043,0.0002571668883319944,0.011184724047780037,0.010927557159448043,False
graph_00,industrial_cooling_system,0,shuffled_full,shuffle_15,generation,True,True,,3.572115659713745,0.5226070880889893,-3.049508571624756,3.572115659713745,0.5226070880889893,-3.049508571624756,False
graph_00,industrial_cooling_system,0,shuffled_full,shuffle_15,residual_norm,True,True,,0.003985354211181402,0.686758816242218,0.6827734620310366,0.003985354211181402,0.686758816242218,0.6827734620310366,False
graph_00,industrial_cooling_system,0,shuffled_full,shuffle_15,residual_alignment,True,True,,0.026909423992037773,0.1460006982088089,0.11909127421677113,0.026909423992037773,0.1460006982088089,0.11909127421677113,False
graph_00,industrial_cooling_system,0,shuffled_full,shuffle_15,independence,True,True,,0.06460142880678177,0.052231401205062866,-0.012370027601718903,0.06460142880678177,0.052231401205062866,-0.012370027601718903,False
graph_00,industrial_cooling_system,0,shuffled_full,shuffle_15,bridge,True,True,,0.0,2.6938796509057283e-05,2.6938796509057283e-05,0.0,2.6938796509057283e-05,2.6938796509057283e-05,False
graph_00,industrial_cooling_system,0,shuffled_full,shuffle_15,norm,True,True,,0.00027137197321280837,0.008867023512721062,0.008595651539508253,0.00027137197321280837,0.008867023512721062,0.008595651539508253,False
graph_00,industrial_cooling_system,0,shuffled_full,shuffle_16,generation,True,True,,2.8761563301086426,0.37739086151123047,-2.498765468597412,2.8761563301086426,0.37739086151123047,-2.498765468597412,False
graph_00,industrial_cooling_system,0,shuffled_full,shuffle_16,residual_norm,True,True,,0.004029259085655212,0.5696774125099182,0.565648153424263,0.004029259085655212,0.5696774125099182,0.565648153424263,False
graph_00,industrial_cooling_system,0,shuffled_full,shuffle_16,residual_alignment,True,True,,0.033415939658880234,0.07661386579275131,0.04319792613387108,0.033415939658880234,0.07661386579275131,0.04319792613387108,False
graph_00,industrial_cooling_system,0,shuffled_full,shuffle_16,independence,True,True,,0.06571506708860397,0.06514055281877518,-0.0005745142698287964,0.06571506708860397,0.06514055281877518,-0.0005745142698287964,False
graph_00,industrial_cooling_system,0,shuffled_full,shuffle_16,bridge,True,True,,0.0,0.0,0.0,0.0,0.0,0.0,False
graph_00,industrial_cooling_system,0,shuffled_full,shuffle_16,norm,True,True,,0.0002508562174625695,0.003789113601669669,0.0035382573842070997,0.0002508562174625695,0.003789113601669669,0.0035382573842070997,False
graph_00,industrial_cooling_system,0,shuffled_full,shuffle_17,generation,True,True,,2.8239500522613525,0.36966371536254883,-2.4542863368988037,2.8239500522613525,0.36966371536254883,-2.4542863368988037,False
graph_00,industrial_cooling_system,0,shuffled_full,shuffle_17,residual_norm,True,True,,0.004011197946965694,0.510217547416687,0.5062063494697213,0.004011197946965694,0.510217547416687,0.5062063494697213,False
graph_00,industrial_cooling_system,0,shuffled_full,shuffle_17,residual_alignment,True,True,,0.04283040016889572,0.07971968501806259,0.03688928484916687,0.04283040016889572,0.07971968501806259,0.03688928484916687,False
graph_00,industrial_cooling_system,0,shuffled_full,shuffle_17,independence,True,True,,0.06690825521945953,0.039989762008190155,-0.02691849321126938,0.06690825521945953,0.039989762008190155,-0.02691849321126938,False
graph_00,industrial_cooling_system,0,shuffled_full,shuffle_17,bridge,True,True,,0.0,4.767012796946801e-05,4.767012796946801e-05,0.0,4.767012796946801e-05,4.767012796946801e-05,False
graph_00,industrial_cooling_system,0,shuffled_full,shuffle_17,norm,True,True,,0.00028019127785228193,0.0050698271952569485,0.0047896359174046665,0.00028019127785228193,0.0050698271952569485,0.0047896359174046665,False
graph_00,industrial_cooling_system,0,shuffled_full,shuffle_18,generation,True,True,,2.098903179168701,0.2914447784423828,-1.8074584007263184,2.098903179168701,0.2914447784423828,-1.8074584007263184,False
graph_00,industrial_cooling_system,0,shuffled_full,shuffle_18,residual_norm,True,True,,0.004028604365885258,0.40078383684158325,0.396755232475698,0.004028604365885258,0.40078383684158325,0.396755232475698,False
graph_00,industrial_cooling_system,0,shuffled_full,shuffle_18,residual_alignment,True,True,,0.03543904423713684,0.0514565072953701,0.01601746305823326,0.03543904423713684,0.0514565072953701,0.01601746305823326,False
graph_00,industrial_cooling_system,0,shuffled_full,shuffle_18,independence,True,True,,0.06442922353744507,0.050841234624385834,-0.013587988913059235,0.06442922353744507,0.050841234624385834,-0.013587988913059235,False
graph_00,industrial_cooling_system,0,shuffled_full,shuffle_18,bridge,True,True,,0.0,0.0,0.0,0.0,0.0,0.0,False
graph_00,industrial_cooling_system,0,shuffled_full,shuffle_18,norm,True,True,,0.0002519316622056067,0.009213581681251526,0.00896165001904592,0.0002519316622056067,0.009213581681251526,0.00896165001904592,False
graph_00,industrial_cooling_system,0,shuffled_full,shuffle_19,generation,True,True,,2.9696249961853027,0.39444950222969055,-2.575175493955612,2.9696249961853027,0.39444950222969055,-2.575175493955612,False
graph_00,industrial_cooling_system,0,shuffled_full,shuffle_19,residual_norm,True,True,,0.003995467908680439,0.547604501247406,0.5436090333387256,0.003995467908680439,0.547604501247406,0.5436090333387256,False
graph_00,industrial_cooling_system,0,shuffled_full,shuffle_19,residual_alignment,True,True,,0.05459282547235489,0.08810404688119888,0.033511221408843994,0.05459282547235489,0.08810404688119888,0.033511221408843994,False
graph_00,industrial_cooling_system,0,shuffled_full,shuffle_19,independence,True,True,,0.06593819707632065,0.06189379468560219,-0.00404440239071846,0.06593819707632065,0.06189379468560219,-0.00404440239071846,False
graph_00,industrial_cooling_system,0,shuffled_full,shuffle_19,bridge,True,True,,0.0,0.0,0.0,0.0,0.0,0.0,False
graph_00,industrial_cooling_system,0,shuffled_full,shuffle_19,norm,True,True,,0.00025152272428385913,0.028629601001739502,0.028378078277455643,0.00025152272428385913,0.028629601001739502,0.028378078277455643,False
graph_00,industrial_cooling_system,0,raw_correlation,,generation,False,False,not_applicable_closed_form_baseline,,,,,,,False
graph_00,industrial_cooling_system,0,raw_correlation,,residual_norm,False,False,not_applicable_closed_form_baseline,,,,,,,False
graph_00,industrial_cooling_system,0,raw_correlation,,residual_alignment,False,False,not_applicable_closed_form_baseline,,,,,,,False
graph_00,industrial_cooling_system,0,raw_correlation,,independence,False,False,not_applicable_closed_form_baseline,,,,,,,False
graph_00,industrial_cooling_system,0,raw_correlation,,bridge,False,False,not_applicable_closed_form_baseline,,,,,,,False
graph_00,industrial_cooling_system,0,raw_correlation,,norm,False,False,not_applicable_closed_form_baseline,,,,,,,False
graph_00,industrial_cooling_system,0,uniform,,generation,False,False,not_applicable_closed_form_baseline,,,,,,,False
graph_00,industrial_cooling_system,0,uniform,,residual_norm,False,False,not_applicable_closed_form_baseline,,,,,,,False
graph_00,industrial_cooling_system,0,uniform,,residual_alignment,False,False,not_applicable_closed_form_baseline,,,,,,,False
graph_00,industrial_cooling_system,0,uniform,,independence,False,False,not_applicable_closed_form_baseline,,,,,,,False
graph_00,industrial_cooling_system,0,uniform,,bridge,False,False,not_applicable_closed_form_baseline,,,,,,,False
graph_00,industrial_cooling_system,0,uniform,,norm,False,False,not_applicable_closed_form_baseline,,,,,,,False
graph_00,industrial_cooling_system,1,full_oracle,,generation,True,True,,1.6952556371688843,0.3066208064556122,-1.388634830713272,1.6952556371688843,0.3066208064556122,-1.388634830713272,False
graph_00,industrial_cooling_system,1,full_oracle,,residual_norm,True,True,,0.0040755486115813255,0.4063980281352997,0.40232247952371836,0.0040755486115813255,0.4063980281352997,0.40232247952371836,False
graph_00,industrial_cooling_system,1,full_oracle,,residual_alignment,True,True,,0.0017317594029009342,0.050845690071582794,0.04911393066868186,0.0017317594029009342,0.050845690071582794,0.04911393066868186,False
graph_00,industrial_cooling_system,1,full_oracle,,independence,True,True,,0.05885133892297745,0.05782133340835571,-0.0010300055146217346,0.05885133892297745,0.05782133340835571,-0.0010300055146217346,False
graph_00,industrial_cooling_system,1,full_oracle,,bridge,True,True,,0.0,0.0,0.0,0.0,0.0,0.0,False
graph_00,industrial_cooling_system,1,full_oracle,,norm,True,True,,0.0018368939636275172,0.0017448610160499811,-9.20329475775361e-05,0.0018368939636275172,0.0017448610160499811,-9.20329475775361e-05,False
graph_00,industrial_cooling_system,1,generation_only_oracle,,generation,True,True,,1.6952556371688843,0.0025679056998342276,-1.69268773146905,1.6952556371688843,0.0025679056998342276,-1.69268773146905,False
graph_00,industrial_cooling_system,1,generation_only_oracle,,residual_norm,False,True,,0.0040755486115813255,1.2666045427322388,1.2625289941206574,0.0,0.0,0.0,False
graph_00,industrial_cooling_system,1,generation_only_oracle,,residual_alignment,False,True,,0.0017317594029009342,0.08350197970867157,0.08177022030577064,0.0,0.0,0.0,False
graph_00,industrial_cooling_system,1,generation_only_oracle,,independence,False,True,,0.05885133892297745,0.057832542806863785,-0.0010187961161136627,0.0,0.0,0.0,False
graph_00,industrial_cooling_system,1,generation_only_oracle,,bridge,False,True,,0.0,0.0,0.0,0.0,0.0,0.0,False
graph_00,industrial_cooling_system,1,generation_only_oracle,,norm,False,True,,0.0018368939636275172,0.0019482187926769257,0.00011132482904940844,0.0,0.0,0.0,False
graph_00,industrial_cooling_system,1,oracle_without_generation,,generation,False,True,,1.6952556371688843,4.516443729400635,2.8211880922317505,0.0,0.0,0.0,False
graph_00,industrial_cooling_system,1,oracle_without_generation,,residual_norm,True,True,,0.0040755486115813255,0.0415322370827198,0.03745668847113848,0.0040755486115813255,0.0415322370827198,0.03745668847113848,False
graph_00,industrial_cooling_system,1,oracle_without_generation,,residual_alignment,True,True,,0.0017317594029009342,0.016039330512285233,0.014307571109384298,0.0017317594029009342,0.016039330512285233,0.014307571109384298,False
graph_00,industrial_cooling_system,1,oracle_without_generation,,independence,True,True,,0.05885133892297745,0.04895354062318802,-0.009897798299789429,0.05885133892297745,0.04895354062318802,-0.009897798299789429,False
graph_00,industrial_cooling_system,1,oracle_without_generation,,bridge,True,True,,0.0,8.73201042850269e-06,8.73201042850269e-06,0.0,8.73201042850269e-06,8.73201042850269e-06,False
graph_00,industrial_cooling_system,1,oracle_without_generation,,norm,True,True,,0.0018368939636275172,1.373625195810746e-06,-0.0018355203384317065,0.0018368939636275172,1.373625195810746e-06,-0.0018355203384317065,False
graph_00,industrial_cooling_system,1,residual_only_oracle,,generation,False,True,,1.6952556371688843,1.7570916414260864,0.06183600425720215,0.0,0.0,0.0,False
graph_00,industrial_cooling_system,1,residual_only_oracle,,residual_norm,True,True,,0.0040755486115813255,0.0415322370827198,0.03745668847113848,0.0040755486115813255,0.0415322370827198,0.03745668847113848,False
graph_00,industrial_cooling_system,1,residual_only_oracle,,residual_alignment,True,True,,0.0017317594029009342,0.016039330512285233,0.014307571109384298,0.0017317594029009342,0.016039330512285233,0.014307571109384298,False
graph_00,industrial_cooling_system,1,residual_only_oracle,,independence,False,True,,0.05885133892297745,0.05885133892297745,0.0,0.0,0.0,0.0,False
graph_00,industrial_cooling_system,1,residual_only_oracle,,bridge,False,True,,0.0,0.0,0.0,0.0,0.0,0.0,False
graph_00,industrial_cooling_system,1,residual_only_oracle,,norm,False,True,,0.0018368939636275172,0.0018368939636275172,0.0,0.0,0.0,0.0,False
graph_00,industrial_cooling_system,1,independence_only_oracle,,generation,False,True,,1.6952556371688843,37.432376861572266,35.73712122440338,0.0,0.0,0.0,False
graph_00,industrial_cooling_system,1,independence_only_oracle,,residual_norm,False,True,,0.0040755486115813255,0.0040755486115813255,0.0,0.0,0.0,0.0,False
graph_00,industrial_cooling_system,1,independence_only_oracle,,residual_alignment,False,True,,0.0017317594029009342,0.0017317594029009342,0.0,0.0,0.0,0.0,False
graph_00,industrial_cooling_system,1,independence_only_oracle,,independence,True,True,,0.05885133892297745,0.048955824226140976,-0.009895514696836472,0.05885133892297745,0.048955824226140976,-0.009895514696836472,False
graph_00,industrial_cooling_system,1,independence_only_oracle,,bridge,True,True,,0.0,2.73249843303347e-05,2.73249843303347e-05,0.0,2.73249843303347e-05,2.73249843303347e-05,False
graph_00,industrial_cooling_system,1,independence_only_oracle,,norm,False,True,,0.0018368939636275172,0.3823375999927521,0.38050070602912456,0.0,0.0,0.0,False
graph_00,industrial_cooling_system,1,symmetrized_oracle,,generation,True,True,,11.067322731018066,1.0988661050796509,-9.968456625938416,11.067322731018066,1.0988661050796509,-9.968456625938416,False
graph_00,industrial_cooling_system,1,symmetrized_oracle,,residual_norm,True,True,,0.0040509337559342384,2.0911202430725098,2.0870693093165755,0.0040509337559342384,2.0911202430725098,2.0870693093165755,False
graph_00,industrial_cooling_system,1,symmetrized_oracle,,residual_alignment,True,True,,0.019002338871359825,0.2739916741847992,0.25498933531343937,0.019002338871359825,0.2739916741847992,0.25498933531343937,False
graph_00,industrial_cooling_system,1,symmetrized_oracle,,independence,True,True,,0.0,0.0,0.0,0.0,0.0,0.0,False
graph_00,industrial_cooling_system,1,symmetrized_oracle,,bridge,True,True,,0.0,0.00042198729352094233,0.00042198729352094233,0.0,0.00042198729352094233,0.00042198729352094233,False
graph_00,industrial_cooling_system,1,symmetrized_oracle,,norm,True,True,,0.0018199218902736902,0.007264334708452225,0.0054444128181785345,0.0018199218902736902,0.007264334708452225,0.0054444128181785345,False
graph_00,industrial_cooling_system,1,markov_blanket_oracle,,generation,True,True,,17.27178192138672,1.6131386756896973,-15.658643245697021,17.27178192138672,1.6131386756896973,-15.658643245697021,False
graph_00,industrial_cooling_system,1,markov_blanket_oracle,,residual_norm,True,True,,0.004052664153277874,3.193748950958252,3.189696286804974,0.004052664153277874,3.193748950958252,3.189696286804974,False
graph_00,industrial_cooling_system,1,markov_blanket_oracle,,residual_alignment,True,True,,0.02965916134417057,0.33109331130981445,0.3014341499656439,0.02965916134417057,0.33109331130981445,0.3014341499656439,False
graph_00,industrial_cooling_system,1,markov_blanket_oracle,,independence,True,True,,0.0,0.0,0.0,0.0,0.0,0.0,False
graph_00,industrial_cooling_system,1,markov_blanket_oracle,,bridge,True,True,,0.0,2.6899188014795072e-05,2.6899188014795072e-05,0.0,2.6899188014795072e-05,2.6899188014795072e-05,False
graph_00,industrial_cooling_system,1,markov_blanket_oracle,,norm,True,True,,0.0018193299183622003,0.0073213293217122555,0.005501999403350055,0.0018193299183622003,0.0073213293217122555,0.005501999403350055,False
graph_00,industrial_cooling_system,1,same_module_graph,,generation,True,True,,6.678398609161377,0.6847746968269348,-5.993623912334442,6.678398609161377,0.6847746968269348,-5.993623912334442,False
graph_00,industrial_cooling_system,1,same_module_graph,,residual_norm,True,True,,0.004056061618030071,1.2811026573181152,1.2770465957000852,0.004056061618030071,1.2811026573181152,1.2770465957000852,False
graph_00,industrial_cooling_system,1,same_module_graph,,residual_alignment,True,True,,0.033310964703559875,0.18754926323890686,0.15423829853534698,0.033310964703559875,0.18754926323890686,0.15423829853534698,False
graph_00,industrial_cooling_system,1,same_module_graph,,independence,True,True,,0.052726905792951584,0.051734182983636856,-0.0009927228093147278,0.052726905792951584,0.051734182983636856,-0.0009927228093147278,False
graph_00,industrial_cooling_system,1,same_module_graph,,bridge,True,True,,0.0,0.0,0.0,0.0,0.0,0.0,False
graph_00,industrial_cooling_system,1,same_module_graph,,norm,True,True,,0.0017937386874109507,0.008240423165261745,0.006446684477850795,0.0017937386874109507,0.008240423165261745,0.006446684477850795,False
graph_00,industrial_cooling_system,1,reversed_full,,generation,True,True,,3.621983051300049,0.34179073572158813,-3.2801923155784607,3.621983051300049,0.34179073572158813,-3.2801923155784607,False
graph_00,industrial_cooling_system,1,reversed_full,,residual_norm,True,True,,0.003989012446254492,0.6227638721466064,0.618774859700352,0.003989012446254492,0.6227638721466064,0.618774859700352,False
graph_00,industrial_cooling_system,1,reversed_full,,residual_alignment,True,True,,0.009782432578504086,0.08955752849578857,0.07977509591728449,0.009782432578504086,0.08955752849578857,0.07977509591728449,False
graph_00,industrial_cooling_system,1,reversed_full,,independence,True,True,,0.0,0.0,0.0,0.0,0.0,0.0,False
graph_00,industrial_cooling_system,1,reversed_full,,bridge,True,True,,0.0,0.0,0.0,0.0,0.0,0.0,False
graph_00,industrial_cooling_system,1,reversed_full,,norm,True,True,,0.0019604105036705732,0.007934922352433205,0.005974511848762631,0.0019604105036705732,0.007934922352433205,0.005974511848762631,False
graph_00,industrial_cooling_system,1,shuffled_full,shuffle_00,generation,True,True,,3.233025312423706,0.416810005903244,-2.816215306520462,3.233025312423706,0.416810005903244,-2.816215306520462,False
graph_00,industrial_cooling_system,1,shuffled_full,shuffle_00,residual_norm,True,True,,0.003939604386687279,0.5820914506912231,0.5781518463045359,0.003939604386687279,0.5820914506912231,0.5781518463045359,False
graph_00,industrial_cooling_system,1,shuffled_full,shuffle_00,residual_alignment,True,True,,0.0406922772526741,0.09658929705619812,0.05589701980352402,0.0406922772526741,0.09658929705619812,0.05589701980352402,False
graph_00,industrial_cooling_system,1,shuffled_full,shuffle_00,independence,True,True,,0.06379697471857071,0.05301182344555855,-0.010785151273012161,0.06379697471857071,0.05301182344555855,-0.010785151273012161,False
graph_00,industrial_cooling_system,1,shuffled_full,shuffle_00,bridge,True,True,,0.0,0.0,0.0,0.0,0.0,0.0,False
graph_00,industrial_cooling_system,1,shuffled_full,shuffle_00,norm,True,True,,0.0019768199417740107,0.011704014614224434,0.009727194672450423,0.0019768199417740107,0.011704014614224434,0.009727194672450423,False
graph_00,industrial_cooling_system,1,shuffled_full,shuffle_01,generation,True,True,,2.6359779834747314,0.34908974170684814,-2.2868882417678833,2.6359779834747314,0.34908974170684814,-2.2868882417678833,False
graph_00,industrial_cooling_system,1,shuffled_full,shuffle_01,residual_norm,True,True,,0.004022075328975916,0.48820963501930237,0.48418755969032645,0.004022075328975916,0.48820963501930237,0.48418755969032645,False
graph_00,industrial_cooling_system,1,shuffled_full,shuffle_01,residual_alignment,True,True,,0.04389011114835739,0.054334767162799835,0.010444656014442444,0.04389011114835739,0.054334767162799835,0.010444656014442444,False
graph_00,industrial_cooling_system,1,shuffled_full,shuffle_01,independence,True,True,,0.06256824731826782,0.03679549694061279,-0.02577275037765503,0.06256824731826782,0.03679549694061279,-0.02577275037765503,False
graph_00,industrial_cooling_system,1,shuffled_full,shuffle_01,bridge,True,True,,0.0,0.0,0.0,0.0,0.0,0.0,False
graph_00,industrial_cooling_system,1,shuffled_full,shuffle_01,norm,True,True,,0.0017744088545441628,0.005803752690553665,0.004029343836009502,0.0017744088545441628,0.005803752690553665,0.004029343836009502,False
graph_00,industrial_cooling_system,1,shuffled_full,shuffle_02,generation,True,True,,3.082871198654175,0.39663639664649963,-2.686234802007675,3.082871198654175,0.39663639664649963,-2.686234802007675,False
graph_00,industrial_cooling_system,1,shuffled_full,shuffle_02,residual_norm,True,True,,0.003976731561124325,0.5689430236816406,0.5649662921205163,0.003976731561124325,0.5689430236816406,0.5649662921205163,False
graph_00,industrial_cooling_system,1,shuffled_full,shuffle_02,residual_alignment,True,True,,0.04562363401055336,0.08639603108167648,0.04077239707112312,0.04562363401055336,0.08639603108167648,0.04077239707112312,False
graph_00,industrial_cooling_system,1,shuffled_full,shuffle_02,independence,True,True,,0.06320008635520935,0.02963442914187908,-0.03356565721333027,0.06320008635520935,0.02963442914187908,-0.03356565721333027,False
graph_00,industrial_cooling_system,1,shuffled_full,shuffle_02,bridge,True,True,,0.0,0.0,0.0,0.0,0.0,0.0,False
graph_00,industrial_cooling_system,1,shuffled_full,shuffle_02,norm,True,True,,0.001979461405426264,0.0048030950129032135,0.0028236336074769497,0.001979461405426264,0.0048030950129032135,0.0028236336074769497,False
graph_00,industrial_cooling_system,1,shuffled_full,shuffle_03,generation,True,True,,2.5798046588897705,0.3446115255355835,-2.235193133354187,2.5798046588897705,0.3446115255355835,-2.235193133354187,False
graph_00,industrial_cooling_system,1,shuffled_full,shuffle_03,residual_norm,True,True,,0.003977825865149498,0.4874131679534912,0.4834353420883417,0.003977825865149498,0.4874131679534912,0.4834353420883417,False
graph_00,industrial_cooling_system,1,shuffled_full,shuffle_03,residual_alignment,True,True,,0.027571843937039375,0.06622634828090668,0.0386545043438673,0.027571843937039375,0.06622634828090668,0.0386545043438673,False
graph_00,industrial_cooling_system,1,shuffled_full,shuffle_03,independence,True,True,,0.06419485062360764,0.03776363283395767,-0.026431217789649963,0.06419485062360764,0.03776363283395767,-0.026431217789649963,False
graph_00,industrial_cooling_system,1,shuffled_full,shuffle_03,bridge,True,True,,0.0,4.907686161459424e-06,4.907686161459424e-06,0.0,4.907686161459424e-06,4.907686161459424e-06,False
graph_00,industrial_cooling_system,1,shuffled_full,shuffle_03,norm,True,True,,0.0018101282184943557,0.007923840545117855,0.006113712326623499,0.0018101282184943557,0.007923840545117855,0.006113712326623499,False
graph_00,industrial_cooling_system,1,shuffled_full,shuffle_04,generation,True,True,,2.485753297805786,0.2933267652988434,-2.1924265325069427,2.485753297805786,0.2933267652988434,-2.1924265325069427,False
graph_00,industrial_cooling_system,1,shuffled_full,shuffle_04,residual_norm,True,True,,0.004042622167617083,0.4053097069263458,0.40126708475872874,0.004042622167617083,0.4053097069263458,0.40126708475872874,False
graph_00,industrial_cooling_system,1,shuffled_full,shuffle_04,residual_alignment,True,True,,0.028938764706254005,0.05121113732457161,0.022272372618317604,0.028938764706254005,0.05121113732457161,0.022272372618317604,False
graph_00,industrial_cooling_system,1,shuffled_full,shuffle_04,independence,True,True,,0.06293588876724243,0.06177329272031784,-0.001162596046924591,0.06293588876724243,0.06177329272031784,-0.001162596046924591,False
graph_00,industrial_cooling_system,1,shuffled_full,shuffle_04,bridge,True,True,,0.0,0.0,0.0,0.0,0.0,0.0,False
graph_00,industrial_cooling_system,1,shuffled_full,shuffle_04,norm,True,True,,0.0018093297258019447,0.008826404809951782,0.0070170750841498375,0.0018093297258019447,0.008826404809951782,0.0070170750841498375,False
graph_00,industrial_cooling_system,1,shuffled_full,shuffle_05,generation,True,True,,2.5193004608154297,0.3642919361591339,-2.1550085246562958,2.5193004608154297,0.3642919361591339,-2.1550085246562958,False
graph_00,industrial_cooling_system,1,shuffled_full,shuffle_05,residual_norm,True,True,,0.003999687265604734,0.5301176905632019,0.5261180032975972,0.003999687265604734,0.5301176905632019,0.5261180032975972,False
graph_00,industrial_cooling_system,1,shuffled_full,shuffle_05,residual_alignment,True,True,,0.0451144240796566,0.054684240370988846,0.009569816291332245,0.0451144240796566,0.054684240370988846,0.009569816291332245,False
graph_00,industrial_cooling_system,1,shuffled_full,shuffle_05,independence,True,True,,0.05595047399401665,0.04847608879208565,-0.007474385201931,0.05595047399401665,0.04847608879208565,-0.007474385201931,False
graph_00,industrial_cooling_system,1,shuffled_full,shuffle_05,bridge,True,True,,0.0,0.0,0.0,0.0,0.0,0.0,False
graph_00,industrial_cooling_system,1,shuffled_full,shuffle_05,norm,True,True,,0.0018826475134119391,0.014365074224770069,0.01248242671135813,0.0018826475134119391,0.014365074224770069,0.01248242671135813,False
graph_00,industrial_cooling_system,1,shuffled_full,shuffle_06,generation,True,True,,3.54018235206604,0.4098838269710541,-3.130298525094986,3.54018235206604,0.4098838269710541,-3.130298525094986,False
graph_00,industrial_cooling_system,1,shuffled_full,shuffle_06,residual_norm,True,True,,0.003994363360106945,0.5728219151496887,0.5688275517895818,0.003994363360106945,0.5728219151496887,0.5688275517895818,False
graph_00,industrial_cooling_system,1,shuffled_full,shuffle_06,residual_alignment,True,True,,0.040179792791604996,0.10289978235960007,0.06271998956799507,0.040179792791604996,0.10289978235960007,0.06271998956799507,False
graph_00,industrial_cooling_system,1,shuffled_full,shuffle_06,independence,True,True,,0.0639849379658699,0.04687507078051567,-0.017109867185354233,0.0639849379658699,0.04687507078051567,-0.017109867185354233,False
graph_00,industrial_cooling_system,1,shuffled_full,shuffle_06,bridge,True,True,,0.0,3.289276355644688e-05,3.289276355644688e-05,0.0,3.289276355644688e-05,3.289276355644688e-05,False
graph_00,industrial_cooling_system,1,shuffled_full,shuffle_06,norm,True,True,,0.0019799203146249056,0.03410537913441658,0.032125458819791675,0.0019799203146249056,0.03410537913441658,0.032125458819791675,False
graph_00,industrial_cooling_system,1,shuffled_full,shuffle_07,generation,True,True,,3.066476583480835,0.40804892778396606,-2.658427655696869,3.066476583480835,0.40804892778396606,-2.658427655696869,False
graph_00,industrial_cooling_system,1,shuffled_full,shuffle_07,residual_norm,True,True,,0.00397340627387166,0.5998663306236267,0.595892924349755,0.00397340627387166,0.5998663306236267,0.595892924349755,False
graph_00,industrial_cooling_system,1,shuffled_full,shuffle_07,residual_alignment,True,True,,0.04186509922146797,0.0837642252445221,0.04189912602305412,0.04186509922146797,0.0837642252445221,0.04189912602305412,False
graph_00,industrial_cooling_system,1,shuffled_full,shuffle_07,independence,True,True,,0.06303822249174118,0.04490450769662857,-0.01813371479511261,0.06303822249174118,0.04490450769662857,-0.01813371479511261,False
graph_00,industrial_cooling_system,1,shuffled_full,shuffle_07,bridge,True,True,,0.0,0.0,0.0,0.0,0.0,0.0,False
graph_00,industrial_cooling_system,1,shuffled_full,shuffle_07,norm,True,True,,0.0017878508660942316,0.0036380866076797247,0.001850235741585493,0.0017878508660942316,0.0036380866076797247,0.001850235741585493,False
graph_00,industrial_cooling_system,1,shuffled_full,shuffle_08,generation,True,True,,3.8134617805480957,0.4773097634315491,-3.3361520171165466,3.8134617805480957,0.4773097634315491,-3.3361520171165466,False
graph_00,industrial_cooling_system,1,shuffled_full,shuffle_08,residual_norm,True,True,,0.003915077541023493,0.672548770904541,0.6686336933635175,0.003915077541023493,0.672548770904541,0.6686336933635175,False
graph_00,industrial_cooling_system,1,shuffled_full,shuffle_08,residual_alignment,True,True,,0.04915020987391472,0.10741357505321503,0.05826336517930031,0.04915020987391472,0.10741357505321503,0.05826336517930031,False
graph_00,industrial_cooling_system,1,shuffled_full,shuffle_08,independence,True,True,,0.0614071749150753,0.05509589985013008,-0.006311275064945221,0.0614071749150753,0.05509589985013008,-0.006311275064945221,False
graph_00,industrial_cooling_system,1,shuffled_full,shuffle_08,bridge,True,True,,0.0,0.0,0.0,0.0,0.0,0.0,False
graph_00,industrial_cooling_system,1,shuffled_full,shuffle_08,norm,True,True,,0.001982875168323517,0.05034857615828514,0.048365700989961624,0.001982875168323517,0.05034857615828514,0.048365700989961624,False
graph_00,industrial_cooling_system,1,shuffled_full,shuffle_09,generation,True,True,,2.8334999084472656,0.3194931447505951,-2.5140067636966705,2.8334999084472656,0.3194931447505951,-2.5140067636966705,False
graph_00,industrial_cooling_system,1,shuffled_full,shuffle_09,residual_norm,True,True,,0.003974336665123701,0.48881199955940247,0.48483766289427876,0.003974336665123701,0.48881199955940247,0.48483766289427876,False
graph_00,industrial_cooling_system,1,shuffled_full,shuffle_09,residual_alignment,True,True,,0.03469395264983177,0.056691866368055344,0.021997913718223572,0.03469395264983177,0.056691866368055344,0.021997913718223572,False
graph_00,industrial_cooling_system,1,shuffled_full,shuffle_09,independence,True,True,,0.061319198459386826,0.050578273832798004,-0.010740924626588821,0.061319198459386826,0.050578273832798004,-0.010740924626588821,False
graph_00,industrial_cooling_system,1,shuffled_full,shuffle_09,bridge,True,True,,0.0,0.0,0.0,0.0,0.0,0.0,False
graph_00,industrial_cooling_system,1,shuffled_full,shuffle_09,norm,True,True,,0.0018068405333906412,0.011081554926931858,0.009274714393541217,0.0018068405333906412,0.011081554926931858,0.009274714393541217,False
graph_00,industrial_cooling_system,1,shuffled_full,shuffle_10,generation,True,True,,2.9861807823181152,0.4165899455547333,-2.569590836763382,2.9861807823181152,0.4165899455547333,-2.569590836763382,False
graph_00,industrial_cooling_system,1,shuffled_full,shuffle_10,residual_norm,True,True,,0.004013519734144211,0.5867598652839661,0.5827463455498219,0.004013519734144211,0.5867598652839661,0.5827463455498219,False
graph_00,industrial_cooling_system,1,shuffled_full,shuffle_10,residual_alignment,True,True,,0.04023299366235733,0.09293453395366669,0.05270154029130936,0.04023299366235733,0.09293453395366669,0.05270154029130936,False
graph_00,industrial_cooling_system,1,shuffled_full,shuffle_10,independence,True,True,,0.06328848749399185,0.06428111344575882,0.0009926259517669678,0.06328848749399185,0.06428111344575882,0.0009926259517669678,False
graph_00,industrial_cooling_system,1,shuffled_full,shuffle_10,bridge,True,True,,0.0,0.0,0.0,0.0,0.0,0.0,False
graph_00,industrial_cooling_system,1,shuffled_full,shuffle_10,norm,True,True,,0.0018370606703683734,0.006116128992289305,0.004279068321920931,0.0018370606703683734,0.006116128992289305,0.004279068321920931,False
graph_00,industrial_cooling_system,1,shuffled_full,shuffle_11,generation,True,True,,3.366288423538208,0.5243988633155823,-2.8418895602226257,3.366288423538208,0.5243988633155823,-2.8418895602226257,False
graph_00,industrial_cooling_system,1,shuffled_full,shuffle_11,residual_norm,True,True,,0.0039708493277430534,0.6654409170150757,0.6614700676873326,0.0039708493277430534,0.6654409170150757,0.6614700676873326,False
graph_00,industrial_cooling_system,1,shuffled_full,shuffle_11,residual_alignment,True,True,,0.04525713250041008,0.12501096725463867,0.07975383475422859,0.04525713250041008,0.12501096725463867,0.07975383475422859,False
graph_00,industrial_cooling_system,1,shuffled_full,shuffle_11,independence,True,True,,0.05873357877135277,0.0590553916990757,0.0003218129277229309,0.05873357877135277,0.0590553916990757,0.0003218129277229309,False
graph_00,industrial_cooling_system,1,shuffled_full,shuffle_11,bridge,True,True,,0.0,0.0,0.0,0.0,0.0,0.0,False
graph_00,industrial_cooling_system,1,shuffled_full,shuffle_11,norm,True,True,,0.0020085060968995094,0.02875378541648388,0.02674527931958437,0.0020085060968995094,0.02875378541648388,0.02674527931958437,False
graph_00,industrial_cooling_system,1,shuffled_full,shuffle_12,generation,True,True,,3.5087080001831055,0.45867303013801575,-3.0500349700450897,3.5087080001831055,0.45867303013801575,-3.0500349700450897,False
graph_00,industrial_cooling_system,1,shuffled_full,shuffle_12,residual_norm,True,True,,0.003931843675673008,0.651639461517334,0.647707617841661,0.003931843675673008,0.651639461517334,0.647707617841661,False
graph_00,industrial_cooling_system,1,shuffled_full,shuffle_12,residual_alignment,True,True,,0.04450137913227081,0.1177409216761589,0.07323954254388809,0.04450137913227081,0.1177409216761589,0.07323954254388809,False
graph_00,industrial_cooling_system,1,shuffled_full,shuffle_12,independence,True,True,,0.0658610388636589,0.05634444206953049,-0.009516596794128418,0.0658610388636589,0.05634444206953049,-0.009516596794128418,False
graph_00,industrial_cooling_system,1,shuffled_full,shuffle_12,bridge,True,True,,0.0,0.0,0.0,0.0,0.0,0.0,False
graph_00,industrial_cooling_system,1,shuffled_full,shuffle_12,norm,True,True,,0.0018995909485965967,0.018575966358184814,0.016676375409588218,0.0018995909485965967,0.018575966358184814,0.016676375409588218,False
graph_00,industrial_cooling_system,1,shuffled_full,shuffle_13,generation,True,True,,3.289458990097046,0.43402618169784546,-2.8554328083992004,3.289458990097046,0.43402618169784546,-2.8554328083992004,False
graph_00,industrial_cooling_system,1,shuffled_full,shuffle_13,residual_norm,True,True,,0.0039475481025874615,0.6315212249755859,0.6275736768729985,0.0039475481025874615,0.6315212249755859,0.6275736768729985,False
graph_00,industrial_cooling_system,1,shuffled_full,shuffle_13,residual_alignment,True,True,,0.05170593038201332,0.08308035880327225,0.031374428421258926,0.05170593038201332,0.08308035880327225,0.031374428421258926,False
graph_00,industrial_cooling_system,1,shuffled_full,shuffle_13,independence,True,True,,0.06216796115040779,0.05471700429916382,-0.007450956851243973,0.06216796115040779,0.05471700429916382,-0.007450956851243973,False
graph_00,industrial_cooling_system,1,shuffled_full,shuffle_13,bridge,True,True,,0.0,0.0,0.0,0.0,0.0,0.0,False
graph_00,industrial_cooling_system,1,shuffled_full,shuffle_13,norm,True,True,,0.0018220189958810806,0.008038518019020557,0.006216499023139477,0.0018220189958810806,0.008038518019020557,0.006216499023139477,False
graph_00,industrial_cooling_system,1,shuffled_full,shuffle_14,generation,True,True,,2.9674408435821533,0.4424229562282562,-2.525017887353897,2.9674408435821533,0.4424229562282562,-2.525017887353897,False
graph_00,industrial_cooling_system,1,shuffled_full,shuffle_14,residual_norm,True,True,,0.003964507486671209,0.6471084952354431,0.6431439877487719,0.003964507486671209,0.6471084952354431,0.6431439877487719,False
graph_00,industrial_cooling_system,1,shuffled_full,shuffle_14,residual_alignment,True,True,,0.02923470363020897,0.09774284809827805,0.06850814446806908,0.02923470363020897,0.09774284809827805,0.06850814446806908,False
graph_00,industrial_cooling_system,1,shuffled_full,shuffle_14,independence,True,True,,0.05086113512516022,0.03399921581149101,-0.016861919313669205,0.05086113512516022,0.03399921581149101,-0.016861919313669205,False
graph_00,industrial_cooling_system,1,shuffled_full,shuffle_14,bridge,True,True,,0.0,0.0,0.0,0.0,0.0,0.0,False
graph_00,industrial_cooling_system,1,shuffled_full,shuffle_14,norm,True,True,,0.0019067861139774323,0.006104717496782541,0.004197931382805109,0.0019067861139774323,0.006104717496782541,0.004197931382805109,False
graph_00,industrial_cooling_system,1,shuffled_full,shuffle_15,generation,True,True,,3.6340465545654297,0.4802436828613281,-3.1538028717041016,3.6340465545654297,0.4802436828613281,-3.1538028717041016,False
graph_00,industrial_cooling_system,1,shuffled_full,shuffle_15,residual_norm,True,True,,0.003932744264602661,0.691561222076416,0.6876284778118134,0.003932744264602661,0.691561222076416,0.6876284778118134,False
graph_00,industrial_cooling_system,1,shuffled_full,shuffle_15,residual_alignment,True,True,,0.02813299372792244,0.10357359051704407,0.07544059678912163,0.02813299372792244,0.10357359051704407,0.07544059678912163,False
graph_00,industrial_cooling_system,1,shuffled_full,shuffle_15,independence,True,True,,0.062163423746824265,0.06232975050806999,0.00016632676124572754,0.062163423746824265,0.06232975050806999,0.00016632676124572754,False
graph_00,industrial_cooling_system,1,shuffled_full,shuffle_15,bridge,True,True,,0.0,0.0,0.0,0.0,0.0,0.0,False
graph_00,industrial_cooling_system,1,shuffled_full,shuffle_15,norm,True,True,,0.0018152649281546474,0.044471804052591324,0.042656539124436677,0.0018152649281546474,0.044471804052591324,0.042656539124436677,False
graph_00,industrial_cooling_system,1,shuffled_full,shuffle_16,generation,True,True,,2.765320301055908,0.29532402753829956,-2.4699962735176086,2.765320301055908,0.29532402753829956,-2.4699962735176086,False
graph_00,industrial_cooling_system,1,shuffled_full,shuffle_16,residual_norm,True,True,,0.004028652794659138,0.4404047429561615,0.43637609016150236,0.004028652794659138,0.4404047429561615,0.43637609016150236,False
graph_00,industrial_cooling_system,1,shuffled_full,shuffle_16,residual_alignment,True,True,,0.02798956073820591,0.05173308029770851,0.0237435195595026,0.02798956073820591,0.05173308029770851,0.0237435195595026,False
graph_00,industrial_cooling_system,1,shuffled_full,shuffle_16,independence,True,True,,0.06485359370708466,0.06514868140220642,0.00029508769512176514,0.06485359370708466,0.06514868140220642,0.00029508769512176514,False
graph_00,industrial_cooling_system,1,shuffled_full,shuffle_16,bridge,True,True,,0.0,5.450889375424595e-07,5.450889375424595e-07,0.0,5.450889375424595e-07,5.450889375424595e-07,False
graph_00,industrial_cooling_system,1,shuffled_full,shuffle_16,norm,True,True,,0.0018715646583586931,0.014073783531785011,0.012202218873426318,0.0018715646583586931,0.014073783531785011,0.012202218873426318,False
graph_00,industrial_cooling_system,1,shuffled_full,shuffle_17,generation,True,True,,2.5939807891845703,0.4113214313983917,-2.1826593577861786,2.5939807891845703,0.4113214313983917,-2.1826593577861786,False
graph_00,industrial_cooling_system,1,shuffled_full,shuffle_17,residual_norm,True,True,,0.003962622489780188,0.5496339797973633,0.5456713573075831,0.003962622489780188,0.5496339797973633,0.5456713573075831,False
graph_00,industrial_cooling_system,1,shuffled_full,shuffle_17,residual_alignment,True,True,,0.037611622363328934,0.09374865144491196,0.05613702908158302,0.037611622363328934,0.09374865144491196,0.05613702908158302,False
graph_00,industrial_cooling_system,1,shuffled_full,shuffle_17,independence,True,True,,0.05378672108054161,0.0426640547811985,-0.011122666299343109,0.05378672108054161,0.0426640547811985,-0.011122666299343109,False
graph_00,industrial_cooling_system,1,shuffled_full,shuffle_17,bridge,True,True,,0.0,0.0,0.0,0.0,0.0,0.0,False
graph_00,industrial_cooling_system,1,shuffled_full,shuffle_17,norm,True,True,,0.0018449064809828997,0.0038056650664657354,0.0019607585854828358,0.0018449064809828997,0.0038056650664657354,0.0019607585854828358,False
graph_00,industrial_cooling_system,1,shuffled_full,shuffle_18,generation,True,True,,2.2531306743621826,0.2850688695907593,-1.9680618047714233,2.2531306743621826,0.2850688695907593,-1.9680618047714233,False
graph_00,industrial_cooling_system,1,shuffled_full,shuffle_18,residual_norm,True,True,,0.004028744995594025,0.39446893334388733,0.3904401883482933,0.004028744995594025,0.39446893334388733,0.3904401883482933,False
graph_00,industrial_cooling_system,1,shuffled_full,shuffle_18,residual_alignment,True,True,,0.03440874069929123,0.03869009390473366,0.004281353205442429,0.03440874069929123,0.03869009390473366,0.004281353205442429,False
graph_00,industrial_cooling_system,1,shuffled_full,shuffle_18,independence,True,True,,0.06386713683605194,0.059369150549173355,-0.004497986286878586,0.06386713683605194,0.059369150549173355,-0.004497986286878586,False
graph_00,industrial_cooling_system,1,shuffled_full,shuffle_18,bridge,True,True,,0.0,0.0,0.0,0.0,0.0,0.0,False
graph_00,industrial_cooling_system,1,shuffled_full,shuffle_18,norm,True,True,,0.0019589357543736696,0.0037615138571709394,0.0018025781027972698,0.0019589357543736696,0.0037615138571709394,0.0018025781027972698,False
graph_00,industrial_cooling_system,1,shuffled_full,shuffle_19,generation,True,True,,3.330526828765869,0.4291803240776062,-2.901346504688263,3.330526828765869,0.4291803240776062,-2.901346504688263,False
graph_00,industrial_cooling_system,1,shuffled_full,shuffle_19,residual_norm,True,True,,0.004028747323900461,0.5501090884208679,0.5460803410969675,0.004028747323900461,0.5501090884208679,0.5460803410969675,False
graph_00,industrial_cooling_system,1,shuffled_full,shuffle_19,residual_alignment,True,True,,0.04900546744465828,0.08749295026063919,0.03848748281598091,0.04900546744465828,0.08749295026063919,0.03848748281598091,False
graph_00,industrial_cooling_system,1,shuffled_full,shuffle_19,independence,True,True,,0.06279940158128738,0.06486037373542786,0.0020609721541404724,0.06279940158128738,0.06486037373542786,0.0020609721541404724,False
graph_00,industrial_cooling_system,1,shuffled_full,shuffle_19,bridge,True,True,,0.0,0.0,0.0,0.0,0.0,0.0,False
graph_00,industrial_cooling_system,1,shuffled_full,shuffle_19,norm,True,True,,0.001983809983357787,0.03751534968614578,0.035531539702787995,0.001983809983357787,0.03751534968614578,0.035531539702787995,False
graph_00,industrial_cooling_system,1,raw_correlation,,generation,False,False,not_applicable_closed_form_baseline,,,,,,,False
graph_00,industrial_cooling_system,1,raw_correlation,,residual_norm,False,False,not_applicable_closed_form_baseline,,,,,,,False
graph_00,industrial_cooling_system,1,raw_correlation,,residual_alignment,False,False,not_applicable_closed_form_baseline,,,,,,,False
graph_00,industrial_cooling_system,1,raw_correlation,,independence,False,False,not_applicable_closed_form_baseline,,,,,,,False
graph_00,industrial_cooling_system,1,raw_correlation,,bridge,False,False,not_applicable_closed_form_baseline,,,,,,,False
graph_00,industrial_cooling_system,1,raw_correlation,,norm,False,False,not_applicable_closed_form_baseline,,,,,,,False
graph_00,industrial_cooling_system,1,uniform,,generation,False,False,not_applicable_closed_form_baseline,,,,,,,False
graph_00,industrial_cooling_system,1,uniform,,residual_norm,False,False,not_applicable_closed_form_baseline,,,,,,,False
graph_00,industrial_cooling_system,1,uniform,,residual_alignment,False,False,not_applicable_closed_form_baseline,,,,,,,False
graph_00,industrial_cooling_system,1,uniform,,independence,False,False,not_applicable_closed_form_baseline,,,,,,,False
graph_00,industrial_cooling_system,1,uniform,,bridge,False,False,not_applicable_closed_form_baseline,,,,,,,False
graph_00,industrial_cooling_system,1,uniform,,norm,False,False,not_applicable_closed_form_baseline,,,,,,,False
graph_00,industrial_cooling_system,2,full_oracle,,generation,True,True,,1.587836503982544,0.31251412630081177,-1.2753223776817322,1.587836503982544,0.31251412630081177,-1.2753223776817322,False
graph_00,industrial_cooling_system,2,full_oracle,,residual_norm,True,True,,0.004126907791942358,0.37750110030174255,0.3733741925098002,0.004126907791942358,0.37750110030174255,0.3733741925098002,False
graph_00,industrial_cooling_system,2,full_oracle,,residual_alignment,True,True,,0.001685747061856091,0.07336810976266861,0.07168236270081252,0.001685747061856091,0.07336810976266861,0.07168236270081252,False
graph_00,industrial_cooling_system,2,full_oracle,,independence,True,True,,0.05949179083108902,0.05777551233768463,-0.0017162784934043884,0.05949179083108902,0.05777551233768463,-0.0017162784934043884,False
graph_00,industrial_cooling_system,2,full_oracle,,bridge,True,True,,0.0,0.0,0.0,0.0,0.0,0.0,False
graph_00,industrial_cooling_system,2,full_oracle,,norm,True,True,,0.0009343746933154762,0.0008812263840809464,-5.3148309234529734e-05,0.0009343746933154762,0.0008812263840809464,-5.3148309234529734e-05,False
graph_00,industrial_cooling_system,2,generation_only_oracle,,generation,True,True,,1.587836503982544,0.002763677854090929,-1.585072826128453,1.587836503982544,0.002763677854090929,-1.585072826128453,False
graph_00,industrial_cooling_system,2,generation_only_oracle,,residual_norm,False,True,,0.004126907791942358,1.2338359355926514,1.229709027800709,0.0,0.0,0.0,False
graph_00,industrial_cooling_system,2,generation_only_oracle,,residual_alignment,False,True,,0.001685747061856091,0.12716010212898254,0.12547435506712645,0.0,0.0,0.0,False
graph_00,industrial_cooling_system,2,generation_only_oracle,,independence,False,True,,0.05949179083108902,0.05866774544119835,-0.0008240453898906708,0.0,0.0,0.0,False
graph_00,industrial_cooling_system,2,generation_only_oracle,,bridge,False,True,,0.0,0.0,0.0,0.0,0.0,0.0,False
graph_00,industrial_cooling_system,2,generation_only_oracle,,norm,False,True,,0.0009343746933154762,0.0006516689318232238,-0.00028270576149225235,0.0,0.0,0.0,False
graph_00,industrial_cooling_system,2,oracle_without_generation,,generation,False,True,,1.587836503982544,4.028543472290039,2.440706968307495,0.0,0.0,0.0,False
graph_00,industrial_cooling_system,2,oracle_without_generation,,residual_norm,True,True,,0.004126907791942358,0.1210329607129097,0.11690605292096734,0.004126907791942358,0.1210329607129097,0.11690605292096734,False
graph_00,industrial_cooling_system,2,oracle_without_generation,,residual_alignment,True,True,,0.001685747061856091,0.04002847522497177,0.03834272816311568,0.001685747061856091,0.04002847522497177,0.03834272816311568,False
graph_00,industrial_cooling_system,2,oracle_without_generation,,independence,True,True,,0.05949179083108902,0.047206562012434006,-0.012285228818655014,0.05949179083108902,0.047206562012434006,-0.012285228818655014,False
graph_00,industrial_cooling_system,2,oracle_without_generation,,bridge,True,True,,0.0,2.8451725597733457e-07,2.8451725597733457e-07,0.0,2.8451725597733457e-07,2.8451725597733457e-07,False
graph_00,industrial_cooling_system,2,oracle_without_generation,,norm,True,True,,0.0009343746933154762,2.8670503979810746e-06,-0.0009315076429174951,0.0009343746933154762,2.8670503979810746e-06,-0.0009315076429174951,False
graph_00,industrial_cooling_system,2,residual_only_oracle,,generation,False,True,,1.587836503982544,1.7590129375457764,0.17117643356323242,0.0,0.0,0.0,False
graph_00,industrial_cooling_system,2,residual_only_oracle,,residual_norm,True,True,,0.004126907791942358,0.1210329607129097,0.11690605292096734,0.004126907791942358,0.1210329607129097,0.11690605292096734,False
graph_00,industrial_cooling_system,2,residual_only_oracle,,residual_alignment,True,True,,0.001685747061856091,0.04002847522497177,0.03834272816311568,0.001685747061856091,0.04002847522497177,0.03834272816311568,False
graph_00,industrial_cooling_system,2,residual_only_oracle,,independence,False,True,,0.05949179083108902,0.05949179083108902,0.0,0.0,0.0,0.0,False
graph_00,industrial_cooling_system,2,residual_only_oracle,,bridge,False,True,,0.0,0.0,0.0,0.0,0.0,0.0,False
graph_00,industrial_cooling_system,2,residual_only_oracle,,norm,False,True,,0.0009343746933154762,0.0009343746933154762,0.0,0.0,0.0,0.0,False
graph_00,industrial_cooling_system,2,independence_only_oracle,,generation,False,True,,1.587836503982544,45.22042465209961,43.632588148117065,0.0,0.0,0.0,False
graph_00,industrial_cooling_system,2,independence_only_oracle,,residual_norm,False,True,,0.004126907791942358,0.004126907791942358,0.0,0.0,0.0,0.0,False
graph_00,industrial_cooling_system,2,independence_only_oracle,,residual_alignment,False,True,,0.001685747061856091,0.001685747061856091,0.0,0.0,0.0,0.0,False
graph_00,industrial_cooling_system,2,independence_only_oracle,,independence,True,True,,0.05949179083108902,0.047208357602357864,-0.012283433228731155,0.05949179083108902,0.047208357602357864,-0.012283433228731155,False
graph_00,industrial_cooling_system,2,independence_only_oracle,,bridge,True,True,,0.0,1.6204319308599224e-06,1.6204319308599224e-06,0.0,1.6204319308599224e-06,1.6204319308599224e-06,False
graph_00,industrial_cooling_system,2,independence_only_oracle,,norm,False,True,,0.0009343746933154762,0.4330603778362274,0.43212600314291194,0.0,0.0,0.0,False
graph_00,industrial_cooling_system,2,symmetrized_oracle,,generation,True,True,,10.56533145904541,1.064422845840454,-9.500908613204956,10.56533145904541,1.064422845840454,-9.500908613204956,False
graph_00,industrial_cooling_system,2,symmetrized_oracle,,residual_norm,True,True,,0.004093989264219999,2.014488935470581,2.010394946206361,0.004093989264219999,2.014488935470581,2.010394946206361,False
graph_00,industrial_cooling_system,2,symmetrized_oracle,,residual_alignment,True,True,,0.018000639975070953,0.2513502240180969,0.23334958404302597,0.018000639975070953,0.2513502240180969,0.23334958404302597,False
graph_00,industrial_cooling_system,2,symmetrized_oracle,,independence,True,True,,0.0,0.0,0.0,0.0,0.0,0.0,False
graph_00,industrial_cooling_system,2,symmetrized_oracle,,bridge,True,True,,0.0,0.0,0.0,0.0,0.0,0.0,False
graph_00,industrial_cooling_system,2,symmetrized_oracle,,norm,True,True,,0.0009018806740641594,0.004398110788315535,0.003496230114251375,0.0009018806740641594,0.004398110788315535,0.003496230114251375,False
graph_00,industrial_cooling_system,2,markov_blanket_oracle,,generation,True,True,,16.12596893310547,1.288617491722107,-14.837351441383362,16.12596893310547,1.288617491722107,-14.837351441383362,False
graph_00,industrial_cooling_system,2,markov_blanket_oracle,,residual_norm,True,True,,0.004093646537512541,2.434619426727295,2.4305257801897824,0.004093646537512541,2.434619426727295,2.4305257801897824,False
graph_00,industrial_cooling_system,2,markov_blanket_oracle,,residual_alignment,True,True,,0.02802335098385811,0.25403788685798645,0.22601453587412834,0.02802335098385811,0.25403788685798645,0.22601453587412834,False
graph_00,industrial_cooling_system,2,markov_blanket_oracle,,independence,True,True,,0.0,0.0,0.0,0.0,0.0,0.0,False
graph_00,industrial_cooling_system,2,markov_blanket_oracle,,bridge,True,True,,0.0,0.0,0.0,0.0,0.0,0.0,False
graph_00,industrial_cooling_system,2,markov_blanket_oracle,,norm,True,True,,0.0009024064056575298,0.003917026799172163,0.003014620393514633,0.0009024064056575298,0.003917026799172163,0.003014620393514633,False
graph_00,industrial_cooling_system,2,same_module_graph,,generation,True,True,,6.405460834503174,0.6715174317359924,-5.733943402767181,6.405460834503174,0.6715174317359924,-5.733943402767181,False
graph_00,industrial_cooling_system,2,same_module_graph,,residual_norm,True,True,,0.00409767497330904,1.2776463031768799,1.2735486282035708,0.00409767497330904,1.2776463031768799,1.2735486282035708,False
graph_00,industrial_cooling_system,2,same_module_graph,,residual_alignment,True,True,,0.03195459023118019,0.1913905143737793,0.1594359241425991,0.03195459023118019,0.1913905143737793,0.1594359241425991,False
graph_00,industrial_cooling_system,2,same_module_graph,,independence,True,True,,0.054131925106048584,0.05450299382209778,0.00037106871604919434,0.054131925106048584,0.05450299382209778,0.00037106871604919434,False
graph_00,industrial_cooling_system,2,same_module_graph,,bridge,True,True,,0.0,0.0,0.0,0.0,0.0,0.0,False
graph_00,industrial_cooling_system,2,same_module_graph,,norm,True,True,,0.0009049066575244069,0.0064582484774291515,0.005553341819904745,0.0009049066575244069,0.0064582484774291515,0.005553341819904745,False
graph_00,industrial_cooling_system,2,reversed_full,,generation,True,True,,3.6492762565612793,0.31163692474365234,-3.337639331817627,3.6492762565612793,0.31163692474365234,-3.337639331817627,False
graph_00,industrial_cooling_system,2,reversed_full,,residual_norm,True,True,,0.004053151700645685,0.5510392189025879,0.5469860672019422,0.004053151700645685,0.5510392189025879,0.5469860672019422,False
graph_00,industrial_cooling_system,2,reversed_full,,residual_alignment,True,True,,0.010279147885739803,0.08935007452964783,0.07907092664390802,0.010279147885739803,0.08935007452964783,0.07907092664390802,False
graph_00,industrial_cooling_system,2,reversed_full,,independence,True,True,,0.0,0.0,0.0,0.0,0.0,0.0,False
graph_00,industrial_cooling_system,2,reversed_full,,bridge,True,True,,0.0,0.0,0.0,0.0,0.0,0.0,False
graph_00,industrial_cooling_system,2,reversed_full,,norm,True,True,,0.0008976518292911351,0.00691088056191802,0.006013228732626885,0.0008976518292911351,0.00691088056191802,0.006013228732626885,False
graph_00,industrial_cooling_system,2,shuffled_full,shuffle_00,generation,True,True,,3.0329790115356445,0.34091639518737793,-2.6920626163482666,3.0329790115356445,0.34091639518737793,-2.6920626163482666,False
graph_00,industrial_cooling_system,2,shuffled_full,shuffle_00,residual_norm,True,True,,0.004050286952406168,0.4719380736351013,0.46788778668269515,0.004050286952406168,0.4719380736351013,0.46788778668269515,False
graph_00,industrial_cooling_system,2,shuffled_full,shuffle_00,residual_alignment,True,True,,0.04260937124490738,0.059903617948293686,0.017294246703386307,0.04260937124490738,0.059903617948293686,0.017294246703386307,False
graph_00,industrial_cooling_system,2,shuffled_full,shuffle_00,independence,True,True,,0.06360477954149246,0.06067849323153496,-0.0029262863099575043,0.06360477954149246,0.06067849323153496,-0.0029262863099575043,False
graph_00,industrial_cooling_system,2,shuffled_full,shuffle_00,bridge,True,True,,0.0,0.0,0.0,0.0,0.0,0.0,False
graph_00,industrial_cooling_system,2,shuffled_full,shuffle_00,norm,True,True,,0.0009399554110132158,0.029888523742556572,0.028948568331543356,0.0009399554110132158,0.029888523742556572,0.028948568331543356,False
graph_00,industrial_cooling_system,2,shuffled_full,shuffle_01,generation,True,True,,2.5190482139587402,0.28740906715393066,-2.2316391468048096,2.5190482139587402,0.28740906715393066,-2.2316391468048096,False
graph_00,industrial_cooling_system,2,shuffled_full,shuffle_01,residual_norm,True,True,,0.0040637655183672905,0.40814611315727234,0.40408234763890505,0.0040637655183672905,0.40814611315727234,0.40408234763890505,False
graph_00,industrial_cooling_system,2,shuffled_full,shuffle_01,residual_alignment,True,True,,0.04482291638851166,0.059392720460891724,0.014569804072380066,0.04482291638851166,0.059392720460891724,0.014569804072380066,False
graph_00,industrial_cooling_system,2,shuffled_full,shuffle_01,independence,True,True,,0.06585191935300827,0.06521749496459961,-0.0006344243884086609,0.06585191935300827,0.06521749496459961,-0.0006344243884086609,False
graph_00,industrial_cooling_system,2,shuffled_full,shuffle_01,bridge,True,True,,0.0,0.0,0.0,0.0,0.0,0.0,False
graph_00,industrial_cooling_system,2,shuffled_full,shuffle_01,norm,True,True,,0.0009086601785384119,0.007049584295600653,0.006140924117062241,0.0009086601785384119,0.007049584295600653,0.006140924117062241,False
graph_00,industrial_cooling_system,2,shuffled_full,shuffle_02,generation,True,True,,3.0250353813171387,0.36319872736930847,-2.66183665394783,3.0250353813171387,0.36319872736930847,-2.66183665394783,False
graph_00,industrial_cooling_system,2,shuffled_full,shuffle_02,residual_norm,True,True,,0.004012792371213436,0.5387802124023438,0.5347674200311303,0.004012792371213436,0.5387802124023438,0.5347674200311303,False
graph_00,industrial_cooling_system,2,shuffled_full,shuffle_02,residual_alignment,True,True,,0.04697635769844055,0.06445622444152832,0.01747986674308777,0.04697635769844055,0.06445622444152832,0.01747986674308777,False
graph_00,industrial_cooling_system,2,shuffled_full,shuffle_02,independence,True,True,,0.06510335206985474,0.0606684572994709,-0.004434894770383835,0.06510335206985474,0.0606684572994709,-0.004434894770383835,False
graph_00,industrial_cooling_system,2,shuffled_full,shuffle_02,bridge,True,True,,0.0,0.0,0.0,0.0,0.0,0.0,False
graph_00,industrial_cooling_system,2,shuffled_full,shuffle_02,norm,True,True,,0.0010068565607070923,0.013550515286624432,0.01254365872591734,0.0010068565607070923,0.013550515286624432,0.01254365872591734,False
graph_00,industrial_cooling_system,2,shuffled_full,shuffle_03,generation,True,True,,2.58500075340271,0.3466259241104126,-2.2383748292922974,2.58500075340271,0.3466259241104126,-2.2383748292922974,False
graph_00,industrial_cooling_system,2,shuffled_full,shuffle_03,residual_norm,True,True,,0.003959955181926489,0.48714590072631836,0.48318594554439187,0.003959955181926489,0.48714590072631836,0.48318594554439187,False
graph_00,industrial_cooling_system,2,shuffled_full,shuffle_03,residual_alignment,True,True,,0.028606748208403587,0.08296271413564682,0.05435596592724323,0.028606748208403587,0.08296271413564682,0.05435596592724323,False
graph_00,industrial_cooling_system,2,shuffled_full,shuffle_03,independence,True,True,,0.06535632908344269,0.045237910002470016,-0.02011841908097267,0.06535632908344269,0.045237910002470016,-0.02011841908097267,False
graph_00,industrial_cooling_system,2,shuffled_full,shuffle_03,bridge,True,True,,0.0,0.0,0.0,0.0,0.0,0.0,False
graph_00,industrial_cooling_system,2,shuffled_full,shuffle_03,norm,True,True,,0.0010117151541635394,0.008756154216825962,0.007744439062662423,0.0010117151541635394,0.008756154216825962,0.007744439062662423,False
graph_00,industrial_cooling_system,2,shuffled_full,shuffle_04,generation,True,True,,2.5125515460968018,0.3607405722141266,-2.151810973882675,2.5125515460968018,0.3607405722141266,-2.151810973882675,False
graph_00,industrial_cooling_system,2,shuffled_full,shuffle_04,residual_norm,True,True,,0.004068830516189337,0.47561708092689514,0.4715482504107058,0.004068830516189337,0.47561708092689514,0.4715482504107058,False
graph_00,industrial_cooling_system,2,shuffled_full,shuffle_04,residual_alignment,True,True,,0.0336466059088707,0.08820942789316177,0.05456282198429108,0.0336466059088707,0.08820942789316177,0.05456282198429108,False
graph_00,industrial_cooling_system,2,shuffled_full,shuffle_04,independence,True,True,,0.06083136796951294,0.06364399194717407,0.002812623977661133,0.06083136796951294,0.06364399194717407,0.002812623977661133,False
graph_00,industrial_cooling_system,2,shuffled_full,shuffle_04,bridge,True,True,,0.0,0.0,0.0,0.0,0.0,0.0,False
graph_00,industrial_cooling_system,2,shuffled_full,shuffle_04,norm,True,True,,0.0009391886997036636,0.032811518758535385,0.03187233005883172,0.0009391886997036636,0.032811518758535385,0.03187233005883172,False
graph_00,industrial_cooling_system,2,shuffled_full,shuffle_05,generation,True,True,,2.596329927444458,0.3047536015510559,-2.291576325893402,2.596329927444458,0.3047536015510559,-2.291576325893402,False
graph_00,industrial_cooling_system,2,shuffled_full,shuffle_05,residual_norm,True,True,,0.004060694947838783,0.45594194531440735,0.45188125036656857,0.004060694947838783,0.45594194531440735,0.45188125036656857,False
graph_00,industrial_cooling_system,2,shuffled_full,shuffle_05,residual_alignment,True,True,,0.0446159802377224,0.03975938633084297,-0.004856593906879425,0.0446159802377224,0.03975938633084297,-0.004856593906879425,False
graph_00,industrial_cooling_system,2,shuffled_full,shuffle_05,independence,True,True,,0.06488543003797531,0.05499693378806114,-0.00988849624991417,0.06488543003797531,0.05499693378806114,-0.00988849624991417,False
graph_00,industrial_cooling_system,2,shuffled_full,shuffle_05,bridge,True,True,,0.0,0.0,0.0,0.0,0.0,0.0,False
graph_00,industrial_cooling_system,2,shuffled_full,shuffle_05,norm,True,True,,0.0010040209162980318,0.012793421745300293,0.011789400829002261,0.0010040209162980318,0.012793421745300293,0.011789400829002261,False
graph_00,industrial_cooling_system,2,shuffled_full,shuffle_06,generation,True,True,,3.128710985183716,0.3953787386417389,-2.733332246541977,3.128710985183716,0.3953787386417389,-2.733332246541977,False
graph_00,industrial_cooling_system,2,shuffled_full,shuffle_06,residual_norm,True,True,,0.0040472219698131084,0.5919068455696106,0.5878596235997975,0.0040472219698131084,0.5919068455696106,0.5878596235997975,False
graph_00,industrial_cooling_system,2,shuffled_full,shuffle_06,residual_alignment,True,True,,0.04341752827167511,0.07986361533403397,0.036446087062358856,0.04341752827167511,0.07986361533403397,0.036446087062358856,False
graph_00,industrial_cooling_system,2,shuffled_full,shuffle_06,independence,True,True,,0.06543044745922089,0.06370138376951218,-0.0017290636897087097,0.06543044745922089,0.06370138376951218,-0.0017290636897087097,False
graph_00,industrial_cooling_system,2,shuffled_full,shuffle_06,bridge,True,True,,0.0,0.0,0.0,0.0,0.0,0.0,False
graph_00,industrial_cooling_system,2,shuffled_full,shuffle_06,norm,True,True,,0.0009254726464860141,0.009533348493278027,0.008607875846792012,0.0009254726464860141,0.009533348493278027,0.008607875846792012,False
graph_00,industrial_cooling_system,2,shuffled_full,shuffle_07,generation,True,True,,2.936652898788452,0.3481036126613617,-2.5885492861270905,2.936652898788452,0.3481036126613617,-2.5885492861270905,False
graph_00,industrial_cooling_system,2,shuffled_full,shuffle_07,residual_norm,True,True,,0.004055362660437822,0.5157892107963562,0.5117338481359184,0.004055362660437822,0.5157892107963562,0.5117338481359184,False
graph_00,industrial_cooling_system,2,shuffled_full,shuffle_07,residual_alignment,True,True,,0.04528616741299629,0.07215651124715805,0.02687034383416176,0.04528616741299629,0.07215651124715805,0.02687034383416176,False
graph_00,industrial_cooling_system,2,shuffled_full,shuffle_07,independence,True,True,,0.06569263339042664,0.06069742143154144,-0.004995211958885193,0.06569263339042664,0.06069742143154144,-0.004995211958885193,False
graph_00,industrial_cooling_system,2,shuffled_full,shuffle_07,bridge,True,True,,0.0,0.0,0.0,0.0,0.0,0.0,False
graph_00,industrial_cooling_system,2,shuffled_full,shuffle_07,norm,True,True,,0.0010022319620475173,0.007094644010066986,0.006092412048019469,0.0010022319620475173,0.007094644010066986,0.006092412048019469,False
graph_00,industrial_cooling_system,2,shuffled_full,shuffle_08,generation,True,True,,3.450037717819214,0.4736567735671997,-2.976380944252014,3.450037717819214,0.4736567735671997,-2.976380944252014,False
graph_00,industrial_cooling_system,2,shuffled_full,shuffle_08,residual_norm,True,True,,0.004018091596662998,0.7002558708190918,0.6962377792224288,0.004018091596662998,0.7002558708190918,0.6962377792224288,False
graph_00,industrial_cooling_system,2,shuffled_full,shuffle_08,residual_alignment,True,True,,0.04539923742413521,0.11223196983337402,0.06683273240923882,0.04539923742413521,0.11223196983337402,0.06683273240923882,False
graph_00,industrial_cooling_system,2,shuffled_full,shuffle_08,independence,True,True,,0.0626588985323906,0.056281719356775284,-0.006377179175615311,0.0626588985323906,0.056281719356775284,-0.006377179175615311,False
graph_00,industrial_cooling_system,2,shuffled_full,shuffle_08,bridge,True,True,,0.0,0.0,0.0,0.0,0.0,0.0,False
graph_00,industrial_cooling_system,2,shuffled_full,shuffle_08,norm,True,True,,0.000999533454887569,0.004299222491681576,0.003299689036794007,0.000999533454887569,0.004299222491681576,0.003299689036794007,False
graph_00,industrial_cooling_system,2,shuffled_full,shuffle_09,generation,True,True,,2.7123379707336426,0.3633340001106262,-2.3490039706230164,2.7123379707336426,0.3633340001106262,-2.3490039706230164,False
graph_00,industrial_cooling_system,2,shuffled_full,shuffle_09,residual_norm,True,True,,0.00404603173956275,0.4927959144115448,0.48874988267198205,0.00404603173956275,0.4927959144115448,0.48874988267198205,False
graph_00,industrial_cooling_system,2,shuffled_full,shuffle_09,residual_alignment,True,True,,0.03631860762834549,0.07292965054512024,0.03661104291677475,0.03631860762834549,0.07292965054512024,0.03661104291677475,False
graph_00,industrial_cooling_system,2,shuffled_full,shuffle_09,independence,True,True,,0.06441156566143036,0.0629759356379509,-0.0014356300234794617,0.06441156566143036,0.0629759356379509,-0.0014356300234794617,False
graph_00,industrial_cooling_system,2,shuffled_full,shuffle_09,bridge,True,True,,0.0,0.0,0.0,0.0,0.0,0.0,False
graph_00,industrial_cooling_system,2,shuffled_full,shuffle_09,norm,True,True,,0.0009102596086449921,0.004029880277812481,0.003119620669167489,0.0009102596086449921,0.004029880277812481,0.003119620669167489,False
graph_00,industrial_cooling_system,2,shuffled_full,shuffle_10,generation,True,True,,3.2497501373291016,0.38198915123939514,-2.8677609860897064,3.2497501373291016,0.38198915123939514,-2.8677609860897064,False
graph_00,industrial_cooling_system,2,shuffled_full,shuffle_10,residual_norm,True,True,,0.003990299068391323,0.5754018425941467,0.5714115435257554,0.003990299068391323,0.5754018425941467,0.5714115435257554,False
graph_00,industrial_cooling_system,2,shuffled_full,shuffle_10,residual_alignment,True,True,,0.04095730558037758,0.09003297239542007,0.049075666815042496,0.04095730558037758,0.09003297239542007,0.049075666815042496,False
graph_00,industrial_cooling_system,2,shuffled_full,shuffle_10,independence,True,True,,0.06434531509876251,0.05613218620419502,-0.00821312889456749,0.06434531509876251,0.05613218620419502,-0.00821312889456749,False
graph_00,industrial_cooling_system,2,shuffled_full,shuffle_10,bridge,True,True,,0.0,0.0,0.0,0.0,0.0,0.0,False
graph_00,industrial_cooling_system,2,shuffled_full,shuffle_10,norm,True,True,,0.0009166764211840928,0.009142445400357246,0.008225768979173154,0.0009166764211840928,0.009142445400357246,0.008225768979173154,False
graph_00,industrial_cooling_system,2,shuffled_full,shuffle_11,generation,True,True,,3.639242172241211,0.4705227017402649,-3.168719470500946,3.639242172241211,0.4705227017402649,-3.168719470500946,False
graph_00,industrial_cooling_system,2,shuffled_full,shuffle_11,residual_norm,True,True,,0.004013508558273315,0.6297034025192261,0.6256898939609528,0.004013508558273315,0.6297034025192261,0.6256898939609528,False
graph_00,industrial_cooling_system,2,shuffled_full,shuffle_11,residual_alignment,True,True,,0.045475173741579056,0.1038818359375,0.058406662195920944,0.045475173741579056,0.1038818359375,0.058406662195920944,False
graph_00,industrial_cooling_system,2,shuffled_full,shuffle_11,independence,True,True,,0.06425647437572479,0.06497610360383987,0.0007196292281150818,0.06425647437572479,0.06497610360383987,0.0007196292281150818,False
graph_00,industrial_cooling_system,2,shuffled_full,shuffle_11,bridge,True,True,,0.0,0.0,0.0,0.0,0.0,0.0,False
graph_00,industrial_cooling_system,2,shuffled_full,shuffle_11,norm,True,True,,0.0009217376937158406,0.042998991906642914,0.04207725421292707,0.0009217376937158406,0.042998991906642914,0.04207725421292707,False
graph_00,industrial_cooling_system,2,shuffled_full,shuffle_12,generation,True,True,,3.5622167587280273,0.5275883674621582,-3.034628391265869,3.5622167587280273,0.5275883674621582,-3.034628391265869,False
graph_00,industrial_cooling_system,2,shuffled_full,shuffle_12,residual_norm,True,True,,0.003934222273528576,0.7404292821884155,0.736495059914887,0.003934222273528576,0.7404292821884155,0.736495059914887,False
graph_00,industrial_cooling_system,2,shuffled_full,shuffle_12,residual_alignment,True,True,,0.044649574905633926,0.14498335123062134,0.10033377632498741,0.044649574905633926,0.14498335123062134,0.10033377632498741,False
graph_00,industrial_cooling_system,2,shuffled_full,shuffle_12,independence,True,True,,0.05580128729343414,0.03703858703374863,-0.018762700259685516,0.05580128729343414,0.03703858703374863,-0.018762700259685516,False
graph_00,industrial_cooling_system,2,shuffled_full,shuffle_12,bridge,True,True,,0.0,0.0,0.0,0.0,0.0,0.0,False
graph_00,industrial_cooling_system,2,shuffled_full,shuffle_12,norm,True,True,,0.0010124865220859647,0.012153645046055317,0.011141158523969352,0.0010124865220859647,0.012153645046055317,0.011141158523969352,False
graph_00,industrial_cooling_system,2,shuffled_full,shuffle_13,generation,True,True,,3.1162679195404053,0.4515584707260132,-2.664709448814392,3.1162679195404053,0.4515584707260132,-2.664709448814392,False
graph_00,industrial_cooling_system,2,shuffled_full,shuffle_13,residual_norm,True,True,,0.003999060485512018,0.5817682147026062,0.5777691542170942,0.003999060485512018,0.5817682147026062,0.5777691542170942,False
graph_00,industrial_cooling_system,2,shuffled_full,shuffle_13,residual_alignment,True,True,,0.0519481897354126,0.09148868918418884,0.039540499448776245,0.0519481897354126,0.09148868918418884,0.039540499448776245,False
graph_00,industrial_cooling_system,2,shuffled_full,shuffle_13,independence,True,True,,0.05560872703790665,0.06123553588986397,0.005626808851957321,0.05560872703790665,0.06123553588986397,0.005626808851957321,False
graph_00,industrial_cooling_system,2,shuffled_full,shuffle_13,bridge,True,True,,0.0,0.0,0.0,0.0,0.0,0.0,False
graph_00,industrial_cooling_system,2,shuffled_full,shuffle_13,norm,True,True,,0.0010203762212768197,0.055335160344839096,0.054314784123562276,0.0010203762212768197,0.055335160344839096,0.054314784123562276,False
graph_00,industrial_cooling_system,2,shuffled_full,shuffle_14,generation,True,True,,3.214899778366089,0.4481230080127716,-2.7667767703533173,3.214899778366089,0.4481230080127716,-2.7667767703533173,False
graph_00,industrial_cooling_system,2,shuffled_full,shuffle_14,residual_norm,True,True,,0.004077807534486055,0.6345085501670837,0.6304307426325977,0.004077807534486055,0.6345085501670837,0.6304307426325977,False
graph_00,industrial_cooling_system,2,shuffled_full,shuffle_14,residual_alignment,True,True,,0.03199256584048271,0.10748966783285141,0.0754971019923687,0.03199256584048271,0.10748966783285141,0.0754971019923687,False
graph_00,industrial_cooling_system,2,shuffled_full,shuffle_14,independence,True,True,,0.06307634711265564,0.056943658739328384,-0.006132688373327255,0.06307634711265564,0.056943658739328384,-0.006132688373327255,False
graph_00,industrial_cooling_system,2,shuffled_full,shuffle_14,bridge,True,True,,0.0,0.0,0.0,0.0,0.0,0.0,False
graph_00,industrial_cooling_system,2,shuffled_full,shuffle_14,norm,True,True,,0.0010100709041580558,0.006562580354511738,0.005552509450353682,0.0010100709041580558,0.006562580354511738,0.005552509450353682,False
graph_00,industrial_cooling_system,2,shuffled_full,shuffle_15,generation,True,True,,3.784554958343506,0.551689863204956,-3.23286509513855,3.784554958343506,0.551689863204956,-3.23286509513855,False
graph_00,industrial_cooling_system,2,shuffled_full,shuffle_15,residual_norm,True,True,,0.003974027466028929,0.7732306718826294,0.7692566444166005,0.003974027466028929,0.7732306718826294,0.7692566444166005,False
graph_00,industrial_cooling_system,2,shuffled_full,shuffle_15,residual_alignment,True,True,,0.027991048991680145,0.1717744767665863,0.14378342777490616,0.027991048991680145,0.1717744767665863,0.14378342777490616,False
graph_00,industrial_cooling_system,2,shuffled_full,shuffle_15,independence,True,True,,0.06415349245071411,0.0469706766307354,-0.017182815819978714,0.06415349245071411,0.0469706766307354,-0.017182815819978714,False
graph_00,industrial_cooling_system,2,shuffled_full,shuffle_15,bridge,True,True,,0.0,4.967884251527721e-06,4.967884251527721e-06,0.0,4.967884251527721e-06,4.967884251527721e-06,False
graph_00,industrial_cooling_system,2,shuffled_full,shuffle_15,norm,True,True,,0.0010210656328126788,0.004081593360751867,0.0030605277279391885,0.0010210656328126788,0.004081593360751867,0.0030605277279391885,False
graph_00,industrial_cooling_system,2,shuffled_full,shuffle_16,generation,True,True,,2.9686412811279297,0.3850756883621216,-2.583565592765808,2.9686412811279297,0.3850756883621216,-2.583565592765808,False
graph_00,industrial_cooling_system,2,shuffled_full,shuffle_16,residual_norm,True,True,,0.004047236870974302,0.5536333322525024,0.5495860953815281,0.004047236870974302,0.5536333322525024,0.5495860953815281,False
graph_00,industrial_cooling_system,2,shuffled_full,shuffle_16,residual_alignment,True,True,,0.03313043341040611,0.08073980361223221,0.047609370201826096,0.03313043341040611,0.08073980361223221,0.047609370201826096,False
graph_00,industrial_cooling_system,2,shuffled_full,shuffle_16,independence,True,True,,0.06466896086931229,0.06469529122114182,2.633035182952881e-05,0.06466896086931229,0.06469529122114182,2.633035182952881e-05,False
graph_00,industrial_cooling_system,2,shuffled_full,shuffle_16,bridge,True,True,,0.0,0.0,0.0,0.0,0.0,0.0,False
graph_00,industrial_cooling_system,2,shuffled_full,shuffle_16,norm,True,True,,0.0009362034616060555,0.004212388303130865,0.0032761848415248096,0.0009362034616060555,0.004212388303130865,0.0032761848415248096,False
graph_00,industrial_cooling_system,2,shuffled_full,shuffle_17,generation,True,True,,2.9596102237701416,0.40364009141921997,-2.5559701323509216,2.9596102237701416,0.40364009141921997,-2.5559701323509216,False
graph_00,industrial_cooling_system,2,shuffled_full,shuffle_17,residual_norm,True,True,,0.003994286525994539,0.5459600687026978,0.5419657821767032,0.003994286525994539,0.5459600687026978,0.5419657821767032,False
graph_00,industrial_cooling_system,2,shuffled_full,shuffle_17,residual_alignment,True,True,,0.04112360253930092,0.08478038758039474,0.043656785041093826,0.04112360253930092,0.08478038758039474,0.043656785041093826,False
graph_00,industrial_cooling_system,2,shuffled_full,shuffle_17,independence,True,True,,0.0656047910451889,0.058053627610206604,-0.0075511634349823,0.0656047910451889,0.058053627610206604,-0.0075511634349823,False
graph_00,industrial_cooling_system,2,shuffled_full,shuffle_17,bridge,True,True,,0.0,0.0,0.0,0.0,0.0,0.0,False
graph_00,industrial_cooling_system,2,shuffled_full,shuffle_17,norm,True,True,,0.0010087615810334682,0.006243380717933178,0.00523461913689971,0.0010087615810334682,0.006243380717933178,0.00523461913689971,False
graph_00,industrial_cooling_system,2,shuffled_full,shuffle_18,generation,True,True,,2.257049083709717,0.27021798491477966,-1.9868310987949371,2.257049083709717,0.27021798491477966,-1.9868310987949371,False
graph_00,industrial_cooling_system,2,shuffled_full,shuffle_18,residual_norm,True,True,,0.0040560150519013405,0.3675384521484375,0.36348243709653616,0.0040560150519013405,0.3675384521484375,0.36348243709653616,False
graph_00,industrial_cooling_system,2,shuffled_full,shuffle_18,residual_alignment,True,True,,0.0358840711414814,0.0447891503572464,0.008905079215765,0.0358840711414814,0.0447891503572464,0.008905079215765,False
graph_00,industrial_cooling_system,2,shuffled_full,shuffle_18,independence,True,True,,0.06376418471336365,0.036295268684625626,-0.027468916028738022,0.06376418471336365,0.036295268684625626,-0.027468916028738022,False
graph_00,industrial_cooling_system,2,shuffled_full,shuffle_18,bridge,True,True,,0.0,7.334481051657349e-05,7.334481051657349e-05,0.0,7.334481051657349e-05,7.334481051657349e-05,False
graph_00,industrial_cooling_system,2,shuffled_full,shuffle_18,norm,True,True,,0.0009466935880482197,0.005518943537026644,0.004572249948978424,0.0009466935880482197,0.005518943537026644,0.004572249948978424,False
graph_00,industrial_cooling_system,2,shuffled_full,shuffle_19,generation,True,True,,2.9270784854888916,0.40276026725769043,-2.524318218231201,2.9270784854888916,0.40276026725769043,-2.524318218231201,False
graph_00,industrial_cooling_system,2,shuffled_full,shuffle_19,residual_norm,True,True,,0.004065155051648617,0.5729683637619019,0.5689032087102532,0.004065155051648617,0.5729683637619019,0.5689032087102532,False
graph_00,industrial_cooling_system,2,shuffled_full,shuffle_19,residual_alignment,True,True,,0.05196462199091911,0.08968868106603622,0.03772405907511711,0.05196462199091911,0.08968868106603622,0.03772405907511711,False
graph_00,industrial_cooling_system,2,shuffled_full,shuffle_19,independence,True,True,,0.05530526861548424,0.05529743805527687,-7.830560207366943e-06,0.05530526861548424,0.05529743805527687,-7.830560207366943e-06,False
graph_00,industrial_cooling_system,2,shuffled_full,shuffle_19,bridge,True,True,,0.0,0.0,0.0,0.0,0.0,0.0,False
graph_00,industrial_cooling_system,2,shuffled_full,shuffle_19,norm,True,True,,0.0009247028501704335,0.016884377226233482,0.01595967437606305,0.0009247028501704335,0.016884377226233482,0.01595967437606305,False
graph_00,industrial_cooling_system,2,raw_correlation,,generation,False,False,not_applicable_closed_form_baseline,,,,,,,False
graph_00,industrial_cooling_system,2,raw_correlation,,residual_norm,False,False,not_applicable_closed_form_baseline,,,,,,,False
graph_00,industrial_cooling_system,2,raw_correlation,,residual_alignment,False,False,not_applicable_closed_form_baseline,,,,,,,False
graph_00,industrial_cooling_system,2,raw_correlation,,independence,False,False,not_applicable_closed_form_baseline,,,,,,,False
graph_00,industrial_cooling_system,2,raw_correlation,,bridge,False,False,not_applicable_closed_form_baseline,,,,,,,False
graph_00,industrial_cooling_system,2,raw_correlation,,norm,False,False,not_applicable_closed_form_baseline,,,,,,,False
graph_00,industrial_cooling_system,2,uniform,,generation,False,False,not_applicable_closed_form_baseline,,,,,,,False
graph_00,industrial_cooling_system,2,uniform,,residual_norm,False,False,not_applicable_closed_form_baseline,,,,,,,False
graph_00,industrial_cooling_system,2,uniform,,residual_alignment,False,False,not_applicable_closed_form_baseline,,,,,,,False
graph_00,industrial_cooling_system,2,uniform,,independence,False,False,not_applicable_closed_form_baseline,,,,,,,False
graph_00,industrial_cooling_system,2,uniform,,bridge,False,False,not_applicable_closed_form_baseline,,,,,,,False
graph_00,industrial_cooling_system,2,uniform,,norm,False,False,not_applicable_closed_form_baseline,,,,,,,False
graph_00,industrial_cooling_system,3,full_oracle,,generation,True,True,,1.2894015312194824,0.22288498282432556,-1.0665165483951569,1.2894015312194824,0.22288498282432556,-1.0665165483951569,False
graph_00,industrial_cooling_system,3,full_oracle,,residual_norm,True,True,,0.004096062388271093,0.31033965945243835,0.30624359706416726,0.004096062388271093,0.31033965945243835,0.30624359706416726,False
graph_00,industrial_cooling_system,3,full_oracle,,residual_alignment,True,True,,0.0016766777262091637,0.019427312538027763,0.0177506348118186,0.0016766777262091637,0.019427312538027763,0.0177506348118186,False
graph_00,industrial_cooling_system,3,full_oracle,,independence,True,True,,0.047766223549842834,0.04345934838056564,-0.004306875169277191,0.047766223549842834,0.04345934838056564,-0.004306875169277191,False
graph_00,industrial_cooling_system,3,full_oracle,,bridge,True,True,,0.0,0.0,0.0,0.0,0.0,0.0,False
graph_00,industrial_cooling_system,3,full_oracle,,norm,True,True,,0.03393341228365898,0.016735367476940155,-0.017198044806718826,0.03393341228365898,0.016735367476940155,-0.017198044806718826,False
graph_00,industrial_cooling_system,3,generation_only_oracle,,generation,True,True,,1.2894015312194824,0.0023583807051181793,-1.2870431505143642,1.2894015312194824,0.0023583807051181793,-1.2870431505143642,False
graph_00,industrial_cooling_system,3,generation_only_oracle,,residual_norm,False,True,,0.004096062388271093,0.9116594195365906,0.9075633571483195,0.0,0.0,0.0,False
graph_00,industrial_cooling_system,3,generation_only_oracle,,residual_alignment,False,True,,0.0016766777262091637,0.02399110049009323,0.022314422763884068,0.0,0.0,0.0,False
graph_00,industrial_cooling_system,3,generation_only_oracle,,independence,False,True,,0.047766223549842834,0.04673151671886444,-0.0010347068309783936,0.0,0.0,0.0,False
graph_00,industrial_cooling_system,3,generation_only_oracle,,bridge,False,True,,0.0,0.0,0.0,0.0,0.0,0.0,False
graph_00,industrial_cooling_system,3,generation_only_oracle,,norm,False,True,,0.03393341228365898,0.03336530178785324,-0.0005681104958057404,0.0,0.0,0.0,False
graph_00,industrial_cooling_system,3,oracle_without_generation,,generation,False,True,,1.2894015312194824,2.920929431915283,1.6315279006958008,0.0,0.0,0.0,False
graph_00,industrial_cooling_system,3,oracle_without_generation,,residual_norm,True,True,,0.004096062388271093,0.06958632171154022,0.06549025932326913,0.004096062388271093,0.06958632171154022,0.06549025932326913,False
graph_00,industrial_cooling_system,3,oracle_without_generation,,residual_alignment,True,True,,0.0016766777262091637,0.027269111946225166,0.025592434220016003,0.0016766777262091637,0.027269111946225166,0.025592434220016003,False
graph_00,industrial_cooling_system,3,oracle_without_generation,,independence,True,True,,0.047766223549842834,0.02232368476688862,-0.025442538782954216,0.047766223549842834,0.02232368476688862,-0.025442538782954216,False
graph_00,industrial_cooling_system,3,oracle_without_generation,,bridge,True,True,,0.0,0.0,0.0,0.0,0.0,0.0,False
graph_00,industrial_cooling_system,3,oracle_without_generation,,norm,True,True,,0.03393341228365898,5.57455086891423e-06,-0.03392783773279007,0.03393341228365898,5.57455086891423e-06,-0.03392783773279007,False
graph_00,industrial_cooling_system,3,residual_only_oracle,,generation,False,True,,1.2894015312194824,1.386399745941162,0.09699821472167969,0.0,0.0,0.0,False
graph_00,industrial_cooling_system,3,residual_only_oracle,,residual_norm,True,True,,0.004096062388271093,0.06958632171154022,0.06549025932326913,0.004096062388271093,0.06958632171154022,0.06549025932326913,False
graph_00,industrial_cooling_system,3,residual_only_oracle,,residual_alignment,True,True,,0.0016766777262091637,0.027269111946225166,0.025592434220016003,0.0016766777262091637,0.027269111946225166,0.025592434220016003,False
graph_00,industrial_cooling_system,3,residual_only_oracle,,independence,False,True,,0.047766223549842834,0.047766223549842834,0.0,0.0,0.0,0.0,False
graph_00,industrial_cooling_system,3,residual_only_oracle,,bridge,False,True,,0.0,0.0,0.0,0.0,0.0,0.0,False
graph_00,industrial_cooling_system,3,residual_only_oracle,,norm,False,True,,0.03393341228365898,0.03393341228365898,0.0,0.0,0.0,0.0,False
graph_00,industrial_cooling_system,3,independence_only_oracle,,generation,False,True,,1.2894015312194824,28.293975830078125,27.004574298858643,0.0,0.0,0.0,False
graph_00,industrial_cooling_system,3,independence_only_oracle,,residual_norm,False,True,,0.004096062388271093,0.004096062388271093,0.0,0.0,0.0,0.0,False
graph_00,industrial_cooling_system,3,independence_only_oracle,,residual_alignment,False,True,,0.0016766777262091637,0.0016766777262091637,0.0,0.0,0.0,0.0,False
graph_00,industrial_cooling_system,3,independence_only_oracle,,independence,True,True,,0.047766223549842834,0.022370148450136185,-0.02539607509970665,0.047766223549842834,0.022370148450136185,-0.02539607509970665,False
graph_00,industrial_cooling_system,3,independence_only_oracle,,bridge,True,True,,0.0,1.325770995208586e-06,1.325770995208586e-06,0.0,1.325770995208586e-06,1.325770995208586e-06,False
graph_00,industrial_cooling_system,3,independence_only_oracle,,norm,False,True,,0.03393341228365898,0.8858208060264587,0.8518873937427998,0.0,0.0,0.0,False
graph_00,industrial_cooling_system,3,symmetrized_oracle,,generation,True,True,,11.372553825378418,1.0349425077438354,-10.337611317634583,11.372553825378418,1.0349425077438354,-10.337611317634583,False
graph_00,industrial_cooling_system,3,symmetrized_oracle,,residual_norm,True,True,,0.004069837741553783,1.9010002613067627,1.896930423565209,0.004069837741553783,1.9010002613067627,1.896930423565209,False
graph_00,industrial_cooling_system,3,symmetrized_oracle,,residual_alignment,True,True,,0.017609305679798126,0.2902771234512329,0.2726678177714348,0.017609305679798126,0.2902771234512329,0.2726678177714348,False
graph_00,industrial_cooling_system,3,symmetrized_oracle,,independence,True,True,,0.0,0.0,0.0,0.0,0.0,0.0,False
graph_00,industrial_cooling_system,3,symmetrized_oracle,,bridge,True,True,,0.0,0.00016879060422070324,0.00016879060422070324,0.0,0.00016879060422070324,0.00016879060422070324,False
graph_00,industrial_cooling_system,3,symmetrized_oracle,,norm,True,True,,0.030515557155013084,0.006355564575642347,-0.024159992579370737,0.030515557155013084,0.006355564575642347,-0.024159992579370737,False
graph_00,industrial_cooling_system,3,markov_blanket_oracle,,generation,True,True,,15.605037689208984,1.422890067100525,-14.18214762210846,15.605037689208984,1.422890067100525,-14.18214762210846,False
graph_00,industrial_cooling_system,3,markov_blanket_oracle,,residual_norm,True,True,,0.004069381859153509,2.690563917160034,2.6864945353008807,0.004069381859153509,2.690563917160034,2.6864945353008807,False
graph_00,industrial_cooling_system,3,markov_blanket_oracle,,residual_alignment,True,True,,0.02865537628531456,0.32648786902427673,0.2978324927389622,0.02865537628531456,0.32648786902427673,0.2978324927389622,False
graph_00,industrial_cooling_system,3,markov_blanket_oracle,,independence,True,True,,0.0,0.0,0.0,0.0,0.0,0.0,False
graph_00,industrial_cooling_system,3,markov_blanket_oracle,,bridge,True,True,,0.0,0.0,0.0,0.0,0.0,0.0,False
graph_00,industrial_cooling_system,3,markov_blanket_oracle,,norm,True,True,,0.030741948634386063,0.005062910728156567,-0.025679037906229496,0.030741948634386063,0.005062910728156567,-0.025679037906229496,False
graph_00,industrial_cooling_system,3,same_module_graph,,generation,True,True,,9.742239952087402,0.654458224773407,-9.087781727313995,9.742239952087402,0.654458224773407,-9.087781727313995,False
graph_00,industrial_cooling_system,3,same_module_graph,,residual_norm,True,True,,0.0040750447660684586,1.2358945608139038,1.2318195160478354,0.0040750447660684586,1.2358945608139038,1.2318195160478354,False
graph_00,industrial_cooling_system,3,same_module_graph,,residual_alignment,True,True,,0.03207581490278244,0.20292259752750397,0.17084678262472153,0.03207581490278244,0.20292259752750397,0.17084678262472153,False
graph_00,industrial_cooling_system,3,same_module_graph,,independence,True,True,,0.04826352372765541,0.03967456519603729,-0.008588958531618118,0.04826352372765541,0.03967456519603729,-0.008588958531618118,False
graph_00,industrial_cooling_system,3,same_module_graph,,bridge,True,True,,0.0,0.0,0.0,0.0,0.0,0.0,False
graph_00,industrial_cooling_system,3,same_module_graph,,norm,True,True,,0.03060073032975197,0.015419098548591137,-0.015181631781160831,0.03060073032975197,0.015419098548591137,-0.015181631781160831,False
graph_00,industrial_cooling_system,3,reversed_full,,generation,True,True,,6.7131195068359375,0.340400755405426,-6.3727187514305115,6.7131195068359375,0.340400755405426,-6.3727187514305115,False
graph_00,industrial_cooling_system,3,reversed_full,,residual_norm,True,True,,0.0040203663520514965,0.6316089034080505,0.627588537055999,0.0040203663520514965,0.6316089034080505,0.627588537055999,False
graph_00,industrial_cooling_system,3,reversed_full,,residual_alignment,True,True,,0.009858482517302036,0.0745026245713234,0.06464414205402136,0.009858482517302036,0.0745026245713234,0.06464414205402136,False
graph_00,industrial_cooling_system,3,reversed_full,,independence,True,True,,0.0,0.0,0.0,0.0,0.0,0.0,False
graph_00,industrial_cooling_system,3,reversed_full,,bridge,True,True,,0.0,0.0,0.0,0.0,0.0,0.0,False
graph_00,industrial_cooling_system,3,reversed_full,,norm,True,True,,0.030328670516610146,0.008504889905452728,-0.021823780611157417,0.030328670516610146,0.008504889905452728,-0.021823780611157417,False
graph_00,industrial_cooling_system,3,shuffled_full,shuffle_00,generation,True,True,,8.39084243774414,0.38811713457107544,-8.002725303173065,8.39084243774414,0.38811713457107544,-8.002725303173065,False
graph_00,industrial_cooling_system,3,shuffled_full,shuffle_00,residual_norm,True,True,,0.004036255646497011,0.5742552876472473,0.5702190320007503,0.004036255646497011,0.5742552876472473,0.5702190320007503,False
graph_00,industrial_cooling_system,3,shuffled_full,shuffle_00,residual_alignment,True,True,,0.04064321890473366,0.06748829036951065,0.026845071464776993,0.04064321890473366,0.06748829036951065,0.026845071464776993,False
graph_00,industrial_cooling_system,3,shuffled_full,shuffle_00,independence,True,True,,0.05604122206568718,0.045190341770648956,-0.010850880295038223,0.05604122206568718,0.045190341770648956,-0.010850880295038223,False
graph_00,industrial_cooling_system,3,shuffled_full,shuffle_00,bridge,True,True,,0.0,0.0,0.0,0.0,0.0,0.0,False
graph_00,industrial_cooling_system,3,shuffled_full,shuffle_00,norm,True,True,,0.030761945992708206,0.006859034299850464,-0.023902911692857742,0.030761945992708206,0.006859034299850464,-0.023902911692857742,False
graph_00,industrial_cooling_system,3,shuffled_full,shuffle_01,generation,True,True,,4.128839015960693,0.3763050436973572,-3.752533972263336,4.128839015960693,0.3763050436973572,-3.752533972263336,False
graph_00,industrial_cooling_system,3,shuffled_full,shuffle_01,residual_norm,True,True,,0.003984442912042141,0.4999307692050934,0.49594632629305124,0.003984442912042141,0.4999307692050934,0.49594632629305124,False
graph_00,industrial_cooling_system,3,shuffled_full,shuffle_01,residual_alignment,True,True,,0.0442158468067646,0.0599445104598999,0.0157286636531353,0.0442158468067646,0.0599445104598999,0.0157286636531353,False
graph_00,industrial_cooling_system,3,shuffled_full,shuffle_01,independence,True,True,,0.051574405282735825,0.04064777493476868,-0.010926630347967148,0.051574405282735825,0.04064777493476868,-0.010926630347967148,False
graph_00,industrial_cooling_system,3,shuffled_full,shuffle_01,bridge,True,True,,0.0,6.830772326793522e-05,6.830772326793522e-05,0.0,6.830772326793522e-05,6.830772326793522e-05,False
graph_00,industrial_cooling_system,3,shuffled_full,shuffle_01,norm,True,True,,0.03324489668011665,0.020500779151916504,-0.01274411752820015,0.03324489668011665,0.020500779151916504,-0.01274411752820015,False
graph_00,industrial_cooling_system,3,shuffled_full,shuffle_02,generation,True,True,,3.18570613861084,0.3750375509262085,-2.8106685876846313,3.18570613861084,0.3750375509262085,-2.8106685876846313,False
graph_00,industrial_cooling_system,3,shuffled_full,shuffle_02,residual_norm,True,True,,0.003969680517911911,0.5577343106269836,0.5537646301090717,0.003969680517911911,0.5577343106269836,0.5537646301090717,False
graph_00,industrial_cooling_system,3,shuffled_full,shuffle_02,residual_alignment,True,True,,0.04699646309018135,0.0829433724284172,0.035946909338235855,0.04699646309018135,0.0829433724284172,0.035946909338235855,False
graph_00,industrial_cooling_system,3,shuffled_full,shuffle_02,independence,True,True,,0.05155322328209877,0.04860436171293259,-0.0029488615691661835,0.05155322328209877,0.04860436171293259,-0.0029488615691661835,False
graph_00,industrial_cooling_system,3,shuffled_full,shuffle_02,bridge,True,True,,0.0,0.0,0.0,0.0,0.0,0.0,False
graph_00,industrial_cooling_system,3,shuffled_full,shuffle_02,norm,True,True,,0.03391164168715477,0.018081149086356163,-0.015830492600798607,0.03391164168715477,0.018081149086356163,-0.015830492600798607,False
graph_00,industrial_cooling_system,3,shuffled_full,shuffle_03,generation,True,True,,4.791319847106934,0.35954952239990234,-4.431770324707031,4.791319847106934,0.35954952239990234,-4.431770324707031,False
graph_00,industrial_cooling_system,3,shuffled_full,shuffle_03,residual_norm,True,True,,0.0039843288250267506,0.5125483870506287,0.5085640582256019,0.0039843288250267506,0.5125483870506287,0.5085640582256019,False
graph_00,industrial_cooling_system,3,shuffled_full,shuffle_03,residual_alignment,True,True,,0.02882147952914238,0.07306235283613205,0.04424087330698967,0.02882147952914238,0.07306235283613205,0.04424087330698967,False
graph_00,industrial_cooling_system,3,shuffled_full,shuffle_03,independence,True,True,,0.057717304676771164,0.05763543024659157,-8.187443017959595e-05,0.057717304676771164,0.05763543024659157,-8.187443017959595e-05,False
graph_00,industrial_cooling_system,3,shuffled_full,shuffle_03,bridge,True,True,,0.0,0.0,0.0,0.0,0.0,0.0,False
graph_00,industrial_cooling_system,3,shuffled_full,shuffle_03,norm,True,True,,0.034128230065107346,0.010688635520637035,-0.02343959454447031,0.034128230065107346,0.010688635520637035,-0.02343959454447031,False
graph_00,industrial_cooling_system,3,shuffled_full,shuffle_04,generation,True,True,,3.00974440574646,0.42469140887260437,-2.5850529968738556,3.00974440574646,0.42469140887260437,-2.5850529968738556,False
graph_00,industrial_cooling_system,3,shuffled_full,shuffle_04,residual_norm,True,True,,0.004013304132968187,0.5845988988876343,0.5805855947546661,0.004013304132968187,0.5845988988876343,0.5805855947546661,False
graph_00,industrial_cooling_system,3,shuffled_full,shuffle_04,residual_alignment,True,True,,0.03166599199175835,0.10338615626096725,0.07172016426920891,0.03166599199175835,0.10338615626096725,0.07172016426920891,False
graph_00,industrial_cooling_system,3,shuffled_full,shuffle_04,independence,True,True,,0.04692378640174866,0.03567664325237274,-0.011247143149375916,0.04692378640174866,0.03567664325237274,-0.011247143149375916,False
graph_00,industrial_cooling_system,3,shuffled_full,shuffle_04,bridge,True,True,,0.0,0.0,0.0,0.0,0.0,0.0,False
graph_00,industrial_cooling_system,3,shuffled_full,shuffle_04,norm,True,True,,0.03445073217153549,0.012993911281228065,-0.021456820890307426,0.03445073217153549,0.012993911281228065,-0.021456820890307426,False
graph_00,industrial_cooling_system,3,shuffled_full,shuffle_05,generation,True,True,,4.307787895202637,0.3625442385673523,-3.9452436566352844,4.307787895202637,0.3625442385673523,-3.9452436566352844,False
graph_00,industrial_cooling_system,3,shuffled_full,shuffle_05,residual_norm,True,True,,0.003980080131441355,0.5342609882354736,0.5302809081040323,0.003980080131441355,0.5342609882354736,0.5302809081040323,False
graph_00,industrial_cooling_system,3,shuffled_full,shuffle_05,residual_alignment,True,True,,0.04462026059627533,0.05835358053445816,0.01373331993818283,0.04462026059627533,0.05835358053445816,0.01373331993818283,False
graph_00,industrial_cooling_system,3,shuffled_full,shuffle_05,independence,True,True,,0.05728756636381149,0.04962872713804245,-0.007658839225769043,0.05728756636381149,0.04962872713804245,-0.007658839225769043,False
graph_00,industrial_cooling_system,3,shuffled_full,shuffle_05,bridge,True,True,,0.0,0.0,0.0,0.0,0.0,0.0,False
graph_00,industrial_cooling_system,3,shuffled_full,shuffle_05,norm,True,True,,0.034358929842710495,0.0068512954749166965,-0.0275076343677938,0.034358929842710495,0.0068512954749166965,-0.0275076343677938,False
graph_00,industrial_cooling_system,3,shuffled_full,shuffle_06,generation,True,True,,7.582672595977783,0.46853628754615784,-7.114136308431625,7.582672595977783,0.46853628754615784,-7.114136308431625,False
graph_00,industrial_cooling_system,3,shuffled_full,shuffle_06,residual_norm,True,True,,0.003973307553678751,0.6308934092521667,0.626920101698488,0.003973307553678751,0.6308934092521667,0.626920101698488,False
graph_00,industrial_cooling_system,3,shuffled_full,shuffle_06,residual_alignment,True,True,,0.043026234954595566,0.09569304436445236,0.052666809409856796,0.043026234954595566,0.09569304436445236,0.052666809409856796,False
graph_00,industrial_cooling_system,3,shuffled_full,shuffle_06,independence,True,True,,0.05322301760315895,0.051012009382247925,-0.002211008220911026,0.05322301760315895,0.051012009382247925,-0.002211008220911026,False
graph_00,industrial_cooling_system,3,shuffled_full,shuffle_06,bridge,True,True,,0.0,0.0,0.0,0.0,0.0,0.0,False
graph_00,industrial_cooling_system,3,shuffled_full,shuffle_06,norm,True,True,,0.03209148719906807,0.022504320368170738,-0.009587166830897331,0.03209148719906807,0.022504320368170738,-0.009587166830897331,False
graph_00,industrial_cooling_system,3,shuffled_full,shuffle_07,generation,True,True,,6.438359260559082,0.40248751640319824,-6.035871744155884,6.438359260559082,0.40248751640319824,-6.035871744155884,False
graph_00,industrial_cooling_system,3,shuffled_full,shuffle_07,residual_norm,True,True,,0.003999055363237858,0.558988630771637,0.5549895754083991,0.003999055363237858,0.558988630771637,0.5549895754083991,False
graph_00,industrial_cooling_system,3,shuffled_full,shuffle_07,residual_alignment,True,True,,0.04319385439157486,0.085896797478199,0.042702943086624146,0.04319385439157486,0.085896797478199,0.042702943086624146,False
graph_00,industrial_cooling_system,3,shuffled_full,shuffle_07,independence,True,True,,0.05049281567335129,0.042568646371364594,-0.007924169301986694,0.05049281567335129,0.042568646371364594,-0.007924169301986694,False
graph_00,industrial_cooling_system,3,shuffled_full,shuffle_07,bridge,True,True,,0.0,0.0,0.0,0.0,0.0,0.0,False
graph_00,industrial_cooling_system,3,shuffled_full,shuffle_07,norm,True,True,,0.030436350032687187,0.008284355513751507,-0.02215199451893568,0.030436350032687187,0.008284355513751507,-0.02215199451893568,False
graph_00,industrial_cooling_system,3,shuffled_full,shuffle_08,generation,True,True,,7.970170021057129,0.4328635036945343,-7.537306517362595,7.970170021057129,0.4328635036945343,-7.537306517362595,False
graph_00,industrial_cooling_system,3,shuffled_full,shuffle_08,residual_norm,True,True,,0.004049018491059542,0.6064181327819824,0.6023691142909229,0.004049018491059542,0.6064181327819824,0.6023691142909229,False
graph_00,industrial_cooling_system,3,shuffled_full,shuffle_08,residual_alignment,True,True,,0.04551561176776886,0.09212516248226166,0.0466095507144928,0.04551561176776886,0.09212516248226166,0.0466095507144928,False
graph_00,industrial_cooling_system,3,shuffled_full,shuffle_08,independence,True,True,,0.0586828850209713,0.05897984653711319,0.0002969615161418915,0.0586828850209713,0.05897984653711319,0.0002969615161418915,False
graph_00,industrial_cooling_system,3,shuffled_full,shuffle_08,bridge,True,True,,0.0,3.752075599550153e-06,3.752075599550153e-06,0.0,3.752075599550153e-06,3.752075599550153e-06,False
graph_00,industrial_cooling_system,3,shuffled_full,shuffle_08,norm,True,True,,0.031210005283355713,0.013004417531192303,-0.01820558775216341,0.031210005283355713,0.013004417531192303,-0.01820558775216341,False
graph_00,industrial_cooling_system,3,shuffled_full,shuffle_09,generation,True,True,,3.2390499114990234,0.3904675841331482,-2.8485823273658752,3.2390499114990234,0.3904675841331482,-2.8485823273658752,False
graph_00,industrial_cooling_system,3,shuffled_full,shuffle_09,residual_norm,True,True,,0.004008479416370392,0.5422425270080566,0.5382340475916862,0.004008479416370392,0.5422425270080566,0.5382340475916862,False
graph_00,industrial_cooling_system,3,shuffled_full,shuffle_09,residual_alignment,True,True,,0.03760550171136856,0.07044240087270737,0.032836899161338806,0.03760550171136856,0.07044240087270737,0.032836899161338806,False
graph_00,industrial_cooling_system,3,shuffled_full,shuffle_09,independence,True,True,,0.0524747259914875,0.049995943903923035,-0.0024787820875644684,0.0524747259914875,0.049995943903923035,-0.0024787820875644684,False
graph_00,industrial_cooling_system,3,shuffled_full,shuffle_09,bridge,True,True,,0.0,0.0,0.0,0.0,0.0,0.0,False
graph_00,industrial_cooling_system,3,shuffled_full,shuffle_09,norm,True,True,,0.0344163253903389,0.02839825488626957,-0.006018070504069328,0.0344163253903389,0.02839825488626957,-0.006018070504069328,False
graph_00,industrial_cooling_system,3,shuffled_full,shuffle_10,generation,True,True,,7.25125789642334,0.37714749574661255,-6.874110400676727,7.25125789642334,0.37714749574661255,-6.874110400676727,False
graph_00,industrial_cooling_system,3,shuffled_full,shuffle_10,residual_norm,True,True,,0.003997432999312878,0.548684298992157,0.5446868659928441,0.003997432999312878,0.548684298992157,0.5446868659928441,False
graph_00,industrial_cooling_system,3,shuffled_full,shuffle_10,residual_alignment,True,True,,0.039957817643880844,0.075859434902668,0.035901617258787155,0.039957817643880844,0.075859434902668,0.035901617258787155,False
graph_00,industrial_cooling_system,3,shuffled_full,shuffle_10,independence,True,True,,0.04459795728325844,0.029186373576521873,-0.015411583706736565,0.04459795728325844,0.029186373576521873,-0.015411583706736565,False
graph_00,industrial_cooling_system,3,shuffled_full,shuffle_10,bridge,True,True,,0.0,2.1128316802787594e-05,2.1128316802787594e-05,0.0,2.1128316802787594e-05,2.1128316802787594e-05,False
graph_00,industrial_cooling_system,3,shuffled_full,shuffle_10,norm,True,True,,0.031047850847244263,0.011509696021676064,-0.0195381548255682,0.031047850847244263,0.011509696021676064,-0.0195381548255682,False
graph_00,industrial_cooling_system,3,shuffled_full,shuffle_11,generation,True,True,,5.039937496185303,0.44694188237190247,-4.5929956138134,5.039937496185303,0.44694188237190247,-4.5929956138134,False
graph_00,industrial_cooling_system,3,shuffled_full,shuffle_11,residual_norm,True,True,,0.00405160104855895,0.6311834454536438,0.6271318444050848,0.00405160104855895,0.6311834454536438,0.6271318444050848,False
graph_00,industrial_cooling_system,3,shuffled_full,shuffle_11,residual_alignment,True,True,,0.04674099385738373,0.09628473222255707,0.04954373836517334,0.04674099385738373,0.09628473222255707,0.04954373836517334,False
graph_00,industrial_cooling_system,3,shuffled_full,shuffle_11,independence,True,True,,0.05499638617038727,0.035550590604543686,-0.019445795565843582,0.05499638617038727,0.035550590604543686,-0.019445795565843582,False
graph_00,industrial_cooling_system,3,shuffled_full,shuffle_11,bridge,True,True,,0.0,0.0,0.0,0.0,0.0,0.0,False
graph_00,industrial_cooling_system,3,shuffled_full,shuffle_11,norm,True,True,,0.033242542296648026,0.01060261856764555,-0.022639923729002476,0.033242542296648026,0.01060261856764555,-0.022639923729002476,False
graph_00,industrial_cooling_system,3,shuffled_full,shuffle_12,generation,True,True,,8.430811882019043,0.38709577918052673,-8.043716102838516,8.430811882019043,0.38709577918052673,-8.043716102838516,False
graph_00,industrial_cooling_system,3,shuffled_full,shuffle_12,residual_norm,True,True,,0.003985274117439985,0.5645685195922852,0.5605832454748452,0.003985274117439985,0.5645685195922852,0.5605832454748452,False
graph_00,industrial_cooling_system,3,shuffled_full,shuffle_12,residual_alignment,True,True,,0.04213617742061615,0.08507897704839706,0.042942799627780914,0.04213617742061615,0.08507897704839706,0.042942799627780914,False
graph_00,industrial_cooling_system,3,shuffled_full,shuffle_12,independence,True,True,,0.06352902948856354,0.06332654505968094,-0.00020248442888259888,0.06352902948856354,0.06332654505968094,-0.00020248442888259888,False
graph_00,industrial_cooling_system,3,shuffled_full,shuffle_12,bridge,True,True,,0.0,0.0,0.0,0.0,0.0,0.0,False
graph_00,industrial_cooling_system,3,shuffled_full,shuffle_12,norm,True,True,,0.031798649579286575,0.016142159700393677,-0.0156564898788929,0.031798649579286575,0.016142159700393677,-0.0156564898788929,False
graph_00,industrial_cooling_system,3,shuffled_full,shuffle_13,generation,True,True,,6.944431781768799,0.3999423086643219,-6.544489473104477,6.944431781768799,0.3999423086643219,-6.544489473104477,False
graph_00,industrial_cooling_system,3,shuffled_full,shuffle_13,residual_norm,True,True,,0.003966417629271746,0.5535364151000977,0.5495699974708259,0.003966417629271746,0.5535364151000977,0.5495699974708259,False
graph_00,industrial_cooling_system,3,shuffled_full,shuffle_13,residual_alignment,True,True,,0.052987270057201385,0.06704506278038025,0.014057792723178864,0.052987270057201385,0.06704506278038025,0.014057792723178864,False
graph_00,industrial_cooling_system,3,shuffled_full,shuffle_13,independence,True,True,,0.05814438685774803,0.06121300905942917,0.003068622201681137,0.05814438685774803,0.06121300905942917,0.003068622201681137,False
graph_00,industrial_cooling_system,3,shuffled_full,shuffle_13,bridge,True,True,,0.0,0.0,0.0,0.0,0.0,0.0,False
graph_00,industrial_cooling_system,3,shuffled_full,shuffle_13,norm,True,True,,0.030097393319010735,0.024996427819132805,-0.00510096549987793,0.030097393319010735,0.024996427819132805,-0.00510096549987793,False
graph_00,industrial_cooling_system,3,shuffled_full,shuffle_14,generation,True,True,,8.346976280212402,0.35818183422088623,-7.988794445991516,8.346976280212402,0.35818183422088623,-7.988794445991516,False
graph_00,industrial_cooling_system,3,shuffled_full,shuffle_14,residual_norm,True,True,,0.004034182522445917,0.5424954891204834,0.5384613065980375,0.004034182522445917,0.5424954891204834,0.5384613065980375,False
graph_00,industrial_cooling_system,3,shuffled_full,shuffle_14,residual_alignment,True,True,,0.03076176345348358,0.05969052389264107,0.028928760439157486,0.03076176345348358,0.05969052389264107,0.028928760439157486,False
graph_00,industrial_cooling_system,3,shuffled_full,shuffle_14,independence,True,True,,0.059034887701272964,0.060711637139320374,0.001676749438047409,0.059034887701272964,0.060711637139320374,0.001676749438047409,False
graph_00,industrial_cooling_system,3,shuffled_full,shuffle_14,bridge,True,True,,0.0,0.0,0.0,0.0,0.0,0.0,False
graph_00,industrial_cooling_system,3,shuffled_full,shuffle_14,norm,True,True,,0.03065413236618042,0.031417351216077805,0.0007632188498973846,0.03065413236618042,0.031417351216077805,0.0007632188498973846,False
graph_00,industrial_cooling_system,3,shuffled_full,shuffle_15,generation,True,True,,7.973729610443115,0.4159199595451355,-7.55780965089798,7.973729610443115,0.4159199595451355,-7.55780965089798,False
graph_00,industrial_cooling_system,3,shuffled_full,shuffle_15,residual_norm,True,True,,0.004009176976978779,0.6014609932899475,0.5974518163129687,0.004009176976978779,0.6014609932899475,0.5974518163129687,False
graph_00,industrial_cooling_system,3,shuffled_full,shuffle_15,residual_alignment,True,True,,0.027120009064674377,0.10129310190677643,0.07417309284210205,0.027120009064674377,0.10129310190677643,0.07417309284210205,False
graph_00,industrial_cooling_system,3,shuffled_full,shuffle_15,independence,True,True,,0.06125263124704361,0.0571504570543766,-0.0041021741926670074,0.06125263124704361,0.0571504570543766,-0.0041021741926670074,False
graph_00,industrial_cooling_system,3,shuffled_full,shuffle_15,bridge,True,True,,0.0,2.1909493170824135e-06,2.1909493170824135e-06,0.0,2.1909493170824135e-06,2.1909493170824135e-06,False
graph_00,industrial_cooling_system,3,shuffled_full,shuffle_15,norm,True,True,,0.03110579028725624,0.013087424449622631,-0.01801836583763361,0.03110579028725624,0.013087424449622631,-0.01801836583763361,False
graph_00,industrial_cooling_system,3,shuffled_full,shuffle_16,generation,True,True,,3.2241225242614746,0.4316120445728302,-2.7925104796886444,3.2241225242614746,0.4316120445728302,-2.7925104796886444,False
graph_00,industrial_cooling_system,3,shuffled_full,shuffle_16,residual_norm,True,True,,0.003932629246264696,0.6410959959030151,0.6371633666567504,0.003932629246264696,0.6410959959030151,0.6371633666567504,False
graph_00,industrial_cooling_system,3,shuffled_full,shuffle_16,residual_alignment,True,True,,0.032034844160079956,0.08706986159086227,0.05503501743078232,0.032034844160079956,0.08706986159086227,0.05503501743078232,False
graph_00,industrial_cooling_system,3,shuffled_full,shuffle_16,independence,True,True,,0.03782324492931366,0.01884894259274006,-0.0189743023365736,0.03782324492931366,0.01884894259274006,-0.0189743023365736,False
graph_00,industrial_cooling_system,3,shuffled_full,shuffle_16,bridge,True,True,,0.0,0.0,0.0,0.0,0.0,0.0,False
graph_00,industrial_cooling_system,3,shuffled_full,shuffle_16,norm,True,True,,0.03345732390880585,0.010655758902430534,-0.022801565006375313,0.03345732390880585,0.010655758902430534,-0.022801565006375313,False
graph_00,industrial_cooling_system,3,shuffled_full,shuffle_17,generation,True,True,,4.483073711395264,0.34342682361602783,-4.139646887779236,4.483073711395264,0.34342682361602783,-4.139646887779236,False
graph_00,industrial_cooling_system,3,shuffled_full,shuffle_17,residual_norm,True,True,,0.004041485954076052,0.507171094417572,0.503129608463496,0.004041485954076052,0.507171094417572,0.503129608463496,False
graph_00,industrial_cooling_system,3,shuffled_full,shuffle_17,residual_alignment,True,True,,0.03733737766742706,0.06414826214313507,0.026810884475708008,0.03733737766742706,0.06414826214313507,0.026810884475708008,False
graph_00,industrial_cooling_system,3,shuffled_full,shuffle_17,independence,True,True,,0.05939094349741936,0.058588527143001556,-0.0008024163544178009,0.05939094349741936,0.058588527143001556,-0.0008024163544178009,False
graph_00,industrial_cooling_system,3,shuffled_full,shuffle_17,bridge,True,True,,0.0,0.0,0.0,0.0,0.0,0.0,False
graph_00,industrial_cooling_system,3,shuffled_full,shuffle_17,norm,True,True,,0.034205954521894455,0.018667839467525482,-0.015538115054368973,0.034205954521894455,0.018667839467525482,-0.015538115054368973,False
graph_00,industrial_cooling_system,3,shuffled_full,shuffle_18,generation,True,True,,3.825634002685547,0.3491480052471161,-3.476485997438431,3.825634002685547,0.3491480052471161,-3.476485997438431,False
graph_00,industrial_cooling_system,3,shuffled_full,shuffle_18,residual_norm,True,True,,0.004001225810497999,0.48830389976501465,0.48430267395451665,0.004001225810497999,0.48830389976501465,0.48430267395451665,False
graph_00,industrial_cooling_system,3,shuffled_full,shuffle_18,residual_alignment,True,True,,0.03496946394443512,0.05569276586174965,0.02072330191731453,0.03496946394443512,0.05569276586174965,0.02072330191731453,False
graph_00,industrial_cooling_system,3,shuffled_full,shuffle_18,independence,True,True,,0.05105296149849892,0.028396351262927055,-0.02265661023557186,0.05105296149849892,0.028396351262927055,-0.02265661023557186,False
graph_00,industrial_cooling_system,3,shuffled_full,shuffle_18,bridge,True,True,,0.0,0.0,0.0,0.0,0.0,0.0,False
graph_00,industrial_cooling_system,3,shuffled_full,shuffle_18,norm,True,True,,0.03452803194522858,0.0008138703415170312,-0.033714161603711545,0.03452803194522858,0.0008138703415170312,-0.033714161603711545,False
graph_00,industrial_cooling_system,3,shuffled_full,shuffle_19,generation,True,True,,6.467541217803955,0.3808480501174927,-6.086693167686462,6.467541217803955,0.3808480501174927,-6.086693167686462,False
graph_00,industrial_cooling_system,3,shuffled_full,shuffle_19,residual_norm,True,True,,0.0040177409537136555,0.5382552742958069,0.5342375333420932,0.0040177409537136555,0.5382552742958069,0.5342375333420932,False
graph_00,industrial_cooling_system,3,shuffled_full,shuffle_19,residual_alignment,True,True,,0.051725126802921295,0.08340469002723694,0.03167956322431564,0.051725126802921295,0.08340469002723694,0.03167956322431564,False
graph_00,industrial_cooling_system,3,shuffled_full,shuffle_19,independence,True,True,,0.048364605754613876,0.050742413848638535,0.002377808094024658,0.048364605754613876,0.050742413848638535,0.002377808094024658,False
graph_00,industrial_cooling_system,3,shuffled_full,shuffle_19,bridge,True,True,,0.0,0.0,0.0,0.0,0.0,0.0,False
graph_00,industrial_cooling_system,3,shuffled_full,shuffle_19,norm,True,True,,0.031232142820954323,0.0374242439866066,0.006192101165652275,0.031232142820954323,0.0374242439866066,0.006192101165652275,False
graph_00,industrial_cooling_system,3,raw_correlation,,generation,False,False,not_applicable_closed_form_baseline,,,,,,,False
graph_00,industrial_cooling_system,3,raw_correlation,,residual_norm,False,False,not_applicable_closed_form_baseline,,,,,,,False
graph_00,industrial_cooling_system,3,raw_correlation,,residual_alignment,False,False,not_applicable_closed_form_baseline,,,,,,,False
graph_00,industrial_cooling_system,3,raw_correlation,,independence,False,False,not_applicable_closed_form_baseline,,,,,,,False
graph_00,industrial_cooling_system,3,raw_correlation,,bridge,False,False,not_applicable_closed_form_baseline,,,,,,,False
graph_00,industrial_cooling_system,3,raw_correlation,,norm,False,False,not_applicable_closed_form_baseline,,,,,,,False
graph_00,industrial_cooling_system,3,uniform,,generation,False,False,not_applicable_closed_form_baseline,,,,,,,False
graph_00,industrial_cooling_system,3,uniform,,residual_norm,False,False,not_applicable_closed_form_baseline,,,,,,,False
graph_00,industrial_cooling_system,3,uniform,,residual_alignment,False,False,not_applicable_closed_form_baseline,,,,,,,False
graph_00,industrial_cooling_system,3,uniform,,independence,False,False,not_applicable_closed_form_baseline,,,,,,,False
graph_00,industrial_cooling_system,3,uniform,,bridge,False,False,not_applicable_closed_form_baseline,,,,,,,False
graph_00,industrial_cooling_system,3,uniform,,norm,False,False,not_applicable_closed_form_baseline,,,,,,,False
graph_00,industrial_cooling_system,4,full_oracle,,generation,True,True,,1.4267349243164062,0.2734389305114746,-1.1532959938049316,1.4267349243164062,0.2734389305114746,-1.1532959938049316,False
graph_00,industrial_cooling_system,4,full_oracle,,residual_norm,True,True,,0.004095860756933689,0.33847665786743164,0.33438079711049795,0.004095860756933689,0.33847665786743164,0.33438079711049795,False
graph_00,industrial_cooling_system,4,full_oracle,,residual_alignment,True,True,,0.0017265467904508114,0.04910632595419884,0.047379779163748026,0.0017265467904508114,0.04910632595419884,0.047379779163748026,False
graph_00,industrial_cooling_system,4,full_oracle,,independence,True,True,,0.0544893741607666,0.04933082312345505,-0.005158551037311554,0.0544893741607666,0.04933082312345505,-0.005158551037311554,False
graph_00,industrial_cooling_system,4,full_oracle,,bridge,True,True,,0.0,0.0,0.0,0.0,0.0,0.0,False
graph_00,industrial_cooling_system,4,full_oracle,,norm,True,True,,0.002799634588882327,0.002928293775767088,0.00012865918688476086,0.002799634588882327,0.002928293775767088,0.00012865918688476086,False
graph_00,industrial_cooling_system,4,generation_only_oracle,,generation,True,True,,1.4267349243164062,0.002580451313406229,-1.424154473003,1.4267349243164062,0.002580451313406229,-1.424154473003,False
graph_00,industrial_cooling_system,4,generation_only_oracle,,residual_norm,False,True,,0.004095860756933689,1.1398552656173706,1.135759404860437,0.0,0.0,0.0,False
graph_00,industrial_cooling_system,4,generation_only_oracle,,residual_alignment,False,True,,0.0017265467904508114,0.09063777327537537,0.08891122648492455,0.0,0.0,0.0,False
graph_00,industrial_cooling_system,4,generation_only_oracle,,independence,False,True,,0.0544893741607666,0.05265822634100914,-0.0018311478197574615,0.0,0.0,0.0,False
graph_00,industrial_cooling_system,4,generation_only_oracle,,bridge,False,True,,0.0,0.0,0.0,0.0,0.0,0.0,False
graph_00,industrial_cooling_system,4,generation_only_oracle,,norm,False,True,,0.002799634588882327,0.00183915626257658,-0.000960478326305747,0.0,0.0,0.0,False
graph_00,industrial_cooling_system,4,oracle_without_generation,,generation,False,True,,1.4267349243164062,3.9846794605255127,2.5579445362091064,0.0,0.0,0.0,False
graph_00,industrial_cooling_system,4,oracle_without_generation,,residual_norm,True,True,,0.004095860756933689,0.05216316506266594,0.04806730430573225,0.004095860756933689,0.05216316506266594,0.04806730430573225,False
graph_00,industrial_cooling_system,4,oracle_without_generation,,residual_alignment,True,True,,0.0017265467904508114,0.05401935800909996,0.05229281121864915,0.0017265467904508114,0.05401935800909996,0.05229281121864915,False
graph_00,industrial_cooling_system,4,oracle_without_generation,,independence,True,True,,0.0544893741607666,0.036263357847929,-0.0182260163128376,0.0544893741607666,0.036263357847929,-0.0182260163128376,False
graph_00,industrial_cooling_system,4,oracle_without_generation,,bridge,True,True,,0.0,1.2336007785052061e-05,1.2336007785052061e-05,0.0,1.2336007785052061e-05,1.2336007785052061e-05,False
graph_00,industrial_cooling_system,4,oracle_without_generation,,norm,True,True,,0.002799634588882327,5.567457264987752e-06,-0.0027940671316173393,0.002799634588882327,5.567457264987752e-06,-0.0027940671316173393,False
graph_00,industrial_cooling_system,4,residual_only_oracle,,generation,False,True,,1.4267349243164062,1.4901915788650513,0.06345665454864502,0.0,0.0,0.0,False
graph_00,industrial_cooling_system,4,residual_only_oracle,,residual_norm,True,True,,0.004095860756933689,0.05216316506266594,0.04806730430573225,0.004095860756933689,0.05216316506266594,0.04806730430573225,False
graph_00,industrial_cooling_system,4,residual_only_oracle,,residual_alignment,True,True,,0.0017265467904508114,0.05401935800909996,0.05229281121864915,0.0017265467904508114,0.05401935800909996,0.05229281121864915,False
graph_00,industrial_cooling_system,4,residual_only_oracle,,independence,False,True,,0.0544893741607666,0.0544893741607666,0.0,0.0,0.0,0.0,False
graph_00,industrial_cooling_system,4,residual_only_oracle,,bridge,False,True,,0.0,0.0,0.0,0.0,0.0,0.0,False
graph_00,industrial_cooling_system,4,residual_only_oracle,,norm,False,True,,0.002799634588882327,0.002799634588882327,0.0,0.0,0.0,0.0,False
graph_00,industrial_cooling_system,4,independence_only_oracle,,generation,False,True,,1.4267349243164062,47.62115478515625,46.194419860839844,0.0,0.0,0.0,False
graph_00,industrial_cooling_system,4,independence_only_oracle,,residual_norm,False,True,,0.004095860756933689,0.004095860756933689,0.0,0.0,0.0,0.0,False
graph_00,industrial_cooling_system,4,independence_only_oracle,,residual_alignment,False,True,,0.0017265467904508114,0.0017265467904508114,0.0,0.0,0.0,0.0,False
graph_00,industrial_cooling_system,4,independence_only_oracle,,independence,True,True,,0.0544893741607666,0.03629986196756363,-0.018189512193202972,0.0544893741607666,0.03629986196756363,-0.018189512193202972,False
graph_00,industrial_cooling_system,4,independence_only_oracle,,bridge,True,True,,0.0,1.4728497262694873e-05,1.4728497262694873e-05,0.0,1.4728497262694873e-05,1.4728497262694873e-05,False
graph_00,industrial_cooling_system,4,independence_only_oracle,,norm,False,True,,0.002799634588882327,0.44566211104393005,0.4428624764550477,0.0,0.0,0.0,False
graph_00,industrial_cooling_system,4,symmetrized_oracle,,generation,True,True,,12.824292182922363,1.0674703121185303,-11.756821870803833,12.824292182922363,1.0674703121185303,-11.756821870803833,False
graph_00,industrial_cooling_system,4,symmetrized_oracle,,residual_norm,True,True,,0.0040844157338142395,2.0066750049591064,2.002590589225292,0.0040844157338142395,2.0066750049591064,2.002590589225292,False
graph_00,industrial_cooling_system,4,symmetrized_oracle,,residual_alignment,True,True,,0.017793770879507065,0.267197847366333,0.24940407648682594,0.017793770879507065,0.267197847366333,0.24940407648682594,False
graph_00,industrial_cooling_system,4,symmetrized_oracle,,independence,True,True,,0.0,0.0,0.0,0.0,0.0,0.0,False
graph_00,industrial_cooling_system,4,symmetrized_oracle,,bridge,True,True,,0.0,7.738708518445492e-05,7.738708518445492e-05,0.0,7.738708518445492e-05,7.738708518445492e-05,False
graph_00,industrial_cooling_system,4,symmetrized_oracle,,norm,True,True,,0.002833484672009945,0.005326469894498587,0.0024929852224886417,0.002833484672009945,0.005326469894498587,0.0024929852224886417,False
graph_00,industrial_cooling_system,4,markov_blanket_oracle,,generation,True,True,,19.98487091064453,1.5473918914794922,-18.43747901916504,19.98487091064453,1.5473918914794922,-18.43747901916504,False
graph_00,industrial_cooling_system,4,markov_blanket_oracle,,residual_norm,True,True,,0.0040816436521708965,2.9216926097869873,2.9176109661348164,0.0040816436521708965,2.9216926097869873,2.9176109661348164,False
graph_00,industrial_cooling_system,4,markov_blanket_oracle,,residual_alignment,True,True,,0.02772119641304016,0.32476040720939636,0.2970392107963562,0.02772119641304016,0.32476040720939636,0.2970392107963562,False
graph_00,industrial_cooling_system,4,markov_blanket_oracle,,independence,True,True,,0.0,0.0,0.0,0.0,0.0,0.0,False
graph_00,industrial_cooling_system,4,markov_blanket_oracle,,bridge,True,True,,0.0,0.0,0.0,0.0,0.0,0.0,False
graph_00,industrial_cooling_system,4,markov_blanket_oracle,,norm,True,True,,0.0028339361306279898,0.005287641193717718,0.0024537050630897284,0.0028339361306279898,0.005287641193717718,0.0024537050630897284,False
graph_00,industrial_cooling_system,4,same_module_graph,,generation,True,True,,7.368070602416992,0.6799356341362,-6.688134968280792,7.368070602416992,0.6799356341362,-6.688134968280792,False
graph_00,industrial_cooling_system,4,same_module_graph,,residual_norm,True,True,,0.004087191540747881,1.2939271926879883,1.2898400011472404,0.004087191540747881,1.2939271926879883,1.2898400011472404,False
graph_00,industrial_cooling_system,4,same_module_graph,,residual_alignment,True,True,,0.031737733632326126,0.21265754103660583,0.1809198074042797,0.031737733632326126,0.21265754103660583,0.1809198074042797,False
graph_00,industrial_cooling_system,4,same_module_graph,,independence,True,True,,0.05396208539605141,0.05002622306346893,-0.003935862332582474,0.05396208539605141,0.05002622306346893,-0.003935862332582474,False
graph_00,industrial_cooling_system,4,same_module_graph,,bridge,True,True,,0.0,0.0,0.0,0.0,0.0,0.0,False
graph_00,industrial_cooling_system,4,same_module_graph,,norm,True,True,,0.0028591579757630825,0.006371167488396168,0.0035120095126330853,0.0028591579757630825,0.006371167488396168,0.0035120095126330853,False
graph_00,industrial_cooling_system,4,reversed_full,,generation,True,True,,4.6113409996032715,0.30227959156036377,-4.309061408042908,4.6113409996032715,0.30227959156036377,-4.309061408042908,False
graph_00,industrial_cooling_system,4,reversed_full,,residual_norm,True,True,,0.004046992864459753,0.5269452929496765,0.5228983000852168,0.004046992864459753,0.5269452929496765,0.5228983000852168,False
graph_00,industrial_cooling_system,4,reversed_full,,residual_alignment,True,True,,0.010523490607738495,0.09213180094957352,0.08160831034183502,0.010523490607738495,0.09213180094957352,0.08160831034183502,False
graph_00,industrial_cooling_system,4,reversed_full,,independence,True,True,,0.0,0.0,0.0,0.0,0.0,0.0,False
graph_00,industrial_cooling_system,4,reversed_full,,bridge,True,True,,0.0,0.0,0.0,0.0,0.0,0.0,False
graph_00,industrial_cooling_system,4,reversed_full,,norm,True,True,,0.0029624146409332752,0.004715764429420233,0.0017533497884869576,0.0029624146409332752,0.004715764429420233,0.0017533497884869576,False
graph_00,industrial_cooling_system,4,shuffled_full,shuffle_00,generation,True,True,,3.053455114364624,0.37903034687042236,-2.6744247674942017,3.053455114364624,0.37903034687042236,-2.6744247674942017,False
graph_00,industrial_cooling_system,4,shuffled_full,shuffle_00,residual_norm,True,True,,0.004012992139905691,0.5510683655738831,0.5470553734339774,0.004012992139905691,0.5510683655738831,0.5470553734339774,False
graph_00,industrial_cooling_system,4,shuffled_full,shuffle_00,residual_alignment,True,True,,0.04351437836885452,0.07760319113731384,0.03408881276845932,0.04351437836885452,0.07760319113731384,0.03408881276845932,False
graph_00,industrial_cooling_system,4,shuffled_full,shuffle_00,independence,True,True,,0.06389482319355011,0.0629245936870575,-0.0009702295064926147,0.06389482319355011,0.0629245936870575,-0.0009702295064926147,False
graph_00,industrial_cooling_system,4,shuffled_full,shuffle_00,bridge,True,True,,0.0,0.0,0.0,0.0,0.0,0.0,False
graph_00,industrial_cooling_system,4,shuffled_full,shuffle_00,norm,True,True,,0.0028569160494953394,0.010065462440252304,0.007208546390756965,0.0028569160494953394,0.010065462440252304,0.007208546390756965,False
graph_00,industrial_cooling_system,4,shuffled_full,shuffle_01,generation,True,True,,2.8582863807678223,0.3343232572078705,-2.523963123559952,2.8582863807678223,0.3343232572078705,-2.523963123559952,False
graph_00,industrial_cooling_system,4,shuffled_full,shuffle_01,residual_norm,True,True,,0.0040261163376271725,0.4667481780052185,0.46272206166759133,0.0040261163376271725,0.4667481780052185,0.46272206166759133,False
graph_00,industrial_cooling_system,4,shuffled_full,shuffle_01,residual_alignment,True,True,,0.04465411603450775,0.055633723735809326,0.010979607701301575,0.04465411603450775,0.055633723735809326,0.010979607701301575,False
graph_00,industrial_cooling_system,4,shuffled_full,shuffle_01,independence,True,True,,0.061410486698150635,0.04919964447617531,-0.012210842221975327,0.061410486698150635,0.04919964447617531,-0.012210842221975327,False
graph_00,industrial_cooling_system,4,shuffled_full,shuffle_01,bridge,True,True,,0.0,1.476046509196749e-05,1.476046509196749e-05,0.0,1.476046509196749e-05,1.476046509196749e-05,False
graph_00,industrial_cooling_system,4,shuffled_full,shuffle_01,norm,True,True,,0.0031758055556565523,0.018411876633763313,0.015236071078106761,0.0031758055556565523,0.018411876633763313,0.015236071078106761,False
graph_00,industrial_cooling_system,4,shuffled_full,shuffle_02,generation,True,True,,3.126965045928955,0.35041311383247375,-2.7765519320964813,3.126965045928955,0.35041311383247375,-2.7765519320964813,False
graph_00,industrial_cooling_system,4,shuffled_full,shuffle_02,residual_norm,True,True,,0.004075604025274515,0.4728805422782898,0.4688049382530153,0.004075604025274515,0.4728805422782898,0.4688049382530153,False
graph_00,industrial_cooling_system,4,shuffled_full,shuffle_02,residual_alignment,True,True,,0.04708411172032356,0.0699249878525734,0.022840876132249832,0.04708411172032356,0.0699249878525734,0.022840876132249832,False
graph_00,industrial_cooling_system,4,shuffled_full,shuffle_02,independence,True,True,,0.06531630456447601,0.0647081509232521,-0.0006081536412239075,0.06531630456447601,0.0647081509232521,-0.0006081536412239075,False
graph_00,industrial_cooling_system,4,shuffled_full,shuffle_02,bridge,True,True,,0.0,0.0,0.0,0.0,0.0,0.0,False
graph_00,industrial_cooling_system,4,shuffled_full,shuffle_02,norm,True,True,,0.0028968292754143476,0.011868314817547798,0.00897148554213345,0.0028968292754143476,0.011868314817547798,0.00897148554213345,False
graph_00,industrial_cooling_system,4,shuffled_full,shuffle_03,generation,True,True,,2.780374765396118,0.34404370188713074,-2.4363310635089874,2.780374765396118,0.34404370188713074,-2.4363310635089874,False
graph_00,industrial_cooling_system,4,shuffled_full,shuffle_03,residual_norm,True,True,,0.004050050862133503,0.4626484513282776,0.4585984004661441,0.004050050862133503,0.4626484513282776,0.4585984004661441,False
graph_00,industrial_cooling_system,4,shuffled_full,shuffle_03,residual_alignment,True,True,,0.030858676880598068,0.0672566369175911,0.03639796003699303,0.030858676880598068,0.0672566369175911,0.03639796003699303,False
graph_00,industrial_cooling_system,4,shuffled_full,shuffle_03,independence,True,True,,0.0645819753408432,0.050354618579149246,-0.014227356761693954,0.0645819753408432,0.050354618579149246,-0.014227356761693954,False
graph_00,industrial_cooling_system,4,shuffled_full,shuffle_03,bridge,True,True,,0.0,0.0,0.0,0.0,0.0,0.0,False
graph_00,industrial_cooling_system,4,shuffled_full,shuffle_03,norm,True,True,,0.002936622593551874,0.006771800108253956,0.0038351775147020817,0.002936622593551874,0.006771800108253956,0.0038351775147020817,False
graph_00,industrial_cooling_system,4,shuffled_full,shuffle_04,generation,True,True,,2.7238004207611084,0.41043850779533386,-2.3133619129657745,2.7238004207611084,0.41043850779533386,-2.3133619129657745,False
graph_00,industrial_cooling_system,4,shuffled_full,shuffle_04,residual_norm,True,True,,0.004059693776071072,0.5368338823318481,0.5327741885557771,0.004059693776071072,0.5368338823318481,0.5327741885557771,False
graph_00,industrial_cooling_system,4,shuffled_full,shuffle_04,residual_alignment,True,True,,0.0312776193022728,0.0864744782447815,0.0551968589425087,0.0312776193022728,0.0864744782447815,0.0551968589425087,False
graph_00,industrial_cooling_system,4,shuffled_full,shuffle_04,independence,True,True,,0.06353141367435455,0.06075219437479973,-0.002779219299554825,0.06353141367435455,0.06075219437479973,-0.002779219299554825,False
graph_00,industrial_cooling_system,4,shuffled_full,shuffle_04,bridge,True,True,,0.0,0.0,0.0,0.0,0.0,0.0,False
graph_00,industrial_cooling_system,4,shuffled_full,shuffle_04,norm,True,True,,0.0031631886959075928,0.0009180250926874578,-0.002245163603220135,0.0031631886959075928,0.0009180250926874578,-0.002245163603220135,False
graph_00,industrial_cooling_system,4,shuffled_full,shuffle_05,generation,True,True,,2.7172341346740723,0.31942814588546753,-2.3978059887886047,2.7172341346740723,0.31942814588546753,-2.3978059887886047,False
graph_00,industrial_cooling_system,4,shuffled_full,shuffle_05,residual_norm,True,True,,0.004059379454702139,0.46486327052116394,0.4608038910664618,0.004059379454702139,0.46486327052116394,0.4608038910664618,False
graph_00,industrial_cooling_system,4,shuffled_full,shuffle_05,residual_alignment,True,True,,0.04344356060028076,0.05061608552932739,0.007172524929046631,0.04344356060028076,0.05061608552932739,0.007172524929046631,False
graph_00,industrial_cooling_system,4,shuffled_full,shuffle_05,independence,True,True,,0.061573076993227005,0.06384038180112839,0.0022673048079013824,0.061573076993227005,0.06384038180112839,0.0022673048079013824,False
graph_00,industrial_cooling_system,4,shuffled_full,shuffle_05,bridge,True,True,,0.0,0.0,0.0,0.0,0.0,0.0,False
graph_00,industrial_cooling_system,4,shuffled_full,shuffle_05,norm,True,True,,0.002856598934158683,0.03210381045937538,0.0292472115252167,0.002856598934158683,0.03210381045937538,0.0292472115252167,False
graph_00,industrial_cooling_system,4,shuffled_full,shuffle_06,generation,True,True,,3.6901469230651855,0.4274802803993225,-3.262666642665863,3.6901469230651855,0.4274802803993225,-3.262666642665863,False
graph_00,industrial_cooling_system,4,shuffled_full,shuffle_06,residual_norm,True,True,,0.0040159402415156364,0.6409599184989929,0.6369439782574773,0.0040159402415156364,0.6409599184989929,0.6369439782574773,False
graph_00,industrial_cooling_system,4,shuffled_full,shuffle_06,residual_alignment,True,True,,0.04346372187137604,0.09834612160921097,0.05488239973783493,0.04346372187137604,0.09834612160921097,0.05488239973783493,False
graph_00,industrial_cooling_system,4,shuffled_full,shuffle_06,independence,True,True,,0.06691034138202667,0.038666628301143646,-0.028243713080883026,0.06691034138202667,0.038666628301143646,-0.028243713080883026,False
graph_00,industrial_cooling_system,4,shuffled_full,shuffle_06,bridge,True,True,,0.0,0.0,0.0,0.0,0.0,0.0,False
graph_00,industrial_cooling_system,4,shuffled_full,shuffle_06,norm,True,True,,0.0031954520381987095,0.011731892824172974,0.008536440785974264,0.0031954520381987095,0.011731892824172974,0.008536440785974264,False
graph_00,industrial_cooling_system,4,shuffled_full,shuffle_07,generation,True,True,,3.236600875854492,0.41724666953086853,-2.8193542063236237,3.236600875854492,0.41724666953086853,-2.8193542063236237,False
graph_00,industrial_cooling_system,4,shuffled_full,shuffle_07,residual_norm,True,True,,0.004036854021251202,0.5932268500328064,0.5891899960115552,0.004036854021251202,0.5932268500328064,0.5891899960115552,False
graph_00,industrial_cooling_system,4,shuffled_full,shuffle_07,residual_alignment,True,True,,0.043497707694768906,0.09810823947191238,0.05461053177714348,0.043497707694768906,0.09810823947191238,0.05461053177714348,False
graph_00,industrial_cooling_system,4,shuffled_full,shuffle_07,independence,True,True,,0.05964038893580437,0.052460480481386185,-0.007179908454418182,0.05964038893580437,0.052460480481386185,-0.007179908454418182,False
graph_00,industrial_cooling_system,4,shuffled_full,shuffle_07,bridge,True,True,,0.0,0.0,0.0,0.0,0.0,0.0,False
graph_00,industrial_cooling_system,4,shuffled_full,shuffle_07,norm,True,True,,0.002971371402963996,0.004978058394044638,0.0020066869910806417,0.002971371402963996,0.004978058394044638,0.0020066869910806417,False
graph_00,industrial_cooling_system,4,shuffled_full,shuffle_08,generation,True,True,,3.8309879302978516,0.44237738847732544,-3.388610541820526,3.8309879302978516,0.44237738847732544,-3.388610541820526,False
graph_00,industrial_cooling_system,4,shuffled_full,shuffle_08,residual_norm,True,True,,0.0040313187055289745,0.6312094330787659,0.6271781143732369,0.0040313187055289745,0.6312094330787659,0.6271781143732369,False
graph_00,industrial_cooling_system,4,shuffled_full,shuffle_08,residual_alignment,True,True,,0.047906409949064255,0.09445563703775406,0.046549227088689804,0.047906409949064255,0.09445563703775406,0.046549227088689804,False
graph_00,industrial_cooling_system,4,shuffled_full,shuffle_08,independence,True,True,,0.06373173743486404,0.06337976455688477,-0.00035197287797927856,0.06373173743486404,0.06337976455688477,-0.00035197287797927856,False
graph_00,industrial_cooling_system,4,shuffled_full,shuffle_08,bridge,True,True,,0.0,0.0,0.0,0.0,0.0,0.0,False
graph_00,industrial_cooling_system,4,shuffled_full,shuffle_08,norm,True,True,,0.003011043881997466,0.010472987778484821,0.007461943896487355,0.003011043881997466,0.010472987778484821,0.007461943896487355,False
graph_00,industrial_cooling_system,4,shuffled_full,shuffle_09,generation,True,True,,3.015150547027588,0.3351861238479614,-2.6799644231796265,3.015150547027588,0.3351861238479614,-2.6799644231796265,False
graph_00,industrial_cooling_system,4,shuffled_full,shuffle_09,residual_norm,True,True,,0.004019678104668856,0.5126097798347473,0.5085901017300785,0.004019678104668856,0.5126097798347473,0.5085901017300785,False
graph_00,industrial_cooling_system,4,shuffled_full,shuffle_09,residual_alignment,True,True,,0.03737509250640869,0.06498542428016663,0.027610331773757935,0.03737509250640869,0.06498542428016663,0.027610331773757935,False
graph_00,industrial_cooling_system,4,shuffled_full,shuffle_09,independence,True,True,,0.06396213918924332,0.05006533861160278,-0.013896800577640533,0.06396213918924332,0.05006533861160278,-0.013896800577640533,False
graph_00,industrial_cooling_system,4,shuffled_full,shuffle_09,bridge,True,True,,0.0,1.3444678188534454e-05,1.3444678188534454e-05,0.0,1.3444678188534454e-05,1.3444678188534454e-05,False
graph_00,industrial_cooling_system,4,shuffled_full,shuffle_09,norm,True,True,,0.003163551678881049,0.005128681194037199,0.00196512951515615,0.003163551678881049,0.005128681194037199,0.00196512951515615,False
graph_00,industrial_cooling_system,4,shuffled_full,shuffle_10,generation,True,True,,3.3790457248687744,0.3985733389854431,-2.9804723858833313,3.3790457248687744,0.3985733389854431,-2.9804723858833313,False
graph_00,industrial_cooling_system,4,shuffled_full,shuffle_10,residual_norm,True,True,,0.004038588143885136,0.5533109903335571,0.549272402189672,0.004038588143885136,0.5533109903335571,0.549272402189672,False
graph_00,industrial_cooling_system,4,shuffled_full,shuffle_10,residual_alignment,True,True,,0.040967464447021484,0.09204091131687164,0.05107344686985016,0.040967464447021484,0.09204091131687164,0.05107344686985016,False
graph_00,industrial_cooling_system,4,shuffled_full,shuffle_10,independence,True,True,,0.06364677846431732,0.062030185014009476,-0.001616593450307846,0.06364677846431732,0.062030185014009476,-0.001616593450307846,False
graph_00,industrial_cooling_system,4,shuffled_full,shuffle_10,bridge,True,True,,0.0,0.0,0.0,0.0,0.0,0.0,False
graph_00,industrial_cooling_system,4,shuffled_full,shuffle_10,norm,True,True,,0.002871862379834056,0.00485200947150588,0.0019801470916718245,0.002871862379834056,0.00485200947150588,0.0019801470916718245,False
graph_00,industrial_cooling_system,4,shuffled_full,shuffle_11,generation,True,True,,3.217796802520752,0.4366481900215149,-2.781148612499237,3.217796802520752,0.4366481900215149,-2.781148612499237,False
graph_00,industrial_cooling_system,4,shuffled_full,shuffle_11,residual_norm,True,True,,0.004061141051352024,0.5925366282463074,0.5884754871949553,0.004061141051352024,0.5925366282463074,0.5884754871949553,False
graph_00,industrial_cooling_system,4,shuffled_full,shuffle_11,residual_alignment,True,True,,0.046902332454919815,0.07972504943609238,0.03282271698117256,0.046902332454919815,0.07972504943609238,0.03282271698117256,False
graph_00,industrial_cooling_system,4,shuffled_full,shuffle_11,independence,True,True,,0.061885811388492584,0.06170107424259186,-0.00018473714590072632,0.061885811388492584,0.06170107424259186,-0.00018473714590072632,False
graph_00,industrial_cooling_system,4,shuffled_full,shuffle_11,bridge,True,True,,0.0,0.0,0.0,0.0,0.0,0.0,False
graph_00,industrial_cooling_system,4,shuffled_full,shuffle_11,norm,True,True,,0.002823194954544306,0.04474100098013878,0.04191780602559447,0.002823194954544306,0.04474100098013878,0.04191780602559447,False
graph_00,industrial_cooling_system,4,shuffled_full,shuffle_12,generation,True,True,,3.5432229042053223,0.4797511696815491,-3.063471734523773,3.5432229042053223,0.4797511696815491,-3.063471734523773,False
graph_00,industrial_cooling_system,4,shuffled_full,shuffle_12,residual_norm,True,True,,0.003952094353735447,0.6783076524734497,0.6743555581197143,0.003952094353735447,0.6783076524734497,0.6743555581197143,False
graph_00,industrial_cooling_system,4,shuffled_full,shuffle_12,residual_alignment,True,True,,0.04594383016228676,0.12361464649438858,0.07767081633210182,0.04594383016228676,0.12361464649438858,0.07767081633210182,False
graph_00,industrial_cooling_system,4,shuffled_full,shuffle_12,independence,True,True,,0.06536306440830231,0.04884982481598854,-0.016513239592313766,0.06536306440830231,0.04884982481598854,-0.016513239592313766,False
graph_00,industrial_cooling_system,4,shuffled_full,shuffle_12,bridge,True,True,,0.0,7.608278974657878e-05,7.608278974657878e-05,0.0,7.608278974657878e-05,7.608278974657878e-05,False
graph_00,industrial_cooling_system,4,shuffled_full,shuffle_12,norm,True,True,,0.00288582406938076,0.005839216522872448,0.0029533924534916878,0.00288582406938076,0.005839216522872448,0.0029533924534916878,False
graph_00,industrial_cooling_system,4,shuffled_full,shuffle_13,generation,True,True,,3.6379451751708984,0.46311211585998535,-3.174833059310913,3.6379451751708984,0.46311211585998535,-3.174833059310913,False
graph_00,industrial_cooling_system,4,shuffled_full,shuffle_13,residual_norm,True,True,,0.003984133712947369,0.6377133727073669,0.6337292389944196,0.003984133712947369,0.6377133727073669,0.6337292389944196,False
graph_00,industrial_cooling_system,4,shuffled_full,shuffle_13,residual_alignment,True,True,,0.05291954427957535,0.10138775408267975,0.0484682098031044,0.05291954427957535,0.10138775408267975,0.0484682098031044,False
graph_00,industrial_cooling_system,4,shuffled_full,shuffle_13,independence,True,True,,0.0636836588382721,0.06281746923923492,-0.0008661895990371704,0.0636836588382721,0.06281746923923492,-0.0008661895990371704,False
graph_00,industrial_cooling_system,4,shuffled_full,shuffle_13,bridge,True,True,,0.0,0.0,0.0,0.0,0.0,0.0,False
graph_00,industrial_cooling_system,4,shuffled_full,shuffle_13,norm,True,True,,0.0029000174254179,0.011439823545515537,0.008539806120097637,0.0029000174254179,0.011439823545515537,0.008539806120097637,False
graph_00,industrial_cooling_system,4,shuffled_full,shuffle_14,generation,True,True,,3.2452478408813477,0.4121408462524414,-2.8331069946289062,3.2452478408813477,0.4121408462524414,-2.8331069946289062,False
graph_00,industrial_cooling_system,4,shuffled_full,shuffle_14,residual_norm,True,True,,0.004003182519227266,0.5804399847984314,0.5764368022792041,0.004003182519227266,0.5804399847984314,0.5764368022792041,False
graph_00,industrial_cooling_system,4,shuffled_full,shuffle_14,residual_alignment,True,True,,0.030741319060325623,0.09355532377958298,0.06281400471925735,0.030741319060325623,0.09355532377958298,0.06281400471925735,False
graph_00,industrial_cooling_system,4,shuffled_full,shuffle_14,independence,True,True,,0.06560757011175156,0.04075700789690018,-0.02485056221485138,0.06560757011175156,0.04075700789690018,-0.02485056221485138,False
graph_00,industrial_cooling_system,4,shuffled_full,shuffle_14,bridge,True,True,,0.0,0.00012610638805199414,0.00012610638805199414,0.0,0.00012610638805199414,0.00012610638805199414,False
graph_00,industrial_cooling_system,4,shuffled_full,shuffle_14,norm,True,True,,0.0031740430276840925,0.006160364951938391,0.002986321924254298,0.0031740430276840925,0.006160364951938391,0.002986321924254298,False
graph_00,industrial_cooling_system,4,shuffled_full,shuffle_15,generation,True,True,,3.8582873344421387,0.4849897027015686,-3.37329763174057,3.8582873344421387,0.4849897027015686,-3.37329763174057,False
graph_00,industrial_cooling_system,4,shuffled_full,shuffle_15,residual_norm,True,True,,0.003964381758123636,0.678573727607727,0.6746093458496034,0.003964381758123636,0.678573727607727,0.6746093458496034,False
graph_00,industrial_cooling_system,4,shuffled_full,shuffle_15,residual_alignment,True,True,,0.029188409447669983,0.11837892979383469,0.0891905203461647,0.029188409447669983,0.11837892979383469,0.0891905203461647,False
graph_00,industrial_cooling_system,4,shuffled_full,shuffle_15,independence,True,True,,0.06616634130477905,0.03797665238380432,-0.02818968892097473,0.06616634130477905,0.03797665238380432,-0.02818968892097473,False
graph_00,industrial_cooling_system,4,shuffled_full,shuffle_15,bridge,True,True,,0.0,3.73133625544142e-05,3.73133625544142e-05,0.0,3.73133625544142e-05,3.73133625544142e-05,False
graph_00,industrial_cooling_system,4,shuffled_full,shuffle_15,norm,True,True,,0.0032015852630138397,0.008390800096094608,0.005189214833080769,0.0032015852630138397,0.008390800096094608,0.005189214833080769,False
graph_00,industrial_cooling_system,4,shuffled_full,shuffle_16,generation,True,True,,3.167733907699585,0.3497815728187561,-2.817952334880829,3.167733907699585,0.3497815728187561,-2.817952334880829,False
graph_00,industrial_cooling_system,4,shuffled_full,shuffle_16,residual_norm,True,True,,0.004045397974550724,0.49185463786125183,0.4878092398867011,0.004045397974550724,0.49185463786125183,0.4878092398867011,False
graph_00,industrial_cooling_system,4,shuffled_full,shuffle_16,residual_alignment,True,True,,0.03256922587752342,0.06805030256509781,0.03548107668757439,0.03256922587752342,0.06805030256509781,0.03548107668757439,False
graph_00,industrial_cooling_system,4,shuffled_full,shuffle_16,independence,True,True,,0.06418468803167343,0.04830804839730263,-0.015876639634370804,0.06418468803167343,0.04830804839730263,-0.015876639634370804,False
graph_00,industrial_cooling_system,4,shuffled_full,shuffle_16,bridge,True,True,,0.0,0.0,0.0,0.0,0.0,0.0,False
graph_00,industrial_cooling_system,4,shuffled_full,shuffle_16,norm,True,True,,0.0031887085642665625,0.007794155273586512,0.004605446709319949,0.0031887085642665625,0.007794155273586512,0.004605446709319949,False
graph_00,industrial_cooling_system,4,shuffled_full,shuffle_17,generation,True,True,,2.6862194538116455,0.31834274530410767,-2.367876708507538,2.6862194538116455,0.31834274530410767,-2.367876708507538,False
graph_00,industrial_cooling_system,4,shuffled_full,shuffle_17,residual_norm,True,True,,0.004023724235594273,0.45742765069007874,0.45340392645448446,0.004023724235594273,0.45742765069007874,0.45340392645448446,False
graph_00,industrial_cooling_system,4,shuffled_full,shuffle_17,residual_alignment,True,True,,0.0402071475982666,0.07422264665365219,0.03401549905538559,0.0402071475982666,0.07422264665365219,0.03401549905538559,False
graph_00,industrial_cooling_system,4,shuffled_full,shuffle_17,independence,True,True,,0.0643782764673233,0.05756431445479393,-0.006813962012529373,0.0643782764673233,0.05756431445479393,-0.006813962012529373,False
graph_00,industrial_cooling_system,4,shuffled_full,shuffle_17,bridge,True,True,,0.0,0.0,0.0,0.0,0.0,0.0,False
graph_00,industrial_cooling_system,4,shuffled_full,shuffle_17,norm,True,True,,0.0028442086186259985,0.018660323694348335,0.015816115075722337,0.0028442086186259985,0.018660323694348335,0.015816115075722337,False
graph_00,industrial_cooling_system,4,shuffled_full,shuffle_18,generation,True,True,,2.229785680770874,0.25572389364242554,-1.9740617871284485,2.229785680770874,0.25572389364242554,-1.9740617871284485,False
graph_00,industrial_cooling_system,4,shuffled_full,shuffle_18,residual_norm,True,True,,0.00414774427190423,0.3592398166656494,0.3550920723937452,0.00414774427190423,0.3592398166656494,0.3550920723937452,False
graph_00,industrial_cooling_system,4,shuffled_full,shuffle_18,residual_alignment,True,True,,0.036493003368377686,0.04389672353863716,0.007403720170259476,0.036493003368377686,0.04389672353863716,0.007403720170259476,False
graph_00,industrial_cooling_system,4,shuffled_full,shuffle_18,independence,True,True,,0.06385350972414017,0.06430012732744217,0.00044661760330200195,0.06385350972414017,0.06430012732744217,0.00044661760330200195,False
graph_00,industrial_cooling_system,4,shuffled_full,shuffle_18,bridge,True,True,,0.0,0.0,0.0,0.0,0.0,0.0,False
graph_00,industrial_cooling_system,4,shuffled_full,shuffle_18,norm,True,True,,0.002926740562543273,0.003603830700740218,0.0006770901381969452,0.002926740562543273,0.003603830700740218,0.0006770901381969452,False
graph_00,industrial_cooling_system,4,shuffled_full,shuffle_19,generation,True,True,,3.09942364692688,0.4260372817516327,-2.673386365175247,3.09942364692688,0.4260372817516327,-2.673386365175247,False
graph_00,industrial_cooling_system,4,shuffled_full,shuffle_19,residual_norm,True,True,,0.004023252986371517,0.5532318353652954,0.5492085823789239,0.004023252986371517,0.5532318353652954,0.5492085823789239,False
graph_00,industrial_cooling_system,4,shuffled_full,shuffle_19,residual_alignment,True,True,,0.05162333324551582,0.10836208611726761,0.056738752871751785,0.05162333324551582,0.10836208611726761,0.056738752871751785,False
graph_00,industrial_cooling_system,4,shuffled_full,shuffle_19,independence,True,True,,0.06426636874675751,0.061312053352594376,-0.0029543153941631317,0.06426636874675751,0.061312053352594376,-0.0029543153941631317,False
graph_00,industrial_cooling_system,4,shuffled_full,shuffle_19,bridge,True,True,,0.0,0.0,0.0,0.0,0.0,0.0,False
graph_00,industrial_cooling_system,4,shuffled_full,shuffle_19,norm,True,True,,0.0031706520821899176,0.005764370784163475,0.0025937187019735575,0.0031706520821899176,0.005764370784163475,0.0025937187019735575,False
graph_00,industrial_cooling_system,4,raw_correlation,,generation,False,False,not_applicable_closed_form_baseline,,,,,,,False
graph_00,industrial_cooling_system,4,raw_correlation,,residual_norm,False,False,not_applicable_closed_form_baseline,,,,,,,False
graph_00,industrial_cooling_system,4,raw_correlation,,residual_alignment,False,False,not_applicable_closed_form_baseline,,,,,,,False
graph_00,industrial_cooling_system,4,raw_correlation,,independence,False,False,not_applicable_closed_form_baseline,,,,,,,False
graph_00,industrial_cooling_system,4,raw_correlation,,bridge,False,False,not_applicable_closed_form_baseline,,,,,,,False
graph_00,industrial_cooling_system,4,raw_correlation,,norm,False,False,not_applicable_closed_form_baseline,,,,,,,False
graph_00,industrial_cooling_system,4,uniform,,generation,False,False,not_applicable_closed_form_baseline,,,,,,,False
graph_00,industrial_cooling_system,4,uniform,,residual_norm,False,False,not_applicable_closed_form_baseline,,,,,,,False
graph_00,industrial_cooling_system,4,uniform,,residual_alignment,False,False,not_applicable_closed_form_baseline,,,,,,,False
graph_00,industrial_cooling_system,4,uniform,,independence,False,False,not_applicable_closed_form_baseline,,,,,,,False
graph_00,industrial_cooling_system,4,uniform,,bridge,False,False,not_applicable_closed_form_baseline,,,,,,,False
graph_00,industrial_cooling_system,4,uniform,,norm,False,False,not_applicable_closed_form_baseline,,,,,,,False
graph_01,logistics_and_delivery_system,0,full_oracle,,generation,True,True,,1.2802239656448364,0.2230842411518097,-1.0571397244930267,1.2802239656448364,0.2230842411518097,-1.0571397244930267,False
graph_01,logistics_and_delivery_system,0,full_oracle,,residual_norm,True,True,,0.004116743337363005,0.3123619854450226,0.3082452421076596,0.004116743337363005,0.3123619854450226,0.3082452421076596,False
graph_01,logistics_and_delivery_system,0,full_oracle,,residual_alignment,True,True,,0.0018655684543773532,0.0206130500882864,0.018747481633909047,0.0018655684543773532,0.0206130500882864,0.018747481633909047,False
graph_01,logistics_and_delivery_system,0,full_oracle,,independence,True,True,,0.061988454312086105,0.06078247353434563,-0.0012059807777404785,0.061988454312086105,0.06078247353434563,-0.0012059807777404785,False
graph_01,logistics_and_delivery_system,0,full_oracle,,bridge,True,True,,0.0,0.0,0.0,0.0,0.0,0.0,False
graph_01,logistics_and_delivery_system,0,full_oracle,,norm,True,True,,0.003291890025138855,0.002953900024294853,-0.00033799000084400177,0.003291890025138855,0.002953900024294853,-0.00033799000084400177,False
graph_01,logistics_and_delivery_system,0,generation_only_oracle,,generation,True,True,,1.2802239656448364,0.0023570337798446417,-1.2778669318649918,1.2802239656448364,0.0023570337798446417,-1.2778669318649918,False
graph_01,logistics_and_delivery_system,0,generation_only_oracle,,residual_norm,False,True,,0.004116743337363005,0.9233065843582153,0.9191898410208523,0.0,0.0,0.0,False
graph_01,logistics_and_delivery_system,0,generation_only_oracle,,residual_alignment,False,True,,0.0018655684543773532,0.0364142507314682,0.03454868227709085,0.0,0.0,0.0,False
graph_01,logistics_and_delivery_system,0,generation_only_oracle,,independence,False,True,,0.061988454312086105,0.06164265051484108,-0.00034580379724502563,0.0,0.0,0.0,False
graph_01,logistics_and_delivery_system,0,generation_only_oracle,,bridge,False,True,,0.0,0.0,0.0,0.0,0.0,0.0,False
graph_01,logistics_and_delivery_system,0,generation_only_oracle,,norm,False,True,,0.003291890025138855,0.0032671664375811815,-2.4723587557673454e-05,0.0,0.0,0.0,False
graph_01,logistics_and_delivery_system,0,oracle_without_generation,,generation,False,True,,1.2802239656448364,3.176823616027832,1.8965996503829956,0.0,0.0,0.0,False
graph_01,logistics_and_delivery_system,0,oracle_without_generation,,residual_norm,True,True,,0.004116743337363005,0.04119523987174034,0.037078496534377337,0.004116743337363005,0.04119523987174034,0.037078496534377337,False
graph_01,logistics_and_delivery_system,0,oracle_without_generation,,residual_alignment,True,True,,0.0018655684543773532,0.03271416202187538,0.03084859356749803,0.0018655684543773532,0.03271416202187538,0.03084859356749803,False
graph_01,logistics_and_delivery_system,0,oracle_without_generation,,independence,True,True,,0.061988454312086105,0.046165451407432556,-0.01582300290465355,0.061988454312086105,0.046165451407432556,-0.01582300290465355,False
graph_01,logistics_and_delivery_system,0,oracle_without_generation,,bridge,True,True,,0.0,2.0344139556982554e-05,2.0344139556982554e-05,0.0,2.0344139556982554e-05,2.0344139556982554e-05,False
graph_01,logistics_and_delivery_system,0,oracle_without_generation,,norm,True,True,,0.003291890025138855,5.073040938441409e-06,-0.0032868169842004136,0.003291890025138855,5.073040938441409e-06,-0.0032868169842004136,False
graph_01,logistics_and_delivery_system,0,residual_only_oracle,,generation,False,True,,1.2802239656448364,1.3390698432922363,0.0588458776473999,0.0,0.0,0.0,False
graph_01,logistics_and_delivery_system,0,residual_only_oracle,,residual_norm,True,True,,0.004116743337363005,0.04119523987174034,0.037078496534377337,0.004116743337363005,0.04119523987174034,0.037078496534377337,False
graph_01,logistics_and_delivery_system,0,residual_only_oracle,,residual_alignment,True,True,,0.0018655684543773532,0.03271416202187538,0.03084859356749803,0.0018655684543773532,0.03271416202187538,0.03084859356749803,False
graph_01,logistics_and_delivery_system,0,residual_only_oracle,,independence,False,True,,0.061988454312086105,0.061988454312086105,0.0,0.0,0.0,0.0,False
graph_01,logistics_and_delivery_system,0,residual_only_oracle,,bridge,False,True,,0.0,0.0,0.0,0.0,0.0,0.0,False
graph_01,logistics_and_delivery_system,0,residual_only_oracle,,norm,False,True,,0.003291890025138855,0.003291890025138855,0.0,0.0,0.0,0.0,False
graph_01,logistics_and_delivery_system,0,independence_only_oracle,,generation,False,True,,1.2802239656448364,42.497650146484375,41.21742618083954,0.0,0.0,0.0,False
graph_01,logistics_and_delivery_system,0,independence_only_oracle,,residual_norm,False,True,,0.004116743337363005,0.004116743337363005,0.0,0.0,0.0,0.0,False
graph_01,logistics_and_delivery_system,0,independence_only_oracle,,residual_alignment,False,True,,0.0018655684543773532,0.0018655684543773532,0.0,0.0,0.0,0.0,False
graph_01,logistics_and_delivery_system,0,independence_only_oracle,,independence,True,True,,0.061988454312086105,0.04620623588562012,-0.015782218426465988,0.061988454312086105,0.04620623588562012,-0.015782218426465988,False
graph_01,logistics_and_delivery_system,0,independence_only_oracle,,bridge,True,True,,0.0,4.0588936826679856e-05,4.0588936826679856e-05,0.0,4.0588936826679856e-05,4.0588936826679856e-05,False
graph_01,logistics_and_delivery_system,0,independence_only_oracle,,norm,False,True,,0.003291890025138855,0.41267114877700806,0.4093792587518692,0.0,0.0,0.0,False
graph_01,logistics_and_delivery_system,0,symmetrized_oracle,,generation,True,True,,8.768853187561035,0.7380572557449341,-8.030795931816101,8.768853187561035,0.7380572557449341,-8.030795931816101,False
graph_01,logistics_and_delivery_system,0,symmetrized_oracle,,residual_norm,True,True,,0.004079640842974186,1.3831595182418823,1.3790798773989081,0.004079640842974186,1.3831595182418823,1.3790798773989081,False
graph_01,logistics_and_delivery_system,0,symmetrized_oracle,,residual_alignment,True,True,,0.016856685280799866,0.27106818556785583,0.25421150028705597,0.016856685280799866,0.27106818556785583,0.25421150028705597,False
graph_01,logistics_and_delivery_system,0,symmetrized_oracle,,independence,True,True,,0.0,0.0,0.0,0.0,0.0,0.0,False
graph_01,logistics_and_delivery_system,0,symmetrized_oracle,,bridge,True,True,,0.0,0.0004371301911305636,0.0004371301911305636,0.0,0.0004371301911305636,0.0004371301911305636,False
graph_01,logistics_and_delivery_system,0,symmetrized_oracle,,norm,True,True,,0.0031602324452251196,0.009656329639256,0.006496097194030881,0.0031602324452251196,0.009656329639256,0.006496097194030881,False
graph_01,logistics_and_delivery_system,0,markov_blanket_oracle,,generation,True,True,,13.642815589904785,1.047694444656372,-12.595121145248413,13.642815589904785,1.047694444656372,-12.595121145248413,False
graph_01,logistics_and_delivery_system,0,markov_blanket_oracle,,residual_norm,True,True,,0.004076487384736538,2.0311594009399414,2.027082913555205,0.004076487384736538,2.0311594009399414,2.027082913555205,False
graph_01,logistics_and_delivery_system,0,markov_blanket_oracle,,residual_alignment,True,True,,0.03291080519556999,0.35301071405410767,0.3200999088585377,0.03291080519556999,0.35301071405410767,0.3200999088585377,False
graph_01,logistics_and_delivery_system,0,markov_blanket_oracle,,independence,True,True,,0.0,0.0,0.0,0.0,0.0,0.0,False
graph_01,logistics_and_delivery_system,0,markov_blanket_oracle,,bridge,True,True,,0.0,0.0005047088488936424,0.0005047088488936424,0.0,0.0005047088488936424,0.0005047088488936424,False
graph_01,logistics_and_delivery_system,0,markov_blanket_oracle,,norm,True,True,,0.003166360082104802,0.009928643703460693,0.006762283621355891,0.003166360082104802,0.009928643703460693,0.006762283621355891,False
graph_01,logistics_and_delivery_system,0,same_module_graph,,generation,True,True,,10.178717613220215,0.9767707586288452,-9.20194685459137,10.178717613220215,0.9767707586288452,-9.20194685459137,False
graph_01,logistics_and_delivery_system,0,same_module_graph,,residual_norm,True,True,,0.0040786368772387505,1.8541122674942017,1.850033630616963,0.0040786368772387505,1.8541122674942017,1.850033630616963,False
graph_01,logistics_and_delivery_system,0,same_module_graph,,residual_alignment,True,True,,0.037721388041973114,0.26355355978012085,0.22583217173814774,0.037721388041973114,0.26355355978012085,0.22583217173814774,False
graph_01,logistics_and_delivery_system,0,same_module_graph,,independence,True,True,,0.05591823533177376,0.05027376487851143,-0.005644470453262329,0.05591823533177376,0.05027376487851143,-0.005644470453262329,False
graph_01,logistics_and_delivery_system,0,same_module_graph,,bridge,True,True,,0.0,0.0,0.0,0.0,0.0,0.0,False
graph_01,logistics_and_delivery_system,0,same_module_graph,,norm,True,True,,0.0031633605249226093,0.008579956367611885,0.005416595842689276,0.0031633605249226093,0.008579956367611885,0.005416595842689276,False
graph_01,logistics_and_delivery_system,0,reversed_full,,generation,True,True,,2.4295480251312256,0.23628826439380646,-2.193259760737419,2.4295480251312256,0.23628826439380646,-2.193259760737419,False
graph_01,logistics_and_delivery_system,0,reversed_full,,residual_norm,True,True,,0.0040091886185109615,0.42933663725852966,0.4253274486400187,0.0040091886185109615,0.42933663725852966,0.4253274486400187,False
graph_01,logistics_and_delivery_system,0,reversed_full,,residual_alignment,True,True,,0.016953211277723312,0.07458170503377914,0.05762849375605583,0.016953211277723312,0.07458170503377914,0.05762849375605583,False
graph_01,logistics_and_delivery_system,0,reversed_full,,independence,True,True,,0.0,0.0,0.0,0.0,0.0,0.0,False
graph_01,logistics_and_delivery_system,0,reversed_full,,bridge,True,True,,0.0,0.0,0.0,0.0,0.0,0.0,False
graph_01,logistics_and_delivery_system,0,reversed_full,,norm,True,True,,0.0034265548456460238,0.0011498183012008667,-0.002276736544445157,0.0034265548456460238,0.0011498183012008667,-0.002276736544445157,False
graph_01,logistics_and_delivery_system,0,shuffled_full,shuffle_00,generation,True,True,,2.752772092819214,0.3877333700656891,-2.365038722753525,2.752772092819214,0.3877333700656891,-2.365038722753525,False
graph_01,logistics_and_delivery_system,0,shuffled_full,shuffle_00,residual_norm,True,True,,0.0040821959264576435,0.532730758190155,0.5286485622636974,0.0040821959264576435,0.532730758190155,0.5286485622636974,False
graph_01,logistics_and_delivery_system,0,shuffled_full,shuffle_00,residual_alignment,True,True,,0.05824899673461914,0.07838541269302368,0.02013641595840454,0.05824899673461914,0.07838541269302368,0.02013641595840454,False
graph_01,logistics_and_delivery_system,0,shuffled_full,shuffle_00,independence,True,True,,0.06429612636566162,0.059446483850479126,-0.004849642515182495,0.06429612636566162,0.059446483850479126,-0.004849642515182495,False
graph_01,logistics_and_delivery_system,0,shuffled_full,shuffle_00,bridge,True,True,,0.0,0.0,0.0,0.0,0.0,0.0,False
graph_01,logistics_and_delivery_system,0,shuffled_full,shuffle_00,norm,True,True,,0.003202815307304263,0.00579578522592783,0.0025929699186235666,0.003202815307304263,0.00579578522592783,0.0025929699186235666,False
graph_01,logistics_and_delivery_system,0,shuffled_full,shuffle_01,generation,True,True,,2.7915565967559814,0.4067811369895935,-2.384775459766388,2.7915565967559814,0.4067811369895935,-2.384775459766388,False
graph_01,logistics_and_delivery_system,0,shuffled_full,shuffle_01,residual_norm,True,True,,0.004036202095448971,0.5588632822036743,0.5548270801082253,0.004036202095448971,0.5588632822036743,0.5548270801082253,False
graph_01,logistics_and_delivery_system,0,shuffled_full,shuffle_01,residual_alignment,True,True,,0.045641206204891205,0.08774057030677795,0.04209936410188675,0.045641206204891205,0.08774057030677795,0.04209936410188675,False
graph_01,logistics_and_delivery_system,0,shuffled_full,shuffle_01,independence,True,True,,0.0644211620092392,0.05838741362094879,-0.006033748388290405,0.0644211620092392,0.05838741362094879,-0.006033748388290405,False
graph_01,logistics_and_delivery_system,0,shuffled_full,shuffle_01,bridge,True,True,,0.0,0.0,0.0,0.0,0.0,0.0,False
graph_01,logistics_and_delivery_system,0,shuffled_full,shuffle_01,norm,True,True,,0.003333102911710739,0.0031699531245976686,-0.0001631497871130705,0.003333102911710739,0.0031699531245976686,-0.0001631497871130705,False
graph_01,logistics_and_delivery_system,0,shuffled_full,shuffle_02,generation,True,True,,2.5762314796447754,0.3851167857646942,-2.191114693880081,2.5762314796447754,0.3851167857646942,-2.191114693880081,False
graph_01,logistics_and_delivery_system,0,shuffled_full,shuffle_02,residual_norm,True,True,,0.004046135116368532,0.5137895345687866,0.5097433994524181,0.004046135116368532,0.5137895345687866,0.5097433994524181,False
graph_01,logistics_and_delivery_system,0,shuffled_full,shuffle_02,residual_alignment,True,True,,0.04624386504292488,0.08786565810441971,0.04162179306149483,0.04624386504292488,0.08786565810441971,0.04162179306149483,False
graph_01,logistics_and_delivery_system,0,shuffled_full,shuffle_02,independence,True,True,,0.06541519612073898,0.06365426629781723,-0.001760929822921753,0.06541519612073898,0.06365426629781723,-0.001760929822921753,False
graph_01,logistics_and_delivery_system,0,shuffled_full,shuffle_02,bridge,True,True,,0.0,0.0,0.0,0.0,0.0,0.0,False
graph_01,logistics_and_delivery_system,0,shuffled_full,shuffle_02,norm,True,True,,0.0034611213486641645,0.025242198258638382,0.021781076909974217,0.0034611213486641645,0.025242198258638382,0.021781076909974217,False
graph_01,logistics_and_delivery_system,0,shuffled_full,shuffle_03,generation,True,True,,3.0904362201690674,0.39591777324676514,-2.6945184469223022,3.0904362201690674,0.39591777324676514,-2.6945184469223022,False
graph_01,logistics_and_delivery_system,0,shuffled_full,shuffle_03,residual_norm,True,True,,0.004040380008518696,0.5409319996833801,0.5368916196748614,0.004040380008518696,0.5409319996833801,0.5368916196748614,False
graph_01,logistics_and_delivery_system,0,shuffled_full,shuffle_03,residual_alignment,True,True,,0.050590693950653076,0.076386459171772,0.025795765221118927,0.050590693950653076,0.076386459171772,0.025795765221118927,False
graph_01,logistics_and_delivery_system,0,shuffled_full,shuffle_03,independence,True,True,,0.06391186267137527,0.06211891770362854,-0.0017929449677467346,0.06391186267137527,0.06211891770362854,-0.0017929449677467346,False
graph_01,logistics_and_delivery_system,0,shuffled_full,shuffle_03,bridge,True,True,,0.0,0.0,0.0,0.0,0.0,0.0,False
graph_01,logistics_and_delivery_system,0,shuffled_full,shuffle_03,norm,True,True,,0.003330190433189273,0.018827922642230988,0.015497732209041715,0.003330190433189273,0.018827922642230988,0.015497732209041715,False
graph_01,logistics_and_delivery_system,0,shuffled_full,shuffle_04,generation,True,True,,2.719691276550293,0.3684603273868561,-2.351230949163437,2.719691276550293,0.3684603273868561,-2.351230949163437,False
graph_01,logistics_and_delivery_system,0,shuffled_full,shuffle_04,residual_norm,True,True,,0.004049181472510099,0.4934113323688507,0.4893621508963406,0.004049181472510099,0.4934113323688507,0.4893621508963406,False
graph_01,logistics_and_delivery_system,0,shuffled_full,shuffle_04,residual_alignment,True,True,,0.041841160506010056,0.09204486012458801,0.05020369961857796,0.041841160506010056,0.09204486012458801,0.05020369961857796,False
graph_01,logistics_and_delivery_system,0,shuffled_full,shuffle_04,independence,True,True,,0.06132214516401291,0.048991408199071884,-0.012330736964941025,0.06132214516401291,0.048991408199071884,-0.012330736964941025,False
graph_01,logistics_and_delivery_system,0,shuffled_full,shuffle_04,bridge,True,True,,0.0,6.514473352581263e-05,6.514473352581263e-05,0.0,6.514473352581263e-05,6.514473352581263e-05,False
graph_01,logistics_and_delivery_system,0,shuffled_full,shuffle_04,norm,True,True,,0.0033336584456264973,0.0046286312863230705,0.0012949728406965733,0.0033336584456264973,0.0046286312863230705,0.0012949728406965733,False
graph_01,logistics_and_delivery_system,0,shuffled_full,shuffle_05,generation,True,True,,3.18778657913208,0.38086915016174316,-2.806917428970337,3.18778657913208,0.38086915016174316,-2.806917428970337,False
graph_01,logistics_and_delivery_system,0,shuffled_full,shuffle_05,residual_norm,True,True,,0.0039987871423363686,0.49337059259414673,0.48937180545181036,0.0039987871423363686,0.49337059259414673,0.48937180545181036,False
graph_01,logistics_and_delivery_system,0,shuffled_full,shuffle_05,residual_alignment,True,True,,0.07965938001871109,0.08538264036178589,0.005723260343074799,0.07965938001871109,0.08538264036178589,0.005723260343074799,False
graph_01,logistics_and_delivery_system,0,shuffled_full,shuffle_05,independence,True,True,,0.06583519279956818,0.062892384827137,-0.002942807972431183,0.06583519279956818,0.062892384827137,-0.002942807972431183,False
graph_01,logistics_and_delivery_system,0,shuffled_full,shuffle_05,bridge,True,True,,0.0,0.0,0.0,0.0,0.0,0.0,False
graph_01,logistics_and_delivery_system,0,shuffled_full,shuffle_05,norm,True,True,,0.0032328281085938215,0.08250068873167038,0.07926786062307656,0.0032328281085938215,0.08250068873167038,0.07926786062307656,False
graph_01,logistics_and_delivery_system,0,shuffled_full,shuffle_06,generation,True,True,,2.9870641231536865,0.42124396562576294,-2.5658201575279236,2.9870641231536865,0.42124396562576294,-2.5658201575279236,False
graph_01,logistics_and_delivery_system,0,shuffled_full,shuffle_06,residual_norm,True,True,,0.004081289749592543,0.5821815729141235,0.578100283164531,0.004081289749592543,0.5821815729141235,0.578100283164531,False
graph_01,logistics_and_delivery_system,0,shuffled_full,shuffle_06,residual_alignment,True,True,,0.04848257452249527,0.1007411777973175,0.052258603274822235,0.04848257452249527,0.1007411777973175,0.052258603274822235,False
graph_01,logistics_and_delivery_system,0,shuffled_full,shuffle_06,independence,True,True,,0.06828444451093674,0.0548517070710659,-0.013432737439870834,0.06828444451093674,0.0548517070710659,-0.013432737439870834,False
graph_01,logistics_and_delivery_system,0,shuffled_full,shuffle_06,bridge,True,True,,0.0,0.0,0.0,0.0,0.0,0.0,False
graph_01,logistics_and_delivery_system,0,shuffled_full,shuffle_06,norm,True,True,,0.0032454063184559345,0.008780128322541714,0.005534722004085779,0.0032454063184559345,0.008780128322541714,0.005534722004085779,False
graph_01,logistics_and_delivery_system,0,shuffled_full,shuffle_07,generation,True,True,,2.2781877517700195,0.3335878252983093,-1.9445999264717102,2.2781877517700195,0.3335878252983093,-1.9445999264717102,False
graph_01,logistics_and_delivery_system,0,shuffled_full,shuffle_07,residual_norm,True,True,,0.004094951786100864,0.47125235199928284,0.467157400213182,0.004094951786100864,0.47125235199928284,0.467157400213182,False
graph_01,logistics_and_delivery_system,0,shuffled_full,shuffle_07,residual_alignment,True,True,,0.052473314106464386,0.05853286758065224,0.006059553474187851,0.052473314106464386,0.05853286758065224,0.006059553474187851,False
graph_01,logistics_and_delivery_system,0,shuffled_full,shuffle_07,independence,True,True,,0.06477740406990051,0.06432042270898819,-0.000456981360912323,0.06477740406990051,0.06432042270898819,-0.000456981360912323,False
graph_01,logistics_and_delivery_system,0,shuffled_full,shuffle_07,bridge,True,True,,0.0,0.0,0.0,0.0,0.0,0.0,False
graph_01,logistics_and_delivery_system,0,shuffled_full,shuffle_07,norm,True,True,,0.003195015015080571,0.00423690490424633,0.001041889889165759,0.003195015015080571,0.00423690490424633,0.001041889889165759,False
graph_01,logistics_and_delivery_system,0,shuffled_full,shuffle_08,generation,True,True,,3.0645251274108887,0.4031055271625519,-2.661419600248337,3.0645251274108887,0.4031055271625519,-2.661419600248337,False
graph_01,logistics_and_delivery_system,0,shuffled_full,shuffle_08,residual_norm,True,True,,0.004038414917886257,0.545678436756134,0.5416400218382478,0.004038414917886257,0.545678436756134,0.5416400218382478,False
graph_01,logistics_and_delivery_system,0,shuffled_full,shuffle_08,residual_alignment,True,True,,0.06514856964349747,0.07129421085119247,0.006145641207695007,0.06514856964349747,0.07129421085119247,0.006145641207695007,False
graph_01,logistics_and_delivery_system,0,shuffled_full,shuffle_08,independence,True,True,,0.0632934719324112,0.06385784596204758,0.0005643740296363831,0.0632934719324112,0.06385784596204758,0.0005643740296363831,False
graph_01,logistics_and_delivery_system,0,shuffled_full,shuffle_08,bridge,True,True,,0.0,0.0,0.0,0.0,0.0,0.0,False
graph_01,logistics_and_delivery_system,0,shuffled_full,shuffle_08,norm,True,True,,0.003354739397764206,0.005922791548073292,0.002568052150309086,0.003354739397764206,0.005922791548073292,0.002568052150309086,False
graph_01,logistics_and_delivery_system,0,shuffled_full,shuffle_09,generation,True,True,,3.1719202995300293,0.3740512728691101,-2.797869026660919,3.1719202995300293,0.3740512728691101,-2.797869026660919,False
graph_01,logistics_and_delivery_system,0,shuffled_full,shuffle_09,residual_norm,True,True,,0.004087379667907953,0.5070414543151855,0.5029540746472776,0.004087379667907953,0.5070414543151855,0.5029540746472776,False
graph_01,logistics_and_delivery_system,0,shuffled_full,shuffle_09,residual_alignment,True,True,,0.07321245223283768,0.07133916020393372,-0.0018732920289039612,0.07321245223283768,0.07133916020393372,-0.0018732920289039612,False
graph_01,logistics_and_delivery_system,0,shuffled_full,shuffle_09,independence,True,True,,0.06565582007169724,0.06251703202724457,-0.0031387880444526672,0.06565582007169724,0.06251703202724457,-0.0031387880444526672,False
graph_01,logistics_and_delivery_system,0,shuffled_full,shuffle_09,bridge,True,True,,0.0,0.0,0.0,0.0,0.0,0.0,False
graph_01,logistics_and_delivery_system,0,shuffled_full,shuffle_09,norm,True,True,,0.0032268152572214603,0.012997922487556934,0.009771107230335474,0.0032268152572214603,0.012997922487556934,0.009771107230335474,False
graph_01,logistics_and_delivery_system,0,shuffled_full,shuffle_10,generation,True,True,,2.987684965133667,0.4326268136501312,-2.5550581514835358,2.987684965133667,0.4326268136501312,-2.5550581514835358,False
graph_01,logistics_and_delivery_system,0,shuffled_full,shuffle_10,residual_norm,True,True,,0.0040176562033593655,0.5362698435783386,0.5322521873749793,0.0040176562033593655,0.5362698435783386,0.5322521873749793,False
graph_01,logistics_and_delivery_system,0,shuffled_full,shuffle_10,residual_alignment,True,True,,0.04301390424370766,0.08865456283092499,0.04564065858721733,0.04301390424370766,0.08865456283092499,0.04564065858721733,False
graph_01,logistics_and_delivery_system,0,shuffled_full,shuffle_10,independence,True,True,,0.0608946792781353,0.043364524841308594,-0.017530154436826706,0.0608946792781353,0.043364524841308594,-0.017530154436826706,False
graph_01,logistics_and_delivery_system,0,shuffled_full,shuffle_10,bridge,True,True,,0.0,5.789844726677984e-05,5.789844726677984e-05,0.0,5.789844726677984e-05,5.789844726677984e-05,False
graph_01,logistics_and_delivery_system,0,shuffled_full,shuffle_10,norm,True,True,,0.003315954701974988,0.005718385800719261,0.002402431098744273,0.003315954701974988,0.005718385800719261,0.002402431098744273,False
graph_01,logistics_and_delivery_system,0,shuffled_full,shuffle_11,generation,True,True,,2.9347691535949707,0.44521379470825195,-2.4895553588867188,2.9347691535949707,0.44521379470825195,-2.4895553588867188,False
graph_01,logistics_and_delivery_system,0,shuffled_full,shuffle_11,residual_norm,True,True,,0.004032033029943705,0.5882489085197449,0.5842168754898012,0.004032033029943705,0.5882489085197449,0.5842168754898012,False
graph_01,logistics_and_delivery_system,0,shuffled_full,shuffle_11,residual_alignment,True,True,,0.06366562843322754,0.09850896149873734,0.034843333065509796,0.06366562843322754,0.09850896149873734,0.034843333065509796,False
graph_01,logistics_and_delivery_system,0,shuffled_full,shuffle_11,independence,True,True,,0.06654448807239532,0.06548093259334564,-0.0010635554790496826,0.06654448807239532,0.06548093259334564,-0.0010635554790496826,False
graph_01,logistics_and_delivery_system,0,shuffled_full,shuffle_11,bridge,True,True,,0.0,0.0,0.0,0.0,0.0,0.0,False
graph_01,logistics_and_delivery_system,0,shuffled_full,shuffle_11,norm,True,True,,0.0032033652532845736,0.008504197932779789,0.005300832679495215,0.0032033652532845736,0.008504197932779789,0.005300832679495215,False
graph_01,logistics_and_delivery_system,0,shuffled_full,shuffle_12,generation,True,True,,2.403357982635498,0.28184202313423157,-2.1215159595012665,2.403357982635498,0.28184202313423157,-2.1215159595012665,False
graph_01,logistics_and_delivery_system,0,shuffled_full,shuffle_12,residual_norm,True,True,,0.004035542253404856,0.4003870189189911,0.39635147666558623,0.004035542253404856,0.4003870189189911,0.39635147666558623,False
graph_01,logistics_and_delivery_system,0,shuffled_full,shuffle_12,residual_alignment,True,True,,0.04223526269197464,0.05096766725182533,0.008732404559850693,0.04223526269197464,0.05096766725182533,0.008732404559850693,False
graph_01,logistics_and_delivery_system,0,shuffled_full,shuffle_12,independence,True,True,,0.06051667779684067,0.05170280858874321,-0.008813869208097458,0.06051667779684067,0.05170280858874321,-0.008813869208097458,False
graph_01,logistics_and_delivery_system,0,shuffled_full,shuffle_12,bridge,True,True,,0.0,0.0,0.0,0.0,0.0,0.0,False
graph_01,logistics_and_delivery_system,0,shuffled_full,shuffle_12,norm,True,True,,0.0035720020532608032,0.01308826357126236,0.009516261518001556,0.0035720020532608032,0.01308826357126236,0.009516261518001556,False
graph_01,logistics_and_delivery_system,0,shuffled_full,shuffle_13,generation,True,True,,2.8094630241394043,0.3748886287212372,-2.434574395418167,2.8094630241394043,0.3748886287212372,-2.434574395418167,False
graph_01,logistics_and_delivery_system,0,shuffled_full,shuffle_13,residual_norm,True,True,,0.0040909042581915855,0.5226165056228638,0.5185256013646722,0.0040909042581915855,0.5226165056228638,0.5185256013646722,False
graph_01,logistics_and_delivery_system,0,shuffled_full,shuffle_13,residual_alignment,True,True,,0.060334090143442154,0.07692050188779831,0.016586411744356155,0.060334090143442154,0.07692050188779831,0.016586411744356155,False
graph_01,logistics_and_delivery_system,0,shuffled_full,shuffle_13,independence,True,True,,0.06692580133676529,0.06555306911468506,-0.0013727322220802307,0.06692580133676529,0.06555306911468506,-0.0013727322220802307,False
graph_01,logistics_and_delivery_system,0,shuffled_full,shuffle_13,bridge,True,True,,0.0,0.0,0.0,0.0,0.0,0.0,False
graph_01,logistics_and_delivery_system,0,shuffled_full,shuffle_13,norm,True,True,,0.003223109757527709,0.008769302628934383,0.005546192871406674,0.003223109757527709,0.008769302628934383,0.005546192871406674,False
graph_01,logistics_and_delivery_system,0,shuffled_full,shuffle_14,generation,True,True,,2.4945738315582275,0.27501392364501953,-2.219559907913208,2.4945738315582275,0.27501392364501953,-2.219559907913208,False
graph_01,logistics_and_delivery_system,0,shuffled_full,shuffle_14,residual_norm,True,True,,0.004063576925545931,0.38407236337661743,0.3800087864510715,0.004063576925545931,0.38407236337661743,0.3800087864510715,False
graph_01,logistics_and_delivery_system,0,shuffled_full,shuffle_14,residual_alignment,True,True,,0.0395105741918087,0.04199812933802605,0.002487555146217346,0.0395105741918087,0.04199812933802605,0.002487555146217346,False
graph_01,logistics_and_delivery_system,0,shuffled_full,shuffle_14,independence,True,True,,0.06586208939552307,0.06185145303606987,-0.004010636359453201,0.06586208939552307,0.06185145303606987,-0.004010636359453201,False
graph_01,logistics_and_delivery_system,0,shuffled_full,shuffle_14,bridge,True,True,,0.0,0.0,0.0,0.0,0.0,0.0,False
graph_01,logistics_and_delivery_system,0,shuffled_full,shuffle_14,norm,True,True,,0.003262914717197418,0.008565434254705906,0.005302519537508488,0.003262914717197418,0.008565434254705906,0.005302519537508488,False
graph_01,logistics_and_delivery_system,0,shuffled_full,shuffle_15,generation,True,True,,2.506617784500122,0.3492923378944397,-2.1573254466056824,2.506617784500122,0.3492923378944397,-2.1573254466056824,False
graph_01,logistics_and_delivery_system,0,shuffled_full,shuffle_15,residual_norm,True,True,,0.00405229302123189,0.49455803632736206,0.49050574330613017,0.00405229302123189,0.49455803632736206,0.49050574330613017,False
graph_01,logistics_and_delivery_system,0,shuffled_full,shuffle_15,residual_alignment,True,True,,0.053675565868616104,0.07986991852521896,0.02619435265660286,0.053675565868616104,0.07986991852521896,0.02619435265660286,False
graph_01,logistics_and_delivery_system,0,shuffled_full,shuffle_15,independence,True,True,,0.06845497339963913,0.06723602861166,-0.001218944787979126,0.06845497339963913,0.06723602861166,-0.001218944787979126,False
graph_01,logistics_and_delivery_system,0,shuffled_full,shuffle_15,bridge,True,True,,0.0,0.0,0.0,0.0,0.0,0.0,False
graph_01,logistics_and_delivery_system,0,shuffled_full,shuffle_15,norm,True,True,,0.0031507506500929594,0.008915885351598263,0.005765134701505303,0.0031507506500929594,0.008915885351598263,0.005765134701505303,False
graph_01,logistics_and_delivery_system,0,shuffled_full,shuffle_16,generation,True,True,,2.4721970558166504,0.31215977668762207,-2.1600372791290283,2.4721970558166504,0.31215977668762207,-2.1600372791290283,False
graph_01,logistics_and_delivery_system,0,shuffled_full,shuffle_16,residual_norm,True,True,,0.0040399739518761635,0.42949143052101135,0.4254514565691352,0.0040399739518761635,0.42949143052101135,0.4254514565691352,False
graph_01,logistics_and_delivery_system,0,shuffled_full,shuffle_16,residual_alignment,True,True,,0.05752795189619064,0.048102378845214844,-0.0094255730509758,0.05752795189619064,0.048102378845214844,-0.0094255730509758,False
graph_01,logistics_and_delivery_system,0,shuffled_full,shuffle_16,independence,True,True,,0.06815222650766373,0.062341295182704926,-0.005810931324958801,0.06815222650766373,0.062341295182704926,-0.005810931324958801,False
graph_01,logistics_and_delivery_system,0,shuffled_full,shuffle_16,bridge,True,True,,0.0,0.0,0.0,0.0,0.0,0.0,False
graph_01,logistics_and_delivery_system,0,shuffled_full,shuffle_16,norm,True,True,,0.0031865895725786686,0.02721591107547283,0.024029321502894163,0.0031865895725786686,0.02721591107547283,0.024029321502894163,False
graph_01,logistics_and_delivery_system,0,shuffled_full,shuffle_17,generation,True,True,,3.2578885555267334,0.45284679532051086,-2.8050417602062225,3.2578885555267334,0.45284679532051086,-2.8050417602062225,False
graph_01,logistics_and_delivery_system,0,shuffled_full,shuffle_17,residual_norm,True,True,,0.004011957440525293,0.6115973591804504,0.6075854017399251,0.004011957440525293,0.6115973591804504,0.6075854017399251,False
graph_01,logistics_and_delivery_system,0,shuffled_full,shuffle_17,residual_alignment,True,True,,0.036177270114421844,0.10226989537477493,0.06609262526035309,0.036177270114421844,0.10226989537477493,0.06609262526035309,False
graph_01,logistics_and_delivery_system,0,shuffled_full,shuffle_17,independence,True,True,,0.06553637981414795,0.05826931074261665,-0.007267069071531296,0.06553637981414795,0.05826931074261665,-0.007267069071531296,False
graph_01,logistics_and_delivery_system,0,shuffled_full,shuffle_17,bridge,True,True,,0.0,0.0,0.0,0.0,0.0,0.0,False
graph_01,logistics_and_delivery_system,0,shuffled_full,shuffle_17,norm,True,True,,0.003342527197673917,0.0059999339282512665,0.0026574067305773497,0.003342527197673917,0.0059999339282512665,0.0026574067305773497,False
graph_01,logistics_and_delivery_system,0,shuffled_full,shuffle_18,generation,True,True,,2.119068145751953,0.3038826286792755,-1.8151855170726776,2.119068145751953,0.3038826286792755,-1.8151855170726776,False
graph_01,logistics_and_delivery_system,0,shuffled_full,shuffle_18,residual_norm,True,True,,0.004055132623761892,0.3998164236545563,0.3957612910307944,0.004055132623761892,0.3998164236545563,0.3957612910307944,False
graph_01,logistics_and_delivery_system,0,shuffled_full,shuffle_18,residual_alignment,True,True,,0.04448175057768822,0.04833923652768135,0.0038574859499931335,0.04448175057768822,0.04833923652768135,0.0038574859499931335,False
graph_01,logistics_and_delivery_system,0,shuffled_full,shuffle_18,independence,True,True,,0.06591204553842545,0.052194323390722275,-0.01371772214770317,0.06591204553842545,0.052194323390722275,-0.01371772214770317,False
graph_01,logistics_and_delivery_system,0,shuffled_full,shuffle_18,bridge,True,True,,0.0,0.0,0.0,0.0,0.0,0.0,False
graph_01,logistics_and_delivery_system,0,shuffled_full,shuffle_18,norm,True,True,,0.0034252454061061144,0.016167668625712395,0.01274242321960628,0.0034252454061061144,0.016167668625712395,0.01274242321960628,False
graph_01,logistics_and_delivery_system,0,shuffled_full,shuffle_19,generation,True,True,,2.690296173095703,0.3726276457309723,-2.317668527364731,2.690296173095703,0.3726276457309723,-2.317668527364731,False
graph_01,logistics_and_delivery_system,0,shuffled_full,shuffle_19,residual_norm,True,True,,0.004031147342175245,0.5131247639656067,0.5090936166234314,0.004031147342175245,0.5131247639656067,0.5090936166234314,False
graph_01,logistics_and_delivery_system,0,shuffled_full,shuffle_19,residual_alignment,True,True,,0.05770907178521156,0.08884251862764359,0.031133446842432022,0.05770907178521156,0.08884251862764359,0.031133446842432022,False
graph_01,logistics_and_delivery_system,0,shuffled_full,shuffle_19,independence,True,True,,0.06737878173589706,0.0541774183511734,-0.013201363384723663,0.06737878173589706,0.0541774183511734,-0.013201363384723663,False
graph_01,logistics_and_delivery_system,0,shuffled_full,shuffle_19,bridge,True,True,,0.0,0.0,0.0,0.0,0.0,0.0,False
graph_01,logistics_and_delivery_system,0,shuffled_full,shuffle_19,norm,True,True,,0.003488682210445404,0.024192743003368378,0.020704060792922974,0.003488682210445404,0.024192743003368378,0.020704060792922974,False
graph_01,logistics_and_delivery_system,0,raw_correlation,,generation,False,False,not_applicable_closed_form_baseline,,,,,,,False
graph_01,logistics_and_delivery_system,0,raw_correlation,,residual_norm,False,False,not_applicable_closed_form_baseline,,,,,,,False
graph_01,logistics_and_delivery_system,0,raw_correlation,,residual_alignment,False,False,not_applicable_closed_form_baseline,,,,,,,False
graph_01,logistics_and_delivery_system,0,raw_correlation,,independence,False,False,not_applicable_closed_form_baseline,,,,,,,False
graph_01,logistics_and_delivery_system,0,raw_correlation,,bridge,False,False,not_applicable_closed_form_baseline,,,,,,,False
graph_01,logistics_and_delivery_system,0,raw_correlation,,norm,False,False,not_applicable_closed_form_baseline,,,,,,,False
graph_01,logistics_and_delivery_system,0,uniform,,generation,False,False,not_applicable_closed_form_baseline,,,,,,,False
graph_01,logistics_and_delivery_system,0,uniform,,residual_norm,False,False,not_applicable_closed_form_baseline,,,,,,,False
graph_01,logistics_and_delivery_system,0,uniform,,residual_alignment,False,False,not_applicable_closed_form_baseline,,,,,,,False
graph_01,logistics_and_delivery_system,0,uniform,,independence,False,False,not_applicable_closed_form_baseline,,,,,,,False
graph_01,logistics_and_delivery_system,0,uniform,,bridge,False,False,not_applicable_closed_form_baseline,,,,,,,False
graph_01,logistics_and_delivery_system,0,uniform,,norm,False,False,not_applicable_closed_form_baseline,,,,,,,False
graph_01,logistics_and_delivery_system,1,full_oracle,,generation,True,True,,1.3153231143951416,0.2614705562591553,-1.0538525581359863,1.3153231143951416,0.2614705562591553,-1.0538525581359863,False
graph_01,logistics_and_delivery_system,1,full_oracle,,residual_norm,True,True,,0.004109272267669439,0.31562259793281555,0.3115133256651461,0.004109272267669439,0.31562259793281555,0.3115133256651461,False
graph_01,logistics_and_delivery_system,1,full_oracle,,residual_alignment,True,True,,0.0020462838001549244,0.03918471559882164,0.037138431798666716,0.0020462838001549244,0.03918471559882164,0.037138431798666716,False
graph_01,logistics_and_delivery_system,1,full_oracle,,independence,True,True,,0.059193965047597885,0.05721438676118851,-0.001979578286409378,0.059193965047597885,0.05721438676118851,-0.001979578286409378,False
graph_01,logistics_and_delivery_system,1,full_oracle,,bridge,True,True,,0.0,0.0,0.0,0.0,0.0,0.0,False
graph_01,logistics_and_delivery_system,1,full_oracle,,norm,True,True,,0.0008514352957718074,0.0005652359104715288,-0.00028619938530027866,0.0008514352957718074,0.0005652359104715288,-0.00028619938530027866,False
graph_01,logistics_and_delivery_system,1,generation_only_oracle,,generation,True,True,,1.3153231143951416,0.0026807731483131647,-1.3126423412468284,1.3153231143951416,0.0026807731483131647,-1.3126423412468284,False
graph_01,logistics_and_delivery_system,1,generation_only_oracle,,residual_norm,False,True,,0.004109272267669439,1.115315318107605,1.1112060458399355,0.0,0.0,0.0,False
graph_01,logistics_and_delivery_system,1,generation_only_oracle,,residual_alignment,False,True,,0.0020462838001549244,0.06085921451449394,0.05881293071433902,0.0,0.0,0.0,False
graph_01,logistics_and_delivery_system,1,generation_only_oracle,,independence,False,True,,0.059193965047597885,0.058061882853507996,-0.0011320821940898895,0.0,0.0,0.0,False
graph_01,logistics_and_delivery_system,1,generation_only_oracle,,bridge,False,True,,0.0,0.0,0.0,0.0,0.0,0.0,False
graph_01,logistics_and_delivery_system,1,generation_only_oracle,,norm,False,True,,0.0008514352957718074,0.0005945898010395467,-0.0002568454947322607,0.0,0.0,0.0,False
graph_01,logistics_and_delivery_system,1,oracle_without_generation,,generation,False,True,,1.3153231143951416,4.067793369293213,2.7524702548980713,0.0,0.0,0.0,False
graph_01,logistics_and_delivery_system,1,oracle_without_generation,,residual_norm,True,True,,0.004109272267669439,0.028139624744653702,0.024030352476984262,0.004109272267669439,0.028139624744653702,0.024030352476984262,False
graph_01,logistics_and_delivery_system,1,oracle_without_generation,,residual_alignment,True,True,,0.0020462838001549244,0.062500961124897,0.06045467732474208,0.0020462838001549244,0.062500961124897,0.06045467732474208,False
graph_01,logistics_and_delivery_system,1,oracle_without_generation,,independence,True,True,,0.059193965047597885,0.0469030998647213,-0.012290865182876587,0.059193965047597885,0.0469030998647213,-0.012290865182876587,False
graph_01,logistics_and_delivery_system,1,oracle_without_generation,,bridge,True,True,,0.0,6.4979221860994585e-06,6.4979221860994585e-06,0.0,6.4979221860994585e-06,6.4979221860994585e-06,False
graph_01,logistics_and_delivery_system,1,oracle_without_generation,,norm,True,True,,0.0008514352957718074,6.837768978584791e-06,-0.0008445975267932226,0.0008514352957718074,6.837768978584791e-06,-0.0008445975267932226,False
graph_01,logistics_and_delivery_system,1,residual_only_oracle,,generation,False,True,,1.3153231143951416,1.3480777740478516,0.03275465965270996,0.0,0.0,0.0,False
graph_01,logistics_and_delivery_system,1,residual_only_oracle,,residual_norm,True,True,,0.004109272267669439,0.028139624744653702,0.024030352476984262,0.004109272267669439,0.028139624744653702,0.024030352476984262,False
graph_01,logistics_and_delivery_system,1,residual_only_oracle,,residual_alignment,True,True,,0.0020462838001549244,0.062500961124897,0.06045467732474208,0.0020462838001549244,0.062500961124897,0.06045467732474208,False
graph_01,logistics_and_delivery_system,1,residual_only_oracle,,independence,False,True,,0.059193965047597885,0.059193965047597885,0.0,0.0,0.0,0.0,False
graph_01,logistics_and_delivery_system,1,residual_only_oracle,,bridge,False,True,,0.0,0.0,0.0,0.0,0.0,0.0,False
graph_01,logistics_and_delivery_system,1,residual_only_oracle,,norm,False,True,,0.0008514352957718074,0.0008514352957718074,0.0,0.0,0.0,0.0,False
graph_01,logistics_and_delivery_system,1,independence_only_oracle,,generation,False,True,,1.3153231143951416,32.691287994384766,31.375964879989624,0.0,0.0,0.0,False
graph_01,logistics_and_delivery_system,1,independence_only_oracle,,residual_norm,False,True,,0.004109272267669439,0.004109272267669439,0.0,0.0,0.0,0.0,False
graph_01,logistics_and_delivery_system,1,independence_only_oracle,,residual_alignment,False,True,,0.0020462838001549244,0.0020462838001549244,0.0,0.0,0.0,0.0,False
graph_01,logistics_and_delivery_system,1,independence_only_oracle,,independence,True,True,,0.059193965047597885,0.04692212864756584,-0.012271836400032043,0.059193965047597885,0.04692212864756584,-0.012271836400032043,False
graph_01,logistics_and_delivery_system,1,independence_only_oracle,,bridge,True,True,,0.0,6.234290776774287e-05,6.234290776774287e-05,0.0,6.234290776774287e-05,6.234290776774287e-05,False
graph_01,logistics_and_delivery_system,1,independence_only_oracle,,norm,False,True,,0.0008514352957718074,0.3144775331020355,0.3136260978062637,0.0,0.0,0.0,False
graph_01,logistics_and_delivery_system,1,symmetrized_oracle,,generation,True,True,,7.56596565246582,0.8666598200798035,-6.699305832386017,7.56596565246582,0.8666598200798035,-6.699305832386017,False
graph_01,logistics_and_delivery_system,1,symmetrized_oracle,,residual_norm,True,True,,0.004071851260960102,1.6043949127197266,1.6003230614587665,0.004071851260960102,1.6043949127197266,1.6003230614587665,False
graph_01,logistics_and_delivery_system,1,symmetrized_oracle,,residual_alignment,True,True,,0.018121985718607903,0.2882395386695862,0.2701175529509783,0.018121985718607903,0.2882395386695862,0.2701175529509783,False
graph_01,logistics_and_delivery_system,1,symmetrized_oracle,,independence,True,True,,0.0,0.0,0.0,0.0,0.0,0.0,False
graph_01,logistics_and_delivery_system,1,symmetrized_oracle,,bridge,True,True,,0.0,0.0,0.0,0.0,0.0,0.0,False
graph_01,logistics_and_delivery_system,1,symmetrized_oracle,,norm,True,True,,0.0008151876972988248,0.0023926780559122562,0.0015774903586134315,0.0008151876972988248,0.0023926780559122562,0.0015774903586134315,False
graph_01,logistics_and_delivery_system,1,markov_blanket_oracle,,generation,True,True,,11.733647346496582,1.227668285369873,-10.505979061126709,11.733647346496582,1.227668285369873,-10.505979061126709,False
graph_01,logistics_and_delivery_system,1,markov_blanket_oracle,,residual_norm,True,True,,0.004068788141012192,2.343240737915039,2.339171949774027,0.004068788141012192,2.343240737915039,2.339171949774027,False
graph_01,logistics_and_delivery_system,1,markov_blanket_oracle,,residual_alignment,True,True,,0.03341968357563019,0.26771092414855957,0.23429124057292938,0.03341968357563019,0.26771092414855957,0.23429124057292938,False
graph_01,logistics_and_delivery_system,1,markov_blanket_oracle,,independence,True,True,,0.0,0.0,0.0,0.0,0.0,0.0,False
graph_01,logistics_and_delivery_system,1,markov_blanket_oracle,,bridge,True,True,,0.0,0.00026413757586851716,0.00026413757586851716,0.0,0.00026413757586851716,0.00026413757586851716,False
graph_01,logistics_and_delivery_system,1,markov_blanket_oracle,,norm,True,True,,0.0008132229559123516,0.00692359684035182,0.006110373884439468,0.0008132229559123516,0.00692359684035182,0.006110373884439468,False
graph_01,logistics_and_delivery_system,1,same_module_graph,,generation,True,True,,9.198867797851562,0.9812760353088379,-8.217591762542725,9.198867797851562,0.9812760353088379,-8.217591762542725,False
graph_01,logistics_and_delivery_system,1,same_module_graph,,residual_norm,True,True,,0.004066328518092632,1.8790366649627686,1.874970336444676,0.004066328518092632,1.8790366649627686,1.874970336444676,False
graph_01,logistics_and_delivery_system,1,same_module_graph,,residual_alignment,True,True,,0.0393148697912693,0.27468442916870117,0.23536955937743187,0.0393148697912693,0.27468442916870117,0.23536955937743187,False
graph_01,logistics_and_delivery_system,1,same_module_graph,,independence,True,True,,0.05396117642521858,0.05436447635293007,0.0004032999277114868,0.05396117642521858,0.05436447635293007,0.0004032999277114868,False
graph_01,logistics_and_delivery_system,1,same_module_graph,,bridge,True,True,,0.0,0.0,0.0,0.0,0.0,0.0,False
graph_01,logistics_and_delivery_system,1,same_module_graph,,norm,True,True,,0.0008182769524864852,0.0072435857728123665,0.006425308820325881,0.0008182769524864852,0.0072435857728123665,0.006425308820325881,False
graph_01,logistics_and_delivery_system,1,reversed_full,,generation,True,True,,2.5987064838409424,0.2110472470521927,-2.3876592367887497,2.5987064838409424,0.2110472470521927,-2.3876592367887497,False
graph_01,logistics_and_delivery_system,1,reversed_full,,residual_norm,True,True,,0.004013460129499435,0.39005380868911743,0.386040348559618,0.004013460129499435,0.39005380868911743,0.386040348559618,False
graph_01,logistics_and_delivery_system,1,reversed_full,,residual_alignment,True,True,,0.018009481951594353,0.06208052113652229,0.04407103918492794,0.018009481951594353,0.06208052113652229,0.04407103918492794,False
graph_01,logistics_and_delivery_system,1,reversed_full,,independence,True,True,,0.0,0.0,0.0,0.0,0.0,0.0,False
graph_01,logistics_and_delivery_system,1,reversed_full,,bridge,True,True,,0.0,0.0,0.0,0.0,0.0,0.0,False
graph_01,logistics_and_delivery_system,1,reversed_full,,norm,True,True,,0.0008214708650484681,0.002867171075195074,0.002045700210146606,0.0008214708650484681,0.002867171075195074,0.002045700210146606,False
graph_01,logistics_and_delivery_system,1,shuffled_full,shuffle_00,generation,True,True,,3.0282108783721924,0.40624120831489563,-2.6219696700572968,3.0282108783721924,0.40624120831489563,-2.6219696700572968,False
graph_01,logistics_and_delivery_system,1,shuffled_full,shuffle_00,residual_norm,True,True,,0.004040335305035114,0.5795910954475403,0.5755507601425052,0.004040335305035114,0.5795910954475403,0.5755507601425052,False
graph_01,logistics_and_delivery_system,1,shuffled_full,shuffle_00,residual_alignment,True,True,,0.05692484974861145,0.09118160605430603,0.03425675630569458,0.05692484974861145,0.09118160605430603,0.03425675630569458,False
graph_01,logistics_and_delivery_system,1,shuffled_full,shuffle_00,independence,True,True,,0.06036051735281944,0.05392839387059212,-0.0064321234822273254,0.06036051735281944,0.05392839387059212,-0.0064321234822273254,False
graph_01,logistics_and_delivery_system,1,shuffled_full,shuffle_00,bridge,True,True,,0.0,0.0,0.0,0.0,0.0,0.0,False
graph_01,logistics_and_delivery_system,1,shuffled_full,shuffle_00,norm,True,True,,0.0008702934137545526,0.011584948748350143,0.01071465533459559,0.0008702934137545526,0.011584948748350143,0.01071465533459559,False
graph_01,logistics_and_delivery_system,1,shuffled_full,shuffle_01,generation,True,True,,2.6724722385406494,0.42321357131004333,-2.249258667230606,2.6724722385406494,0.42321357131004333,-2.249258667230606,False
graph_01,logistics_and_delivery_system,1,shuffled_full,shuffle_01,residual_norm,True,True,,0.004013503435999155,0.580110490322113,0.5760969868861139,0.004013503435999155,0.580110490322113,0.5760969868861139,False
graph_01,logistics_and_delivery_system,1,shuffled_full,shuffle_01,residual_alignment,True,True,,0.0451425202190876,0.09184085577726364,0.04669833555817604,0.0451425202190876,0.09184085577726364,0.04669833555817604,False
graph_01,logistics_and_delivery_system,1,shuffled_full,shuffle_01,independence,True,True,,0.05971170589327812,0.03626604005694389,-0.02344566583633423,0.05971170589327812,0.03626604005694389,-0.02344566583633423,False
graph_01,logistics_and_delivery_system,1,shuffled_full,shuffle_01,bridge,True,True,,0.0,3.157029641442932e-05,3.157029641442932e-05,0.0,3.157029641442932e-05,3.157029641442932e-05,False
graph_01,logistics_and_delivery_system,1,shuffled_full,shuffle_01,norm,True,True,,0.000855961290653795,0.007403739728033543,0.006547778437379748,0.000855961290653795,0.007403739728033543,0.006547778437379748,False
graph_01,logistics_and_delivery_system,1,shuffled_full,shuffle_02,generation,True,True,,3.2018685340881348,0.45797115564346313,-2.7438973784446716,3.2018685340881348,0.45797115564346313,-2.7438973784446716,False
graph_01,logistics_and_delivery_system,1,shuffled_full,shuffle_02,residual_norm,True,True,,0.004035782068967819,0.5807763338088989,0.5767405517399311,0.004035782068967819,0.5807763338088989,0.5767405517399311,False
graph_01,logistics_and_delivery_system,1,shuffled_full,shuffle_02,residual_alignment,True,True,,0.045907050371170044,0.10716977715492249,0.06126272678375244,0.045907050371170044,0.10716977715492249,0.06126272678375244,False
graph_01,logistics_and_delivery_system,1,shuffled_full,shuffle_02,independence,True,True,,0.05875858664512634,0.053518086671829224,-0.005240499973297119,0.05875858664512634,0.053518086671829224,-0.005240499973297119,False
graph_01,logistics_and_delivery_system,1,shuffled_full,shuffle_02,bridge,True,True,,0.0,0.0,0.0,0.0,0.0,0.0,False
graph_01,logistics_and_delivery_system,1,shuffled_full,shuffle_02,norm,True,True,,0.0008687027147971094,0.019333746284246445,0.018465043569449335,0.0008687027147971094,0.019333746284246445,0.018465043569449335,False
graph_01,logistics_and_delivery_system,1,shuffled_full,shuffle_03,generation,True,True,,2.6956310272216797,0.38795754313468933,-2.3076734840869904,2.6956310272216797,0.38795754313468933,-2.3076734840869904,False
graph_01,logistics_and_delivery_system,1,shuffled_full,shuffle_03,residual_norm,True,True,,0.004028561059385538,0.5132014155387878,0.5091728544794023,0.004028561059385538,0.5132014155387878,0.5091728544794023,False
graph_01,logistics_and_delivery_system,1,shuffled_full,shuffle_03,residual_alignment,True,True,,0.05041451379656792,0.08628910034894943,0.035874586552381516,0.05041451379656792,0.08628910034894943,0.035874586552381516,False
graph_01,logistics_and_delivery_system,1,shuffled_full,shuffle_03,independence,True,True,,0.06514711678028107,0.06144757941365242,-0.003699537366628647,0.06514711678028107,0.06144757941365242,-0.003699537366628647,False
graph_01,logistics_and_delivery_system,1,shuffled_full,shuffle_03,bridge,True,True,,0.0,0.0,0.0,0.0,0.0,0.0,False
graph_01,logistics_and_delivery_system,1,shuffled_full,shuffle_03,norm,True,True,,0.0008407678687945008,0.013031094335019588,0.012190326466225088,0.0008407678687945008,0.013031094335019588,0.012190326466225088,False
graph_01,logistics_and_delivery_system,1,shuffled_full,shuffle_04,generation,True,True,,2.614509344100952,0.29672205448150635,-2.317787289619446,2.614509344100952,0.29672205448150635,-2.317787289619446,False
graph_01,logistics_and_delivery_system,1,shuffled_full,shuffle_04,residual_norm,True,True,,0.004018421750515699,0.3994942009449005,0.3954757791943848,0.004018421750515699,0.3994942009449005,0.3954757791943848,False
graph_01,logistics_and_delivery_system,1,shuffled_full,shuffle_04,residual_alignment,True,True,,0.04129113256931305,0.05372665077447891,0.012435518205165863,0.04129113256931305,0.05372665077447891,0.012435518205165863,False
graph_01,logistics_and_delivery_system,1,shuffled_full,shuffle_04,independence,True,True,,0.060887813568115234,0.0652187243103981,0.004330910742282867,0.060887813568115234,0.0652187243103981,0.004330910742282867,False
graph_01,logistics_and_delivery_system,1,shuffled_full,shuffle_04,bridge,True,True,,0.0,2.3552022412332008e-06,2.3552022412332008e-06,0.0,2.3552022412332008e-06,2.3552022412332008e-06,False
graph_01,logistics_and_delivery_system,1,shuffled_full,shuffle_04,norm,True,True,,0.0008476753137074411,0.04994247481226921,0.04909479949856177,0.0008476753137074411,0.04994247481226921,0.04909479949856177,False
graph_01,logistics_and_delivery_system,1,shuffled_full,shuffle_05,generation,True,True,,3.339102268218994,0.4651176631450653,-2.873984605073929,3.339102268218994,0.4651176631450653,-2.873984605073929,False
graph_01,logistics_and_delivery_system,1,shuffled_full,shuffle_05,residual_norm,True,True,,0.0040166196413338184,0.6296701431274414,0.6256535234861076,0.0040166196413338184,0.6296701431274414,0.6256535234861076,False
graph_01,logistics_and_delivery_system,1,shuffled_full,shuffle_05,residual_alignment,True,True,,0.07666327804327011,0.1054307147860527,0.028767436742782593,0.07666327804327011,0.1054307147860527,0.028767436742782593,False
graph_01,logistics_and_delivery_system,1,shuffled_full,shuffle_05,independence,True,True,,0.06522373855113983,0.06449389457702637,-0.0007298439741134644,0.06522373855113983,0.06449389457702637,-0.0007298439741134644,False
graph_01,logistics_and_delivery_system,1,shuffled_full,shuffle_05,bridge,True,True,,0.0,0.0,0.0,0.0,0.0,0.0,False
graph_01,logistics_and_delivery_system,1,shuffled_full,shuffle_05,norm,True,True,,0.0008481132099404931,0.008828610181808472,0.007980496971867979,0.0008481132099404931,0.008828610181808472,0.007980496971867979,False
graph_01,logistics_and_delivery_system,1,shuffled_full,shuffle_06,generation,True,True,,3.0115113258361816,0.4116916358470917,-2.59981968998909,3.0115113258361816,0.4116916358470917,-2.59981968998909,False
graph_01,logistics_and_delivery_system,1,shuffled_full,shuffle_06,residual_norm,True,True,,0.004042841959744692,0.5421572923660278,0.5381144504062831,0.004042841959744692,0.5421572923660278,0.5381144504062831,False
graph_01,logistics_and_delivery_system,1,shuffled_full,shuffle_06,residual_alignment,True,True,,0.04774899408221245,0.09798291325569153,0.05023391917347908,0.04774899408221245,0.09798291325569153,0.05023391917347908,False
graph_01,logistics_and_delivery_system,1,shuffled_full,shuffle_06,independence,True,True,,0.06632692366838455,0.06383268535137177,-0.002494238317012787,0.06632692366838455,0.06383268535137177,-0.002494238317012787,False
graph_01,logistics_and_delivery_system,1,shuffled_full,shuffle_06,bridge,True,True,,0.0,0.0,0.0,0.0,0.0,0.0,False
graph_01,logistics_and_delivery_system,1,shuffled_full,shuffle_06,norm,True,True,,0.0008312746067531407,0.009852893650531769,0.009021619043778628,0.0008312746067531407,0.009852893650531769,0.009021619043778628,False
graph_01,logistics_and_delivery_system,1,shuffled_full,shuffle_07,generation,True,True,,2.599801778793335,0.32202646136283875,-2.277775317430496,2.599801778793335,0.32202646136283875,-2.277775317430496,False
graph_01,logistics_and_delivery_system,1,shuffled_full,shuffle_07,residual_norm,True,True,,0.004024311900138855,0.4534302055835724,0.44940589368343353,0.004024311900138855,0.4534302055835724,0.44940589368343353,False
graph_01,logistics_and_delivery_system,1,shuffled_full,shuffle_07,residual_alignment,True,True,,0.05104929953813553,0.07394605129957199,0.022896751761436462,0.05104929953813553,0.07394605129957199,0.022896751761436462,False
graph_01,logistics_and_delivery_system,1,shuffled_full,shuffle_07,independence,True,True,,0.06328566372394562,0.05274065211415291,-0.01054501160979271,0.06328566372394562,0.05274065211415291,-0.01054501160979271,False
graph_01,logistics_and_delivery_system,1,shuffled_full,shuffle_07,bridge,True,True,,0.0,0.0,0.0,0.0,0.0,0.0,False
graph_01,logistics_and_delivery_system,1,shuffled_full,shuffle_07,norm,True,True,,0.0009249279391951859,0.00681731104850769,0.0058923831093125045,0.0009249279391951859,0.00681731104850769,0.0058923831093125045,False
graph_01,logistics_and_delivery_system,1,shuffled_full,shuffle_08,generation,True,True,,2.8396809101104736,0.4116657078266144,-2.4280152022838593,2.8396809101104736,0.4116657078266144,-2.4280152022838593,False
graph_01,logistics_and_delivery_system,1,shuffled_full,shuffle_08,residual_norm,True,True,,0.004014616832137108,0.5840864181518555,0.5800718013197184,0.004014616832137108,0.5840864181518555,0.5800718013197184,False
graph_01,logistics_and_delivery_system,1,shuffled_full,shuffle_08,residual_alignment,True,True,,0.062226396054029465,0.07520130276679993,0.012974906712770462,0.062226396054029465,0.07520130276679993,0.012974906712770462,False
graph_01,logistics_and_delivery_system,1,shuffled_full,shuffle_08,independence,True,True,,0.06544823199510574,0.06060490384697914,-0.004843328148126602,0.06544823199510574,0.06060490384697914,-0.004843328148126602,False
graph_01,logistics_and_delivery_system,1,shuffled_full,shuffle_08,bridge,True,True,,0.0,0.0,0.0,0.0,0.0,0.0,False
graph_01,logistics_and_delivery_system,1,shuffled_full,shuffle_08,norm,True,True,,0.0008943899883888662,0.015841113403439522,0.014946723415050656,0.0008943899883888662,0.015841113403439522,0.014946723415050656,False
graph_01,logistics_and_delivery_system,1,shuffled_full,shuffle_09,generation,True,True,,3.2122550010681152,0.4765084385871887,-2.7357465624809265,3.2122550010681152,0.4765084385871887,-2.7357465624809265,False
graph_01,logistics_and_delivery_system,1,shuffled_full,shuffle_09,residual_norm,True,True,,0.004054507706314325,0.6632116436958313,0.659157135989517,0.004054507706314325,0.6632116436958313,0.659157135989517,False
graph_01,logistics_and_delivery_system,1,shuffled_full,shuffle_09,residual_alignment,True,True,,0.07376903295516968,0.08182152360677719,0.008052490651607513,0.07376903295516968,0.08182152360677719,0.008052490651607513,False
graph_01,logistics_and_delivery_system,1,shuffled_full,shuffle_09,independence,True,True,,0.05590638145804405,0.04459453746676445,-0.011311843991279602,0.05590638145804405,0.04459453746676445,-0.011311843991279602,False
graph_01,logistics_and_delivery_system,1,shuffled_full,shuffle_09,bridge,True,True,,0.0,2.4260050849989057e-05,2.4260050849989057e-05,0.0,2.4260050849989057e-05,2.4260050849989057e-05,False
graph_01,logistics_and_delivery_system,1,shuffled_full,shuffle_09,norm,True,True,,0.0008681131876073778,0.005482053849846125,0.004613940662238747,0.0008681131876073778,0.005482053849846125,0.004613940662238747,False
graph_01,logistics_and_delivery_system,1,shuffled_full,shuffle_10,generation,True,True,,2.576939344406128,0.3570588231086731,-2.219880521297455,2.576939344406128,0.3570588231086731,-2.219880521297455,False
graph_01,logistics_and_delivery_system,1,shuffled_full,shuffle_10,residual_norm,True,True,,0.004040456842631102,0.4956224858760834,0.4915820290334523,0.004040456842631102,0.4956224858760834,0.4915820290334523,False
graph_01,logistics_and_delivery_system,1,shuffled_full,shuffle_10,residual_alignment,True,True,,0.043646518141031265,0.08157351613044739,0.03792699798941612,0.043646518141031265,0.08157351613044739,0.03792699798941612,False
graph_01,logistics_and_delivery_system,1,shuffled_full,shuffle_10,independence,True,True,,0.062358055263757706,0.06374653428792953,0.0013884790241718292,0.062358055263757706,0.06374653428792953,0.0013884790241718292,False
graph_01,logistics_and_delivery_system,1,shuffled_full,shuffle_10,bridge,True,True,,0.0,0.0,0.0,0.0,0.0,0.0,False
graph_01,logistics_and_delivery_system,1,shuffled_full,shuffle_10,norm,True,True,,0.0008290060213766992,0.006565950345247984,0.005736944323871285,0.0008290060213766992,0.006565950345247984,0.005736944323871285,False
graph_01,logistics_and_delivery_system,1,shuffled_full,shuffle_11,generation,True,True,,2.8879380226135254,0.4443472623825073,-2.443590760231018,2.8879380226135254,0.4443472623825073,-2.443590760231018,False
graph_01,logistics_and_delivery_system,1,shuffled_full,shuffle_11,residual_norm,True,True,,0.0040049622766673565,0.5685002207756042,0.5644952584989369,0.0040049622766673565,0.5685002207756042,0.5644952584989369,False
graph_01,logistics_and_delivery_system,1,shuffled_full,shuffle_11,residual_alignment,True,True,,0.06174866110086441,0.09409883618354797,0.03235017508268356,0.06174866110086441,0.09409883618354797,0.03235017508268356,False
graph_01,logistics_and_delivery_system,1,shuffled_full,shuffle_11,independence,True,True,,0.06383386999368668,0.047074899077415466,-0.01675897091627121,0.06383386999368668,0.047074899077415466,-0.01675897091627121,False
graph_01,logistics_and_delivery_system,1,shuffled_full,shuffle_11,bridge,True,True,,0.0,0.0001674855884630233,0.0001674855884630233,0.0,0.0001674855884630233,0.0001674855884630233,False
graph_01,logistics_and_delivery_system,1,shuffled_full,shuffle_11,norm,True,True,,0.0008668584632687271,0.007490219082683325,0.006623360619414598,0.0008668584632687271,0.007490219082683325,0.006623360619414598,False
graph_01,logistics_and_delivery_system,1,shuffled_full,shuffle_12,generation,True,True,,2.2980785369873047,0.30832070112228394,-1.9897578358650208,2.2980785369873047,0.30832070112228394,-1.9897578358650208,False
graph_01,logistics_and_delivery_system,1,shuffled_full,shuffle_12,residual_norm,True,True,,0.004060274455696344,0.39618799090385437,0.392127716448158,0.004060274455696344,0.39618799090385437,0.392127716448158,False
graph_01,logistics_and_delivery_system,1,shuffled_full,shuffle_12,residual_alignment,True,True,,0.04194360226392746,0.04971420764923096,0.007770605385303497,0.04194360226392746,0.04971420764923096,0.007770605385303497,False
graph_01,logistics_and_delivery_system,1,shuffled_full,shuffle_12,independence,True,True,,0.061685360968112946,0.05298534408211708,-0.008700016885995865,0.061685360968112946,0.05298534408211708,-0.008700016885995865,False
graph_01,logistics_and_delivery_system,1,shuffled_full,shuffle_12,bridge,True,True,,0.0,0.0,0.0,0.0,0.0,0.0,False
graph_01,logistics_and_delivery_system,1,shuffled_full,shuffle_12,norm,True,True,,0.0008432287140749395,0.0031154160387814045,0.002272187324706465,0.0008432287140749395,0.0031154160387814045,0.002272187324706465,False
graph_01,logistics_and_delivery_system,1,shuffled_full,shuffle_13,generation,True,True,,2.782106399536133,0.37059223651885986,-2.411514163017273,2.782106399536133,0.37059223651885986,-2.411514163017273,False
graph_01,logistics_and_delivery_system,1,shuffled_full,shuffle_13,residual_norm,True,True,,0.004054154735058546,0.48942890763282776,0.4853747528977692,0.004054154735058546,0.48942890763282776,0.4853747528977692,False
graph_01,logistics_and_delivery_system,1,shuffled_full,shuffle_13,residual_alignment,True,True,,0.05445059761404991,0.08768793940544128,0.03323734179139137,0.05445059761404991,0.08768793940544128,0.03323734179139137,False
graph_01,logistics_and_delivery_system,1,shuffled_full,shuffle_13,independence,True,True,,0.06149186193943024,0.05501381307840347,-0.006478048861026764,0.06149186193943024,0.05501381307840347,-0.006478048861026764,False
graph_01,logistics_and_delivery_system,1,shuffled_full,shuffle_13,bridge,True,True,,0.0,0.0,0.0,0.0,0.0,0.0,False
graph_01,logistics_and_delivery_system,1,shuffled_full,shuffle_13,norm,True,True,,0.000824173737782985,0.010832855477929115,0.01000868174014613,0.000824173737782985,0.010832855477929115,0.01000868174014613,False
graph_01,logistics_and_delivery_system,1,shuffled_full,shuffle_14,generation,True,True,,2.395623207092285,0.3161298632621765,-2.0794933438301086,2.395623207092285,0.3161298632621765,-2.0794933438301086,False
graph_01,logistics_and_delivery_system,1,shuffled_full,shuffle_14,residual_norm,True,True,,0.004025869537144899,0.4333672523498535,0.4293413828127086,0.004025869537144899,0.4333672523498535,0.4293413828127086,False
graph_01,logistics_and_delivery_system,1,shuffled_full,shuffle_14,residual_alignment,True,True,,0.038259997963905334,0.07524791359901428,0.03698791563510895,0.038259997963905334,0.07524791359901428,0.03698791563510895,False
graph_01,logistics_and_delivery_system,1,shuffled_full,shuffle_14,independence,True,True,,0.06349433958530426,0.05751877278089523,-0.005975566804409027,0.06349433958530426,0.05751877278089523,-0.005975566804409027,False
graph_01,logistics_and_delivery_system,1,shuffled_full,shuffle_14,bridge,True,True,,0.0,0.0,0.0,0.0,0.0,0.0,False
graph_01,logistics_and_delivery_system,1,shuffled_full,shuffle_14,norm,True,True,,0.0008489829488098621,0.027194667607545853,0.02634568465873599,0.0008489829488098621,0.027194667607545853,0.02634568465873599,False
graph_01,logistics_and_delivery_system,1,shuffled_full,shuffle_15,generation,True,True,,3.0111494064331055,0.3450284004211426,-2.666121006011963,3.0111494064331055,0.3450284004211426,-2.666121006011963,False
graph_01,logistics_and_delivery_system,1,shuffled_full,shuffle_15,residual_norm,True,True,,0.004034814890474081,0.45696115493774414,0.45292634004727006,0.004034814890474081,0.45696115493774414,0.45292634004727006,False
graph_01,logistics_and_delivery_system,1,shuffled_full,shuffle_15,residual_alignment,True,True,,0.0504852756857872,0.05815807357430458,0.00767279788851738,0.0504852756857872,0.05815807357430458,0.00767279788851738,False
graph_01,logistics_and_delivery_system,1,shuffled_full,shuffle_15,independence,True,True,,0.05918857827782631,0.06539186090230942,0.0062032826244831085,0.05918857827782631,0.06539186090230942,0.0062032826244831085,False
graph_01,logistics_and_delivery_system,1,shuffled_full,shuffle_15,bridge,True,True,,0.0,0.0,0.0,0.0,0.0,0.0,False
graph_01,logistics_and_delivery_system,1,shuffled_full,shuffle_15,norm,True,True,,0.0008735816809348762,0.05917735770344734,0.058303776022512466,0.0008735816809348762,0.05917735770344734,0.058303776022512466,False
graph_01,logistics_and_delivery_system,1,shuffled_full,shuffle_16,generation,True,True,,2.531315565109253,0.3573380708694458,-2.173977494239807,2.531315565109253,0.3573380708694458,-2.173977494239807,False
graph_01,logistics_and_delivery_system,1,shuffled_full,shuffle_16,residual_norm,True,True,,0.004025299102067947,0.4928593933582306,0.48883409425616264,0.004025299102067947,0.4928593933582306,0.48883409425616264,False
graph_01,logistics_and_delivery_system,1,shuffled_full,shuffle_16,residual_alignment,True,True,,0.05415917932987213,0.0692509114742279,0.015091732144355774,0.05415917932987213,0.0692509114742279,0.015091732144355774,False
graph_01,logistics_and_delivery_system,1,shuffled_full,shuffle_16,independence,True,True,,0.06805572658777237,0.06872257590293884,0.0006668493151664734,0.06805572658777237,0.06872257590293884,0.0006668493151664734,False
graph_01,logistics_and_delivery_system,1,shuffled_full,shuffle_16,bridge,True,True,,0.0,0.0,0.0,0.0,0.0,0.0,False
graph_01,logistics_and_delivery_system,1,shuffled_full,shuffle_16,norm,True,True,,0.0008217797731049359,0.0032025992404669523,0.0023808194673620164,0.0008217797731049359,0.0032025992404669523,0.0023808194673620164,False
graph_01,logistics_and_delivery_system,1,shuffled_full,shuffle_17,generation,True,True,,2.9722976684570312,0.4431174397468567,-2.5291802287101746,2.9722976684570312,0.4431174397468567,-2.5291802287101746,False
graph_01,logistics_and_delivery_system,1,shuffled_full,shuffle_17,residual_norm,True,True,,0.004005462862551212,0.5876975655555725,0.5836921026930213,0.004005462862551212,0.5876975655555725,0.5836921026930213,False
graph_01,logistics_and_delivery_system,1,shuffled_full,shuffle_17,residual_alignment,True,True,,0.03736191615462303,0.10965193063020706,0.07229001447558403,0.03736191615462303,0.10965193063020706,0.07229001447558403,False
graph_01,logistics_and_delivery_system,1,shuffled_full,shuffle_17,independence,True,True,,0.06512728333473206,0.05306658521294594,-0.012060698121786118,0.06512728333473206,0.05306658521294594,-0.012060698121786118,False
graph_01,logistics_and_delivery_system,1,shuffled_full,shuffle_17,bridge,True,True,,0.0,0.0,0.0,0.0,0.0,0.0,False
graph_01,logistics_and_delivery_system,1,shuffled_full,shuffle_17,norm,True,True,,0.0009289128938689828,0.020564382895827293,0.01963547000195831,0.0009289128938689828,0.020564382895827293,0.01963547000195831,False
graph_01,logistics_and_delivery_system,1,shuffled_full,shuffle_18,generation,True,True,,2.470709800720215,0.3047434985637665,-2.1659663021564484,2.470709800720215,0.3047434985637665,-2.1659663021564484,False
graph_01,logistics_and_delivery_system,1,shuffled_full,shuffle_18,residual_norm,True,True,,0.004053894430398941,0.42783212661743164,0.4237782321870327,0.004053894430398941,0.42783212661743164,0.4237782321870327,False
graph_01,logistics_and_delivery_system,1,shuffled_full,shuffle_18,residual_alignment,True,True,,0.04148168861865997,0.04578551650047302,0.004303827881813049,0.04148168861865997,0.04578551650047302,0.004303827881813049,False
graph_01,logistics_and_delivery_system,1,shuffled_full,shuffle_18,independence,True,True,,0.060180988162755966,0.05778857693076134,-0.002392411231994629,0.060180988162755966,0.05778857693076134,-0.002392411231994629,False
graph_01,logistics_and_delivery_system,1,shuffled_full,shuffle_18,bridge,True,True,,0.0,0.0,0.0,0.0,0.0,0.0,False
graph_01,logistics_and_delivery_system,1,shuffled_full,shuffle_18,norm,True,True,,0.000849186151754111,0.027933752164244652,0.02708456601249054,0.000849186151754111,0.027933752164244652,0.02708456601249054,False
graph_01,logistics_and_delivery_system,1,shuffled_full,shuffle_19,generation,True,True,,2.8742852210998535,0.4304600954055786,-2.443825125694275,2.8742852210998535,0.4304600954055786,-2.443825125694275,False
graph_01,logistics_and_delivery_system,1,shuffled_full,shuffle_19,residual_norm,True,True,,0.0040129972621798515,0.5707973837852478,0.566784386523068,0.0040129972621798515,0.5707973837852478,0.566784386523068,False
graph_01,logistics_and_delivery_system,1,shuffled_full,shuffle_19,residual_alignment,True,True,,0.05663223937153816,0.09486310929059982,0.03823086991906166,0.05663223937153816,0.09486310929059982,0.03823086991906166,False
graph_01,logistics_and_delivery_system,1,shuffled_full,shuffle_19,independence,True,True,,0.058105144649744034,0.04784977063536644,-0.010255374014377594,0.058105144649744034,0.04784977063536644,-0.010255374014377594,False
graph_01,logistics_and_delivery_system,1,shuffled_full,shuffle_19,bridge,True,True,,0.0,1.1974670997005887e-05,1.1974670997005887e-05,0.0,1.1974670997005887e-05,1.1974670997005887e-05,False
graph_01,logistics_and_delivery_system,1,shuffled_full,shuffle_19,norm,True,True,,0.0008527260506525636,0.006710731890052557,0.005858005839399993,0.0008527260506525636,0.006710731890052557,0.005858005839399993,False
graph_01,logistics_and_delivery_system,1,raw_correlation,,generation,False,False,not_applicable_closed_form_baseline,,,,,,,False
graph_01,logistics_and_delivery_system,1,raw_correlation,,residual_norm,False,False,not_applicable_closed_form_baseline,,,,,,,False
graph_01,logistics_and_delivery_system,1,raw_correlation,,residual_alignment,False,False,not_applicable_closed_form_baseline,,,,,,,False
graph_01,logistics_and_delivery_system,1,raw_correlation,,independence,False,False,not_applicable_closed_form_baseline,,,,,,,False
graph_01,logistics_and_delivery_system,1,raw_correlation,,bridge,False,False,not_applicable_closed_form_baseline,,,,,,,False
graph_01,logistics_and_delivery_system,1,raw_correlation,,norm,False,False,not_applicable_closed_form_baseline,,,,,,,False
graph_01,logistics_and_delivery_system,1,uniform,,generation,False,False,not_applicable_closed_form_baseline,,,,,,,False
graph_01,logistics_and_delivery_system,1,uniform,,residual_norm,False,False,not_applicable_closed_form_baseline,,,,,,,False
graph_01,logistics_and_delivery_system,1,uniform,,residual_alignment,False,False,not_applicable_closed_form_baseline,,,,,,,False
graph_01,logistics_and_delivery_system,1,uniform,,independence,False,False,not_applicable_closed_form_baseline,,,,,,,False
graph_01,logistics_and_delivery_system,1,uniform,,bridge,False,False,not_applicable_closed_form_baseline,,,,,,,False
graph_01,logistics_and_delivery_system,1,uniform,,norm,False,False,not_applicable_closed_form_baseline,,,,,,,False
graph_01,logistics_and_delivery_system,2,full_oracle,,generation,True,True,,1.2979401350021362,0.23484806716442108,-1.0630920678377151,1.2979401350021362,0.23484806716442108,-1.0630920678377151,False
graph_01,logistics_and_delivery_system,2,full_oracle,,residual_norm,True,True,,0.004141428507864475,0.31139132380485535,0.30724989529699087,0.004141428507864475,0.31139132380485535,0.30724989529699087,False
graph_01,logistics_and_delivery_system,2,full_oracle,,residual_alignment,True,True,,0.0017417081398889422,0.03053903765976429,0.028797329519875348,0.0017417081398889422,0.03053903765976429,0.028797329519875348,False
graph_01,logistics_and_delivery_system,2,full_oracle,,independence,True,True,,0.05607021972537041,0.0537387989461422,-0.0023314207792282104,0.05607021972537041,0.0537387989461422,-0.0023314207792282104,False
graph_01,logistics_and_delivery_system,2,full_oracle,,bridge,True,True,,0.0,0.0,0.0,0.0,0.0,0.0,False
graph_01,logistics_and_delivery_system,2,full_oracle,,norm,True,True,,0.0005607453058473766,0.0004733585228677839,-8.738678297959268e-05,0.0005607453058473766,0.0004733585228677839,-8.738678297959268e-05,False
graph_01,logistics_and_delivery_system,2,generation_only_oracle,,generation,True,True,,1.2979401350021362,0.002576584694907069,-1.2953635503072292,1.2979401350021362,0.002576584694907069,-1.2953635503072292,False
graph_01,logistics_and_delivery_system,2,generation_only_oracle,,residual_norm,False,True,,0.004141428507864475,1.070605993270874,1.0664645647630095,0.0,0.0,0.0,False
graph_01,logistics_and_delivery_system,2,generation_only_oracle,,residual_alignment,False,True,,0.0017417081398889422,0.04264596849679947,0.04090426035691053,0.0,0.0,0.0,False
graph_01,logistics_and_delivery_system,2,generation_only_oracle,,independence,False,True,,0.05607021972537041,0.05329924076795578,-0.002770978957414627,0.0,0.0,0.0,False
graph_01,logistics_and_delivery_system,2,generation_only_oracle,,bridge,False,True,,0.0,0.0,0.0,0.0,0.0,0.0,False
graph_01,logistics_and_delivery_system,2,generation_only_oracle,,norm,False,True,,0.0005607453058473766,0.0005117470282129943,-4.899827763438225e-05,0.0,0.0,0.0,False
graph_01,logistics_and_delivery_system,2,oracle_without_generation,,generation,False,True,,1.2979401350021362,3.71671462059021,2.4187744855880737,0.0,0.0,0.0,False
graph_01,logistics_and_delivery_system,2,oracle_without_generation,,residual_norm,True,True,,0.004141428507864475,0.04509609937667847,0.04095467086881399,0.004141428507864475,0.04509609937667847,0.04095467086881399,False
graph_01,logistics_and_delivery_system,2,oracle_without_generation,,residual_alignment,True,True,,0.0017417081398889422,0.03431928902864456,0.03257758088875562,0.0017417081398889422,0.03431928902864456,0.03257758088875562,False
graph_01,logistics_and_delivery_system,2,oracle_without_generation,,independence,True,True,,0.05607021972537041,0.03597346320748329,-0.020096756517887115,0.05607021972537041,0.03597346320748329,-0.020096756517887115,False
graph_01,logistics_and_delivery_system,2,oracle_without_generation,,bridge,True,True,,0.0,1.591421096236445e-05,1.591421096236445e-05,0.0,1.591421096236445e-05,1.591421096236445e-05,False
graph_01,logistics_and_delivery_system,2,oracle_without_generation,,norm,True,True,,0.0005607453058473766,3.068930254812585e-06,-0.000557676375592564,0.0005607453058473766,3.068930254812585e-06,-0.000557676375592564,False
graph_01,logistics_and_delivery_system,2,residual_only_oracle,,generation,False,True,,1.2979401350021362,1.3499181270599365,0.05197799205780029,0.0,0.0,0.0,False
graph_01,logistics_and_delivery_system,2,residual_only_oracle,,residual_norm,True,True,,0.004141428507864475,0.04509609937667847,0.04095467086881399,0.004141428507864475,0.04509609937667847,0.04095467086881399,False
graph_01,logistics_and_delivery_system,2,residual_only_oracle,,residual_alignment,True,True,,0.0017417081398889422,0.03431928902864456,0.03257758088875562,0.0017417081398889422,0.03431928902864456,0.03257758088875562,False
graph_01,logistics_and_delivery_system,2,residual_only_oracle,,independence,False,True,,0.05607021972537041,0.05607021972537041,0.0,0.0,0.0,0.0,False
graph_01,logistics_and_delivery_system,2,residual_only_oracle,,bridge,False,True,,0.0,0.0,0.0,0.0,0.0,0.0,False
graph_01,logistics_and_delivery_system,2,residual_only_oracle,,norm,False,True,,0.0005607453058473766,0.0005607453058473766,0.0,0.0,0.0,0.0,False
graph_01,logistics_and_delivery_system,2,independence_only_oracle,,generation,False,True,,1.2979401350021362,43.73774337768555,42.43980324268341,0.0,0.0,0.0,False
graph_01,logistics_and_delivery_system,2,independence_only_oracle,,residual_norm,False,True,,0.004141428507864475,0.004141428507864475,0.0,0.0,0.0,0.0,False
graph_01,logistics_and_delivery_system,2,independence_only_oracle,,residual_alignment,False,True,,0.0017417081398889422,0.0017417081398889422,0.0,0.0,0.0,0.0,False
graph_01,logistics_and_delivery_system,2,independence_only_oracle,,independence,True,True,,0.05607021972537041,0.03601502627134323,-0.020055193454027176,0.05607021972537041,0.03601502627134323,-0.020055193454027176,False
graph_01,logistics_and_delivery_system,2,independence_only_oracle,,bridge,True,True,,0.0,4.387279841466807e-05,4.387279841466807e-05,0.0,4.387279841466807e-05,4.387279841466807e-05,False
graph_01,logistics_and_delivery_system,2,independence_only_oracle,,norm,False,True,,0.0005607453058473766,0.46155673265457153,0.46099598734872416,0.0,0.0,0.0,False
graph_01,logistics_and_delivery_system,2,symmetrized_oracle,,generation,True,True,,8.025896072387695,0.8556720614433289,-7.1702240109443665,8.025896072387695,0.8556720614433289,-7.1702240109443665,False
graph_01,logistics_and_delivery_system,2,symmetrized_oracle,,residual_norm,True,True,,0.004112858325242996,1.5685675144195557,1.5644546560943127,0.004112858325242996,1.5685675144195557,1.5644546560943127,False
graph_01,logistics_and_delivery_system,2,symmetrized_oracle,,residual_alignment,True,True,,0.017403706908226013,0.2736177444458008,0.25621403753757477,0.017403706908226013,0.2736177444458008,0.25621403753757477,False
graph_01,logistics_and_delivery_system,2,symmetrized_oracle,,independence,True,True,,0.0,0.0,0.0,0.0,0.0,0.0,False
graph_01,logistics_and_delivery_system,2,symmetrized_oracle,,bridge,True,True,,0.0,0.0,0.0,0.0,0.0,0.0,False
graph_01,logistics_and_delivery_system,2,symmetrized_oracle,,norm,True,True,,0.0005445265560410917,0.002915353514254093,0.0023708269582130015,0.0005445265560410917,0.002915353514254093,0.0023708269582130015,False
graph_01,logistics_and_delivery_system,2,markov_blanket_oracle,,generation,True,True,,12.816706657409668,1.223065972328186,-11.593640685081482,12.816706657409668,1.223065972328186,-11.593640685081482,False
graph_01,logistics_and_delivery_system,2,markov_blanket_oracle,,residual_norm,True,True,,0.004106477834284306,2.3584277629852295,2.354321285150945,0.004106477834284306,2.3584277629852295,2.354321285150945,False
graph_01,logistics_and_delivery_system,2,markov_blanket_oracle,,residual_alignment,True,True,,0.034537073224782944,0.35361865162849426,0.3190815784037113,0.034537073224782944,0.35361865162849426,0.3190815784037113,False
graph_01,logistics_and_delivery_system,2,markov_blanket_oracle,,independence,True,True,,0.0,0.0,0.0,0.0,0.0,0.0,False
graph_01,logistics_and_delivery_system,2,markov_blanket_oracle,,bridge,True,True,,0.0,0.0,0.0,0.0,0.0,0.0,False
graph_01,logistics_and_delivery_system,2,markov_blanket_oracle,,norm,True,True,,0.0005427380674518645,0.0070608737878501415,0.006518135720398277,0.0005427380674518645,0.0070608737878501415,0.006518135720398277,False
graph_01,logistics_and_delivery_system,2,same_module_graph,,generation,True,True,,9.637038230895996,0.958920955657959,-8.678117275238037,9.637038230895996,0.958920955657959,-8.678117275238037,False
graph_01,logistics_and_delivery_system,2,same_module_graph,,residual_norm,True,True,,0.004107431974261999,1.8154900074005127,1.8113825754262507,0.004107431974261999,1.8154900074005127,1.8113825754262507,False
graph_01,logistics_and_delivery_system,2,same_module_graph,,residual_alignment,True,True,,0.038825612515211105,0.26899632811546326,0.23017071560025215,0.038825612515211105,0.26899632811546326,0.23017071560025215,False
graph_01,logistics_and_delivery_system,2,same_module_graph,,independence,True,True,,0.05459600314497948,0.05096016824245453,-0.003635834902524948,0.05459600314497948,0.05096016824245453,-0.003635834902524948,False
graph_01,logistics_and_delivery_system,2,same_module_graph,,bridge,True,True,,0.0,0.0,0.0,0.0,0.0,0.0,False
graph_01,logistics_and_delivery_system,2,same_module_graph,,norm,True,True,,0.0005460255779325962,0.010248667560517788,0.009702641982585192,0.0005460255779325962,0.010248667560517788,0.009702641982585192,False
graph_01,logistics_and_delivery_system,2,reversed_full,,generation,True,True,,2.468799114227295,0.217253640294075,-2.25154547393322,2.468799114227295,0.217253640294075,-2.25154547393322,False
graph_01,logistics_and_delivery_system,2,reversed_full,,residual_norm,True,True,,0.004061568062752485,0.39287257194519043,0.38881100388243794,0.004061568062752485,0.39287257194519043,0.38881100388243794,False
graph_01,logistics_and_delivery_system,2,reversed_full,,residual_alignment,True,True,,0.01755005307495594,0.06950265169143677,0.05195259861648083,0.01755005307495594,0.06950265169143677,0.05195259861648083,False
graph_01,logistics_and_delivery_system,2,reversed_full,,independence,True,True,,0.0,0.0,0.0,0.0,0.0,0.0,False
graph_01,logistics_and_delivery_system,2,reversed_full,,bridge,True,True,,0.0,0.0,0.0,0.0,0.0,0.0,False
graph_01,logistics_and_delivery_system,2,reversed_full,,norm,True,True,,0.0005590973887592554,0.001798467361368239,0.0012393699726089835,0.0005590973887592554,0.001798467361368239,0.0012393699726089835,False
graph_01,logistics_and_delivery_system,2,shuffled_full,shuffle_00,generation,True,True,,2.7955775260925293,0.36175239086151123,-2.433825135231018,2.7955775260925293,0.36175239086151123,-2.433825135231018,False
graph_01,logistics_and_delivery_system,2,shuffled_full,shuffle_00,residual_norm,True,True,,0.0040766289457678795,0.5001104474067688,0.4960338184610009,0.0040766289457678795,0.5001104474067688,0.4960338184610009,False
graph_01,logistics_and_delivery_system,2,shuffled_full,shuffle_00,residual_alignment,True,True,,0.05809921398758888,0.07268168032169342,0.014582466334104538,0.05809921398758888,0.07268168032169342,0.014582466334104538,False
graph_01,logistics_and_delivery_system,2,shuffled_full,shuffle_00,independence,True,True,,0.05904826149344444,0.04959569498896599,-0.009452566504478455,0.05904826149344444,0.04959569498896599,-0.009452566504478455,False
graph_01,logistics_and_delivery_system,2,shuffled_full,shuffle_00,bridge,True,True,,0.0,8.133968367474154e-05,8.133968367474154e-05,0.0,8.133968367474154e-05,8.133968367474154e-05,False
graph_01,logistics_and_delivery_system,2,shuffled_full,shuffle_00,norm,True,True,,0.0005537333781830966,0.02163134329020977,0.021077609912026674,0.0005537333781830966,0.02163134329020977,0.021077609912026674,False
graph_01,logistics_and_delivery_system,2,shuffled_full,shuffle_01,generation,True,True,,2.5461316108703613,0.3624923825263977,-2.1836392283439636,2.5461316108703613,0.3624923825263977,-2.1836392283439636,False
graph_01,logistics_and_delivery_system,2,shuffled_full,shuffle_01,residual_norm,True,True,,0.004097954835742712,0.47516483068466187,0.47106687584891915,0.004097954835742712,0.47516483068466187,0.47106687584891915,False
graph_01,logistics_and_delivery_system,2,shuffled_full,shuffle_01,residual_alignment,True,True,,0.046816810965538025,0.06365235894918442,0.016835547983646393,0.046816810965538025,0.06365235894918442,0.016835547983646393,False
graph_01,logistics_and_delivery_system,2,shuffled_full,shuffle_01,independence,True,True,,0.06800966709852219,0.05525241419672966,-0.012757252901792526,0.06800966709852219,0.05525241419672966,-0.012757252901792526,False
graph_01,logistics_and_delivery_system,2,shuffled_full,shuffle_01,bridge,True,True,,0.0,0.0,0.0,0.0,0.0,0.0,False
graph_01,logistics_and_delivery_system,2,shuffled_full,shuffle_01,norm,True,True,,0.0006034129182808101,0.016423799097537994,0.015820386179257184,0.0006034129182808101,0.016423799097537994,0.015820386179257184,False
graph_01,logistics_and_delivery_system,2,shuffled_full,shuffle_02,generation,True,True,,2.8302576541900635,0.4068444073200226,-2.423413246870041,2.8302576541900635,0.4068444073200226,-2.423413246870041,False
graph_01,logistics_and_delivery_system,2,shuffled_full,shuffle_02,residual_norm,True,True,,0.004086553584784269,0.5089641809463501,0.5048776273615658,0.004086553584784269,0.5089641809463501,0.5048776273615658,False
graph_01,logistics_and_delivery_system,2,shuffled_full,shuffle_02,residual_alignment,True,True,,0.042885344475507736,0.11560568958520889,0.07272034510970116,0.042885344475507736,0.11560568958520889,0.07272034510970116,False
graph_01,logistics_and_delivery_system,2,shuffled_full,shuffle_02,independence,True,True,,0.05850008502602577,0.05277414992451668,-0.005725935101509094,0.05850008502602577,0.05277414992451668,-0.005725935101509094,False
graph_01,logistics_and_delivery_system,2,shuffled_full,shuffle_02,bridge,True,True,,0.0,0.0,0.0,0.0,0.0,0.0,False
graph_01,logistics_and_delivery_system,2,shuffled_full,shuffle_02,norm,True,True,,0.0006186726968735456,0.033238451927900314,0.03261977923102677,0.0006186726968735456,0.033238451927900314,0.03261977923102677,False
graph_01,logistics_and_delivery_system,2,shuffled_full,shuffle_03,generation,True,True,,2.915224313735962,0.3403340280056,-2.574890285730362,2.915224313735962,0.3403340280056,-2.574890285730362,False
graph_01,logistics_and_delivery_system,2,shuffled_full,shuffle_03,residual_norm,True,True,,0.004085033666342497,0.46581265330314636,0.46172761963680387,0.004085033666342497,0.46581265330314636,0.46172761963680387,False
graph_01,logistics_and_delivery_system,2,shuffled_full,shuffle_03,residual_alignment,True,True,,0.05179363861680031,0.06457255780696869,0.01277891919016838,0.05179363861680031,0.06457255780696869,0.01277891919016838,False
graph_01,logistics_and_delivery_system,2,shuffled_full,shuffle_03,independence,True,True,,0.06657718867063522,0.06630674004554749,-0.00027044862508773804,0.06657718867063522,0.06630674004554749,-0.00027044862508773804,False
graph_01,logistics_and_delivery_system,2,shuffled_full,shuffle_03,bridge,True,True,,0.0,0.0,0.0,0.0,0.0,0.0,False
graph_01,logistics_and_delivery_system,2,shuffled_full,shuffle_03,norm,True,True,,0.0005581194418482482,0.010065977461636066,0.009507858019787818,0.0005581194418482482,0.010065977461636066,0.009507858019787818,False
graph_01,logistics_and_delivery_system,2,shuffled_full,shuffle_04,generation,True,True,,2.514559268951416,0.38695764541625977,-2.1276016235351562,2.514559268951416,0.38695764541625977,-2.1276016235351562,False
graph_01,logistics_and_delivery_system,2,shuffled_full,shuffle_04,residual_norm,True,True,,0.004103448241949081,0.5014186501502991,0.49731520190835,0.004103448241949081,0.5014186501502991,0.49731520190835,False
graph_01,logistics_and_delivery_system,2,shuffled_full,shuffle_04,residual_alignment,True,True,,0.040732648223638535,0.08368747681379318,0.04295482859015465,0.040732648223638535,0.08368747681379318,0.04295482859015465,False
graph_01,logistics_and_delivery_system,2,shuffled_full,shuffle_04,independence,True,True,,0.0672631561756134,0.06202087923884392,-0.0052422769367694855,0.0672631561756134,0.06202087923884392,-0.0052422769367694855,False
graph_01,logistics_and_delivery_system,2,shuffled_full,shuffle_04,bridge,True,True,,0.0,0.0,0.0,0.0,0.0,0.0,False
graph_01,logistics_and_delivery_system,2,shuffled_full,shuffle_04,norm,True,True,,0.0005671781254932284,0.00318816932849586,0.0026209912030026317,0.0005671781254932284,0.00318816932849586,0.0026209912030026317,False
graph_01,logistics_and_delivery_system,2,shuffled_full,shuffle_05,generation,True,True,,3.518481969833374,0.508611798286438,-3.009870171546936,3.518481969833374,0.508611798286438,-3.009870171546936,False
graph_01,logistics_and_delivery_system,2,shuffled_full,shuffle_05,residual_norm,True,True,,0.004042974207550287,0.6923907399177551,0.6883477657102048,0.004042974207550287,0.6923907399177551,0.6883477657102048,False
graph_01,logistics_and_delivery_system,2,shuffled_full,shuffle_05,residual_alignment,True,True,,0.07923414558172226,0.12326813489198685,0.04403398931026459,0.07923414558172226,0.12326813489198685,0.04403398931026459,False
graph_01,logistics_and_delivery_system,2,shuffled_full,shuffle_05,independence,True,True,,0.0612734816968441,0.04982534423470497,-0.01144813746213913,0.0612734816968441,0.04982534423470497,-0.01144813746213913,False
graph_01,logistics_and_delivery_system,2,shuffled_full,shuffle_05,bridge,True,True,,0.0,3.3255742891924456e-05,3.3255742891924456e-05,0.0,3.3255742891924456e-05,3.3255742891924456e-05,False
graph_01,logistics_and_delivery_system,2,shuffled_full,shuffle_05,norm,True,True,,0.0005557287950068712,0.004287553485482931,0.00373182469047606,0.0005557287950068712,0.004287553485482931,0.00373182469047606,False
graph_01,logistics_and_delivery_system,2,shuffled_full,shuffle_06,generation,True,True,,3.1388776302337646,0.43026912212371826,-2.7086085081100464,3.1388776302337646,0.43026912212371826,-2.7086085081100464,False
graph_01,logistics_and_delivery_system,2,shuffled_full,shuffle_06,residual_norm,True,True,,0.004057553131133318,0.5979238152503967,0.5938662621192634,0.004057553131133318,0.5979238152503967,0.5938662621192634,False
graph_01,logistics_and_delivery_system,2,shuffled_full,shuffle_06,residual_alignment,True,True,,0.04485633224248886,0.10864656418561935,0.0637902319431305,0.04485633224248886,0.10864656418561935,0.0637902319431305,False
graph_01,logistics_and_delivery_system,2,shuffled_full,shuffle_06,independence,True,True,,0.06864701956510544,0.06371354311704636,-0.004933476448059082,0.06864701956510544,0.06371354311704636,-0.004933476448059082,False
graph_01,logistics_and_delivery_system,2,shuffled_full,shuffle_06,bridge,True,True,,0.0,0.0,0.0,0.0,0.0,0.0,False
graph_01,logistics_and_delivery_system,2,shuffled_full,shuffle_06,norm,True,True,,0.0005581830046139657,0.004449705593287945,0.003891522588673979,0.0005581830046139657,0.004449705593287945,0.003891522588673979,False
graph_01,logistics_and_delivery_system,2,shuffled_full,shuffle_07,generation,True,True,,2.4003701210021973,0.3149767518043518,-2.0853933691978455,2.4003701210021973,0.3149767518043518,-2.0853933691978455,False
graph_01,logistics_and_delivery_system,2,shuffled_full,shuffle_07,residual_norm,True,True,,0.004066423047333956,0.39152589440345764,0.3874594713561237,0.004066423047333956,0.39152589440345764,0.3874594713561237,False
graph_01,logistics_and_delivery_system,2,shuffled_full,shuffle_07,residual_alignment,True,True,,0.05087817832827568,0.05735773965716362,0.0064795613288879395,0.05087817832827568,0.05735773965716362,0.0064795613288879395,False
graph_01,logistics_and_delivery_system,2,shuffled_full,shuffle_07,independence,True,True,,0.061218854039907455,0.055926866829395294,-0.005291987210512161,0.061218854039907455,0.055926866829395294,-0.005291987210512161,False
graph_01,logistics_and_delivery_system,2,shuffled_full,shuffle_07,bridge,True,True,,0.0,0.0,0.0,0.0,0.0,0.0,False
graph_01,logistics_and_delivery_system,2,shuffled_full,shuffle_07,norm,True,True,,0.0005658117006532848,0.008564646355807781,0.007998834655154496,0.0005658117006532848,0.008564646355807781,0.007998834655154496,False
graph_01,logistics_and_delivery_system,2,shuffled_full,shuffle_08,generation,True,True,,2.70766544342041,0.3588975965976715,-2.3487678468227386,2.70766544342041,0.3588975965976715,-2.3487678468227386,False
graph_01,logistics_and_delivery_system,2,shuffled_full,shuffle_08,residual_norm,True,True,,0.0040221670642495155,0.482903391122818,0.4788812240585685,0.0040221670642495155,0.482903391122818,0.4788812240585685,False
graph_01,logistics_and_delivery_system,2,shuffled_full,shuffle_08,residual_alignment,True,True,,0.061859216541051865,0.05814802274107933,-0.003711193799972534,0.061859216541051865,0.05814802274107933,-0.003711193799972534,False
graph_01,logistics_and_delivery_system,2,shuffled_full,shuffle_08,independence,True,True,,0.06816156953573227,0.0475754477083683,-0.020586121827363968,0.06816156953573227,0.0475754477083683,-0.020586121827363968,False
graph_01,logistics_and_delivery_system,2,shuffled_full,shuffle_08,bridge,True,True,,0.0,1.8771537725115195e-05,1.8771537725115195e-05,0.0,1.8771537725115195e-05,1.8771537725115195e-05,False
graph_01,logistics_and_delivery_system,2,shuffled_full,shuffle_08,norm,True,True,,0.0005789185524918139,0.010109121911227703,0.00953020335873589,0.0005789185524918139,0.010109121911227703,0.00953020335873589,False
graph_01,logistics_and_delivery_system,2,shuffled_full,shuffle_09,generation,True,True,,3.280393362045288,0.4144710898399353,-2.865922272205353,3.280393362045288,0.4144710898399353,-2.865922272205353,False
graph_01,logistics_and_delivery_system,2,shuffled_full,shuffle_09,residual_norm,True,True,,0.004088336136192083,0.5734735131263733,0.5693851769901812,0.004088336136192083,0.5734735131263733,0.5693851769901812,False
graph_01,logistics_and_delivery_system,2,shuffled_full,shuffle_09,residual_alignment,True,True,,0.07343067228794098,0.0735594630241394,0.0001287907361984253,0.07343067228794098,0.0735594630241394,0.0001287907361984253,False
graph_01,logistics_and_delivery_system,2,shuffled_full,shuffle_09,independence,True,True,,0.06456050276756287,0.06393162906169891,-0.0006288737058639526,0.06456050276756287,0.06393162906169891,-0.0006288737058639526,False
graph_01,logistics_and_delivery_system,2,shuffled_full,shuffle_09,bridge,True,True,,0.0,0.0,0.0,0.0,0.0,0.0,False
graph_01,logistics_and_delivery_system,2,shuffled_full,shuffle_09,norm,True,True,,0.000559530162718147,0.01856989413499832,0.018010363972280174,0.000559530162718147,0.01856989413499832,0.018010363972280174,False
graph_01,logistics_and_delivery_system,2,shuffled_full,shuffle_10,generation,True,True,,2.8244411945343018,0.42813506722450256,-2.396306127309799,2.8244411945343018,0.42813506722450256,-2.396306127309799,False
graph_01,logistics_and_delivery_system,2,shuffled_full,shuffle_10,residual_norm,True,True,,0.004071506205946207,0.5982083082199097,0.5941368020139635,0.004071506205946207,0.5982083082199097,0.5941368020139635,False
graph_01,logistics_and_delivery_system,2,shuffled_full,shuffle_10,residual_alignment,True,True,,0.04477976635098457,0.08339496701955795,0.03861520066857338,0.04477976635098457,0.08339496701955795,0.03861520066857338,False
graph_01,logistics_and_delivery_system,2,shuffled_full,shuffle_10,independence,True,True,,0.05845958739519119,0.038225144147872925,-0.020234443247318268,0.05845958739519119,0.038225144147872925,-0.020234443247318268,False
graph_01,logistics_and_delivery_system,2,shuffled_full,shuffle_10,bridge,True,True,,0.0,6.281541573116556e-05,6.281541573116556e-05,0.0,6.281541573116556e-05,6.281541573116556e-05,False
graph_01,logistics_and_delivery_system,2,shuffled_full,shuffle_10,norm,True,True,,0.0005787034169770777,0.0082035968080163,0.0076248933910392225,0.0005787034169770777,0.0082035968080163,0.0076248933910392225,False
graph_01,logistics_and_delivery_system,2,shuffled_full,shuffle_11,generation,True,True,,3.265238046646118,0.4101938009262085,-2.8550442457199097,3.265238046646118,0.4101938009262085,-2.8550442457199097,False
graph_01,logistics_and_delivery_system,2,shuffled_full,shuffle_11,residual_norm,True,True,,0.00407186197116971,0.5947502851486206,0.5906784231774509,0.00407186197116971,0.5947502851486206,0.5906784231774509,False
graph_01,logistics_and_delivery_system,2,shuffled_full,shuffle_11,residual_alignment,True,True,,0.061792440712451935,0.09801007062196732,0.03621762990951538,0.061792440712451935,0.09801007062196732,0.03621762990951538,False
graph_01,logistics_and_delivery_system,2,shuffled_full,shuffle_11,independence,True,True,,0.06294416636228561,0.06574822962284088,0.0028040632605552673,0.06294416636228561,0.06574822962284088,0.0028040632605552673,False
graph_01,logistics_and_delivery_system,2,shuffled_full,shuffle_11,bridge,True,True,,0.0,0.0,0.0,0.0,0.0,0.0,False
graph_01,logistics_and_delivery_system,2,shuffled_full,shuffle_11,norm,True,True,,0.0005450958851724863,0.006401266437023878,0.005856170551851392,0.0005450958851724863,0.006401266437023878,0.005856170551851392,False
graph_01,logistics_and_delivery_system,2,shuffled_full,shuffle_12,generation,True,True,,2.1935696601867676,0.3238140344619751,-1.8697556257247925,2.1935696601867676,0.3238140344619751,-1.8697556257247925,False
graph_01,logistics_and_delivery_system,2,shuffled_full,shuffle_12,residual_norm,True,True,,0.004074119031429291,0.4292716085910797,0.4251974895596504,0.004074119031429291,0.4292716085910797,0.4251974895596504,False
graph_01,logistics_and_delivery_system,2,shuffled_full,shuffle_12,residual_alignment,True,True,,0.04092918708920479,0.056584104895591736,0.015654917806386948,0.04092918708920479,0.056584104895591736,0.015654917806386948,False
graph_01,logistics_and_delivery_system,2,shuffled_full,shuffle_12,independence,True,True,,0.06659809499979019,0.06589091569185257,-0.0007071793079376221,0.06659809499979019,0.06589091569185257,-0.0007071793079376221,False
graph_01,logistics_and_delivery_system,2,shuffled_full,shuffle_12,bridge,True,True,,0.0,0.0,0.0,0.0,0.0,0.0,False
graph_01,logistics_and_delivery_system,2,shuffled_full,shuffle_12,norm,True,True,,0.0005915858782827854,0.00049788155592978,-9.370432235300541e-05,0.0005915858782827854,0.00049788155592978,-9.370432235300541e-05,False
graph_01,logistics_and_delivery_system,2,shuffled_full,shuffle_13,generation,True,True,,2.6898279190063477,0.3890770375728607,-2.300750881433487,2.6898279190063477,0.3890770375728607,-2.300750881433487,False
graph_01,logistics_and_delivery_system,2,shuffled_full,shuffle_13,residual_norm,True,True,,0.004050807096064091,0.5094824433326721,0.505431636236608,0.004050807096064091,0.5094824433326721,0.505431636236608,False
graph_01,logistics_and_delivery_system,2,shuffled_full,shuffle_13,residual_alignment,True,True,,0.058398593217134476,0.07604499161243439,0.01764639839529991,0.058398593217134476,0.07604499161243439,0.01764639839529991,False
graph_01,logistics_and_delivery_system,2,shuffled_full,shuffle_13,independence,True,True,,0.06716655194759369,0.061316218227148056,-0.005850333720445633,0.06716655194759369,0.061316218227148056,-0.005850333720445633,False
graph_01,logistics_and_delivery_system,2,shuffled_full,shuffle_13,bridge,True,True,,0.0,0.0,0.0,0.0,0.0,0.0,False
graph_01,logistics_and_delivery_system,2,shuffled_full,shuffle_13,norm,True,True,,0.0005879191448912024,0.021375613287091255,0.020787694142200053,0.0005879191448912024,0.021375613287091255,0.020787694142200053,False
graph_01,logistics_and_delivery_system,2,shuffled_full,shuffle_14,generation,True,True,,2.2982468605041504,0.3116413652896881,-1.9866054952144623,2.2982468605041504,0.3116413652896881,-1.9866054952144623,False
graph_01,logistics_and_delivery_system,2,shuffled_full,shuffle_14,residual_norm,True,True,,0.004117226228117943,0.39620253443717957,0.3920853082090616,0.004117226228117943,0.39620253443717957,0.3920853082090616,False
graph_01,logistics_and_delivery_system,2,shuffled_full,shuffle_14,residual_alignment,True,True,,0.03948375582695007,0.06278777867555618,0.02330402284860611,0.03948375582695007,0.06278777867555618,0.02330402284860611,False
graph_01,logistics_and_delivery_system,2,shuffled_full,shuffle_14,independence,True,True,,0.05969877913594246,0.063838429749012,0.004139650613069534,0.05969877913594246,0.063838429749012,0.004139650613069534,False
graph_01,logistics_and_delivery_system,2,shuffled_full,shuffle_14,bridge,True,True,,0.0,0.0,0.0,0.0,0.0,0.0,False
graph_01,logistics_and_delivery_system,2,shuffled_full,shuffle_14,norm,True,True,,0.0005822780658490956,0.029598210006952286,0.02901593194110319,0.0005822780658490956,0.029598210006952286,0.02901593194110319,False
graph_01,logistics_and_delivery_system,2,shuffled_full,shuffle_15,generation,True,True,,2.955192804336548,0.4092845916748047,-2.545908212661743,2.955192804336548,0.4092845916748047,-2.545908212661743,False
graph_01,logistics_and_delivery_system,2,shuffled_full,shuffle_15,residual_norm,True,True,,0.004092003218829632,0.559054434299469,0.5549624310806394,0.004092003218829632,0.559054434299469,0.5549624310806394,False
graph_01,logistics_and_delivery_system,2,shuffled_full,shuffle_15,residual_alignment,True,True,,0.052225012332201004,0.08084255456924438,0.02861754223704338,0.052225012332201004,0.08084255456924438,0.02861754223704338,False
graph_01,logistics_and_delivery_system,2,shuffled_full,shuffle_15,independence,True,True,,0.06579364836215973,0.05664684250950813,-0.009146805852651596,0.06579364836215973,0.05664684250950813,-0.009146805852651596,False
graph_01,logistics_and_delivery_system,2,shuffled_full,shuffle_15,bridge,True,True,,0.0,3.7263867852743715e-05,3.7263867852743715e-05,0.0,3.7263867852743715e-05,3.7263867852743715e-05,False
graph_01,logistics_and_delivery_system,2,shuffled_full,shuffle_15,norm,True,True,,0.0005512602510862052,0.003637832822278142,0.0030865725711919367,0.0005512602510862052,0.003637832822278142,0.0030865725711919367,False
graph_01,logistics_and_delivery_system,2,shuffled_full,shuffle_16,generation,True,True,,2.4472451210021973,0.3565693199634552,-2.090675801038742,2.4472451210021973,0.3565693199634552,-2.090675801038742,False
graph_01,logistics_and_delivery_system,2,shuffled_full,shuffle_16,residual_norm,True,True,,0.004074659664183855,0.47365909814834595,0.4695844384841621,0.004074659664183855,0.47365909814834595,0.4695844384841621,False
graph_01,logistics_and_delivery_system,2,shuffled_full,shuffle_16,residual_alignment,True,True,,0.05664965882897377,0.072285495698452,0.015635836869478226,0.05664965882897377,0.072285495698452,0.015635836869478226,False
graph_01,logistics_and_delivery_system,2,shuffled_full,shuffle_16,independence,True,True,,0.06381744146347046,0.05755198374390602,-0.006265457719564438,0.06381744146347046,0.05755198374390602,-0.006265457719564438,False
graph_01,logistics_and_delivery_system,2,shuffled_full,shuffle_16,bridge,True,True,,0.0,0.0,0.0,0.0,0.0,0.0,False
graph_01,logistics_and_delivery_system,2,shuffled_full,shuffle_16,norm,True,True,,0.0006004839669913054,0.006176947150379419,0.005576463183388114,0.0006004839669913054,0.006176947150379419,0.005576463183388114,False
graph_01,logistics_and_delivery_system,2,shuffled_full,shuffle_17,generation,True,True,,3.0001869201660156,0.36194175481796265,-2.638245165348053,3.0001869201660156,0.36194175481796265,-2.638245165348053,False
graph_01,logistics_and_delivery_system,2,shuffled_full,shuffle_17,residual_norm,True,True,,0.004030067473649979,0.5285102725028992,0.5244802050292492,0.004030067473649979,0.5285102725028992,0.5244802050292492,False
graph_01,logistics_and_delivery_system,2,shuffled_full,shuffle_17,residual_alignment,True,True,,0.0383915938436985,0.07566401362419128,0.03727241978049278,0.0383915938436985,0.07566401362419128,0.03727241978049278,False
graph_01,logistics_and_delivery_system,2,shuffled_full,shuffle_17,independence,True,True,,0.06991318613290787,0.05798081308603287,-0.011932373046875,0.06991318613290787,0.05798081308603287,-0.011932373046875,False
graph_01,logistics_and_delivery_system,2,shuffled_full,shuffle_17,bridge,True,True,,0.0,0.0,0.0,0.0,0.0,0.0,False
graph_01,logistics_and_delivery_system,2,shuffled_full,shuffle_17,norm,True,True,,0.0005489913746714592,0.008480902761220932,0.007931911386549473,0.0005489913746714592,0.008480902761220932,0.007931911386549473,False
graph_01,logistics_and_delivery_system,2,shuffled_full,shuffle_18,generation,True,True,,2.480738639831543,0.3306734561920166,-2.1500651836395264,2.480738639831543,0.3306734561920166,-2.1500651836395264,False
graph_01,logistics_and_delivery_system,2,shuffled_full,shuffle_18,residual_norm,True,True,,0.004042443819344044,0.46574702858924866,0.4617045847699046,0.004042443819344044,0.46574702858924866,0.4617045847699046,False
graph_01,logistics_and_delivery_system,2,shuffled_full,shuffle_18,residual_alignment,True,True,,0.041667189449071884,0.05376816913485527,0.012100979685783386,0.041667189449071884,0.05376816913485527,0.012100979685783386,False
graph_01,logistics_and_delivery_system,2,shuffled_full,shuffle_18,independence,True,True,,0.06240087002515793,0.06175117567181587,-0.0006496943533420563,0.06240087002515793,0.06175117567181587,-0.0006496943533420563,False
graph_01,logistics_and_delivery_system,2,shuffled_full,shuffle_18,bridge,True,True,,0.0,0.0,0.0,0.0,0.0,0.0,False
graph_01,logistics_and_delivery_system,2,shuffled_full,shuffle_18,norm,True,True,,0.0005947991157881916,0.006155093666166067,0.005560294550377876,0.0005947991157881916,0.006155093666166067,0.005560294550377876,False
graph_01,logistics_and_delivery_system,2,shuffled_full,shuffle_19,generation,True,True,,2.950450897216797,0.4362570643424988,-2.514193832874298,2.950450897216797,0.4362570643424988,-2.514193832874298,False
graph_01,logistics_and_delivery_system,2,shuffled_full,shuffle_19,residual_norm,True,True,,0.004072085488587618,0.566275417804718,0.5622033323161304,0.004072085488587618,0.566275417804718,0.5622033323161304,False
graph_01,logistics_and_delivery_system,2,shuffled_full,shuffle_19,residual_alignment,True,True,,0.05825560539960861,0.09540394693613052,0.03714834153652191,0.05825560539960861,0.09540394693613052,0.03714834153652191,False
graph_01,logistics_and_delivery_system,2,shuffled_full,shuffle_19,independence,True,True,,0.06603260338306427,0.06537922471761703,-0.0006533786654472351,0.06603260338306427,0.06537922471761703,-0.0006533786654472351,False
graph_01,logistics_and_delivery_system,2,shuffled_full,shuffle_19,bridge,True,True,,0.0,0.0,0.0,0.0,0.0,0.0,False
graph_01,logistics_and_delivery_system,2,shuffled_full,shuffle_19,norm,True,True,,0.000558065774384886,0.022312818095088005,0.02175475232070312,0.000558065774384886,0.022312818095088005,0.02175475232070312,False
graph_01,logistics_and_delivery_system,2,raw_correlation,,generation,False,False,not_applicable_closed_form_baseline,,,,,,,False
graph_01,logistics_and_delivery_system,2,raw_correlation,,residual_norm,False,False,not_applicable_closed_form_baseline,,,,,,,False
graph_01,logistics_and_delivery_system,2,raw_correlation,,residual_alignment,False,False,not_applicable_closed_form_baseline,,,,,,,False
graph_01,logistics_and_delivery_system,2,raw_correlation,,independence,False,False,not_applicable_closed_form_baseline,,,,,,,False
graph_01,logistics_and_delivery_system,2,raw_correlation,,bridge,False,False,not_applicable_closed_form_baseline,,,,,,,False
graph_01,logistics_and_delivery_system,2,raw_correlation,,norm,False,False,not_applicable_closed_form_baseline,,,,,,,False
graph_01,logistics_and_delivery_system,2,uniform,,generation,False,False,not_applicable_closed_form_baseline,,,,,,,False
graph_01,logistics_and_delivery_system,2,uniform,,residual_norm,False,False,not_applicable_closed_form_baseline,,,,,,,False
graph_01,logistics_and_delivery_system,2,uniform,,residual_alignment,False,False,not_applicable_closed_form_baseline,,,,,,,False
graph_01,logistics_and_delivery_system,2,uniform,,independence,False,False,not_applicable_closed_form_baseline,,,,,,,False
graph_01,logistics_and_delivery_system,2,uniform,,bridge,False,False,not_applicable_closed_form_baseline,,,,,,,False
graph_01,logistics_and_delivery_system,2,uniform,,norm,False,False,not_applicable_closed_form_baseline,,,,,,,False
graph_01,logistics_and_delivery_system,3,full_oracle,,generation,True,True,,1.4002366065979004,0.253264844417572,-1.1469717621803284,1.4002366065979004,0.253264844417572,-1.1469717621803284,False
graph_01,logistics_and_delivery_system,3,full_oracle,,residual_norm,True,True,,0.0041346768848598,0.3382929265499115,0.3341582496650517,0.0041346768848598,0.3382929265499115,0.3341582496650517,False
graph_01,logistics_and_delivery_system,3,full_oracle,,residual_alignment,True,True,,0.0016084747621789575,0.031078260391950607,0.02946978562977165,0.0016084747621789575,0.031078260391950607,0.02946978562977165,False
graph_01,logistics_and_delivery_system,3,full_oracle,,independence,True,True,,0.05928420275449753,0.05667208880186081,-0.0026121139526367188,0.05928420275449753,0.05667208880186081,-0.0026121139526367188,False
graph_01,logistics_and_delivery_system,3,full_oracle,,bridge,True,True,,0.0,0.0,0.0,0.0,0.0,0.0,False
graph_01,logistics_and_delivery_system,3,full_oracle,,norm,True,True,,0.0004221889248583466,0.00030860654078423977,-0.00011358238407410681,0.0004221889248583466,0.00030860654078423977,-0.00011358238407410681,False
graph_01,logistics_and_delivery_system,3,generation_only_oracle,,generation,True,True,,1.4002366065979004,0.002676825737580657,-1.3975597808603197,1.4002366065979004,0.002676825737580657,-1.3975597808603197,False
graph_01,logistics_and_delivery_system,3,generation_only_oracle,,residual_norm,False,True,,0.0041346768848598,1.1293768882751465,1.1252422113902867,0.0,0.0,0.0,False
graph_01,logistics_and_delivery_system,3,generation_only_oracle,,residual_alignment,False,True,,0.0016084747621789575,0.04850749298930168,0.046899018227122724,0.0,0.0,0.0,False
graph_01,logistics_and_delivery_system,3,generation_only_oracle,,independence,False,True,,0.05928420275449753,0.057699624449014664,-0.0015845783054828644,0.0,0.0,0.0,False
graph_01,logistics_and_delivery_system,3,generation_only_oracle,,bridge,False,True,,0.0,0.0,0.0,0.0,0.0,0.0,False
graph_01,logistics_and_delivery_system,3,generation_only_oracle,,norm,False,True,,0.0004221889248583466,0.00039925106102600694,-2.2937863832339644e-05,0.0,0.0,0.0,False
graph_01,logistics_and_delivery_system,3,oracle_without_generation,,generation,False,True,,1.4002366065979004,3.081604480743408,1.6813678741455078,0.0,0.0,0.0,False
graph_01,logistics_and_delivery_system,3,oracle_without_generation,,residual_norm,True,True,,0.0041346768848598,0.050160281360149384,0.04602560447528958,0.0041346768848598,0.050160281360149384,0.04602560447528958,False
graph_01,logistics_and_delivery_system,3,oracle_without_generation,,residual_alignment,True,True,,0.0016084747621789575,0.10346727818250656,0.1018588034203276,0.0016084747621789575,0.10346727818250656,0.1018588034203276,False
graph_01,logistics_and_delivery_system,3,oracle_without_generation,,independence,True,True,,0.05928420275449753,0.04565586522221565,-0.013628337532281876,0.05928420275449753,0.04565586522221565,-0.013628337532281876,False
graph_01,logistics_and_delivery_system,3,oracle_without_generation,,bridge,True,True,,0.0,2.069475470989346e-07,2.069475470989346e-07,0.0,2.069475470989346e-07,2.069475470989346e-07,False
graph_01,logistics_and_delivery_system,3,oracle_without_generation,,norm,True,True,,0.0004221889248583466,2.170957259295392e-06,-0.0004200179675990512,0.0004221889248583466,2.170957259295392e-06,-0.0004200179675990512,False
graph_01,logistics_and_delivery_system,3,residual_only_oracle,,generation,False,True,,1.4002366065979004,1.4613898992538452,0.061153292655944824,0.0,0.0,0.0,False
graph_01,logistics_and_delivery_system,3,residual_only_oracle,,residual_norm,True,True,,0.0041346768848598,0.050160281360149384,0.04602560447528958,0.0041346768848598,0.050160281360149384,0.04602560447528958,False
graph_01,logistics_and_delivery_system,3,residual_only_oracle,,residual_alignment,True,True,,0.0016084747621789575,0.10346727818250656,0.1018588034203276,0.0016084747621789575,0.10346727818250656,0.1018588034203276,False
graph_01,logistics_and_delivery_system,3,residual_only_oracle,,independence,False,True,,0.05928420275449753,0.05928420275449753,0.0,0.0,0.0,0.0,False
graph_01,logistics_and_delivery_system,3,residual_only_oracle,,bridge,False,True,,0.0,0.0,0.0,0.0,0.0,0.0,False
graph_01,logistics_and_delivery_system,3,residual_only_oracle,,norm,False,True,,0.0004221889248583466,0.0004221889248583466,0.0,0.0,0.0,0.0,False
graph_01,logistics_and_delivery_system,3,independence_only_oracle,,generation,False,True,,1.4002366065979004,23.565256118774414,22.165019512176514,0.0,0.0,0.0,False
graph_01,logistics_and_delivery_system,3,independence_only_oracle,,residual_norm,False,True,,0.0041346768848598,0.0041346768848598,0.0,0.0,0.0,0.0,False
graph_01,logistics_and_delivery_system,3,independence_only_oracle,,residual_alignment,False,True,,0.0016084747621789575,0.0016084747621789575,0.0,0.0,0.0,0.0,False
graph_01,logistics_and_delivery_system,3,independence_only_oracle,,independence,True,True,,0.05928420275449753,0.045662425458431244,-0.013621777296066284,0.05928420275449753,0.045662425458431244,-0.013621777296066284,False
graph_01,logistics_and_delivery_system,3,independence_only_oracle,,bridge,True,True,,0.0,2.7720081561710685e-05,2.7720081561710685e-05,0.0,2.7720081561710685e-05,2.7720081561710685e-05,False
graph_01,logistics_and_delivery_system,3,independence_only_oracle,,norm,False,True,,0.0004221889248583466,0.31185436248779297,0.3114321735629346,0.0,0.0,0.0,False
graph_01,logistics_and_delivery_system,3,symmetrized_oracle,,generation,True,True,,7.654196262359619,0.8098580837249756,-6.8443381786346436,7.654196262359619,0.8098580837249756,-6.8443381786346436,False
graph_01,logistics_and_delivery_system,3,symmetrized_oracle,,residual_norm,True,True,,0.004089769907295704,1.511250376701355,1.5071606067940593,0.004089769907295704,1.511250376701355,1.5071606067940593,False
graph_01,logistics_and_delivery_system,3,symmetrized_oracle,,residual_alignment,True,True,,0.016407521441578865,0.28910747170448303,0.27269995026290417,0.016407521441578865,0.28910747170448303,0.27269995026290417,False
graph_01,logistics_and_delivery_system,3,symmetrized_oracle,,independence,True,True,,0.0,0.0,0.0,0.0,0.0,0.0,False
graph_01,logistics_and_delivery_system,3,symmetrized_oracle,,bridge,True,True,,0.0,0.0001671725622145459,0.0001671725622145459,0.0,0.0001671725622145459,0.0001671725622145459,False
graph_01,logistics_and_delivery_system,3,symmetrized_oracle,,norm,True,True,,0.0004150790337007493,0.005058132112026215,0.004643053078325465,0.0004150790337007493,0.005058132112026215,0.004643053078325465,False
graph_01,logistics_and_delivery_system,3,markov_blanket_oracle,,generation,True,True,,11.971587181091309,1.1082687377929688,-10.86331844329834,11.971587181091309,1.1082687377929688,-10.86331844329834,False
graph_01,logistics_and_delivery_system,3,markov_blanket_oracle,,residual_norm,True,True,,0.0040853796526789665,2.11735463142395,2.1132692517712712,0.0040853796526789665,2.11735463142395,2.1132692517712712,False
graph_01,logistics_and_delivery_system,3,markov_blanket_oracle,,residual_alignment,True,True,,0.03268546611070633,0.3323378562927246,0.2996523901820183,0.03268546611070633,0.3323378562927246,0.2996523901820183,False
graph_01,logistics_and_delivery_system,3,markov_blanket_oracle,,independence,True,True,,0.0,0.0,0.0,0.0,0.0,0.0,False
graph_01,logistics_and_delivery_system,3,markov_blanket_oracle,,bridge,True,True,,0.0,4.6809705963823944e-05,4.6809705963823944e-05,0.0,4.6809705963823944e-05,4.6809705963823944e-05,False
graph_01,logistics_and_delivery_system,3,markov_blanket_oracle,,norm,True,True,,0.00041582187986932695,0.007971343584358692,0.007555521704489365,0.00041582187986932695,0.007971343584358692,0.007555521704489365,False
graph_01,logistics_and_delivery_system,3,same_module_graph,,generation,True,True,,9.052274703979492,0.9150999784469604,-8.137174725532532,9.052274703979492,0.9150999784469604,-8.137174725532532,False
graph_01,logistics_and_delivery_system,3,same_module_graph,,residual_norm,True,True,,0.004082562867552042,1.7151777744293213,1.7110952115617692,0.004082562867552042,1.7151777744293213,1.7110952115617692,False
graph_01,logistics_and_delivery_system,3,same_module_graph,,residual_alignment,True,True,,0.03823469579219818,0.2729843854904175,0.2347496896982193,0.03823469579219818,0.2729843854904175,0.2347496896982193,False
graph_01,logistics_and_delivery_system,3,same_module_graph,,independence,True,True,,0.05579761788249016,0.05392582714557648,-0.001871790736913681,0.05579761788249016,0.05392582714557648,-0.001871790736913681,False
graph_01,logistics_and_delivery_system,3,same_module_graph,,bridge,True,True,,0.0,0.0,0.0,0.0,0.0,0.0,False
graph_01,logistics_and_delivery_system,3,same_module_graph,,norm,True,True,,0.000416796188801527,0.008396382443606853,0.007979586254805326,0.000416796188801527,0.008396382443606853,0.007979586254805326,False
graph_01,logistics_and_delivery_system,3,reversed_full,,generation,True,True,,2.1276967525482178,0.2214079201221466,-1.9062888324260712,2.1276967525482178,0.2214079201221466,-1.9062888324260712,False
graph_01,logistics_and_delivery_system,3,reversed_full,,residual_norm,True,True,,0.004034482408314943,0.4045937657356262,0.4005592833273113,0.004034482408314943,0.4045937657356262,0.4005592833273113,False
graph_01,logistics_and_delivery_system,3,reversed_full,,residual_alignment,True,True,,0.01754012517631054,0.061760444194078445,0.044220319017767906,0.01754012517631054,0.061760444194078445,0.044220319017767906,False
graph_01,logistics_and_delivery_system,3,reversed_full,,independence,True,True,,0.0,0.0,0.0,0.0,0.0,0.0,False
graph_01,logistics_and_delivery_system,3,reversed_full,,bridge,True,True,,0.0,0.0,0.0,0.0,0.0,0.0,False
graph_01,logistics_and_delivery_system,3,reversed_full,,norm,True,True,,0.0004229046462569386,0.0021720684599131346,0.001749163813656196,0.0004229046462569386,0.0021720684599131346,0.001749163813656196,False
graph_01,logistics_and_delivery_system,3,shuffled_full,shuffle_00,generation,True,True,,2.816967248916626,0.39893123507499695,-2.418036013841629,2.816967248916626,0.39893123507499695,-2.418036013841629,False
graph_01,logistics_and_delivery_system,3,shuffled_full,shuffle_00,residual_norm,True,True,,0.004039722494781017,0.5317478775978088,0.5277081551030278,0.004039722494781017,0.5317478775978088,0.5277081551030278,False
graph_01,logistics_and_delivery_system,3,shuffled_full,shuffle_00,residual_alignment,True,True,,0.059981994330883026,0.09892847388982773,0.0389464795589447,0.059981994330883026,0.09892847388982773,0.0389464795589447,False
graph_01,logistics_and_delivery_system,3,shuffled_full,shuffle_00,independence,True,True,,0.06493712961673737,0.059917740523815155,-0.005019389092922211,0.06493712961673737,0.059917740523815155,-0.005019389092922211,False
graph_01,logistics_and_delivery_system,3,shuffled_full,shuffle_00,bridge,True,True,,0.0,0.0,0.0,0.0,0.0,0.0,False
graph_01,logistics_and_delivery_system,3,shuffled_full,shuffle_00,norm,True,True,,0.00047122040996327996,0.005930332466959953,0.005459112056996673,0.00047122040996327996,0.005930332466959953,0.005459112056996673,False
graph_01,logistics_and_delivery_system,3,shuffled_full,shuffle_01,generation,True,True,,2.5462594032287598,0.3935624659061432,-2.1526969373226166,2.5462594032287598,0.3935624659061432,-2.1526969373226166,False
graph_01,logistics_and_delivery_system,3,shuffled_full,shuffle_01,residual_norm,True,True,,0.004074470140039921,0.513949453830719,0.5098749836906791,0.004074470140039921,0.513949453830719,0.5098749836906791,False
graph_01,logistics_and_delivery_system,3,shuffled_full,shuffle_01,residual_alignment,True,True,,0.04463069140911102,0.07180524617433548,0.027174554765224457,0.04463069140911102,0.07180524617433548,0.027174554765224457,False
graph_01,logistics_and_delivery_system,3,shuffled_full,shuffle_01,independence,True,True,,0.06442441046237946,0.0648910328745842,0.00046662241220474243,0.06442441046237946,0.0648910328745842,0.00046662241220474243,False
graph_01,logistics_and_delivery_system,3,shuffled_full,shuffle_01,bridge,True,True,,0.0,0.0,0.0,0.0,0.0,0.0,False
graph_01,logistics_and_delivery_system,3,shuffled_full,shuffle_01,norm,True,True,,0.00042134831892326474,0.003690483747050166,0.0032691354281269014,0.00042134831892326474,0.003690483747050166,0.0032691354281269014,False
graph_01,logistics_and_delivery_system,3,shuffled_full,shuffle_02,generation,True,True,,2.7350046634674072,0.3925386667251587,-2.3424659967422485,2.7350046634674072,0.3925386667251587,-2.3424659967422485,False
graph_01,logistics_and_delivery_system,3,shuffled_full,shuffle_02,residual_norm,True,True,,0.00407821498811245,0.5074850916862488,0.5034068766981363,0.00407821498811245,0.5074850916862488,0.5034068766981363,False
graph_01,logistics_and_delivery_system,3,shuffled_full,shuffle_02,residual_alignment,True,True,,0.04266729950904846,0.08212429285049438,0.03945699334144592,0.04266729950904846,0.08212429285049438,0.03945699334144592,False
graph_01,logistics_and_delivery_system,3,shuffled_full,shuffle_02,independence,True,True,,0.06426341086626053,0.06130753085017204,-0.0029558800160884857,0.06426341086626053,0.06130753085017204,-0.0029558800160884857,False
graph_01,logistics_and_delivery_system,3,shuffled_full,shuffle_02,bridge,True,True,,0.0,0.0,0.0,0.0,0.0,0.0,False
graph_01,logistics_and_delivery_system,3,shuffled_full,shuffle_02,norm,True,True,,0.00042376667261123657,0.00860574096441269,0.008181974291801453,0.00042376667261123657,0.00860574096441269,0.008181974291801453,False
graph_01,logistics_and_delivery_system,3,shuffled_full,shuffle_03,generation,True,True,,2.8236191272735596,0.46246808767318726,-2.3611510396003723,2.8236191272735596,0.46246808767318726,-2.3611510396003723,False
graph_01,logistics_and_delivery_system,3,shuffled_full,shuffle_03,residual_norm,True,True,,0.004051117226481438,0.5734695196151733,0.5694184023886919,0.004051117226481438,0.5734695196151733,0.5694184023886919,False
graph_01,logistics_and_delivery_system,3,shuffled_full,shuffle_03,residual_alignment,True,True,,0.051791876554489136,0.09954667091369629,0.04775479435920715,0.051791876554489136,0.09954667091369629,0.04775479435920715,False
graph_01,logistics_and_delivery_system,3,shuffled_full,shuffle_03,independence,True,True,,0.06365925073623657,0.05318262800574303,-0.010476622730493546,0.06365925073623657,0.05318262800574303,-0.010476622730493546,False
graph_01,logistics_and_delivery_system,3,shuffled_full,shuffle_03,bridge,True,True,,0.0,0.0,0.0,0.0,0.0,0.0,False
graph_01,logistics_and_delivery_system,3,shuffled_full,shuffle_03,norm,True,True,,0.0004513603635132313,0.004476419184356928,0.004025058820843697,0.0004513603635132313,0.004476419184356928,0.004025058820843697,False
graph_01,logistics_and_delivery_system,3,shuffled_full,shuffle_04,generation,True,True,,2.703847885131836,0.35643449425697327,-2.3474133908748627,2.703847885131836,0.35643449425697327,-2.3474133908748627,False
graph_01,logistics_and_delivery_system,3,shuffled_full,shuffle_04,residual_norm,True,True,,0.004047368187457323,0.4877404272556305,0.48369305906817317,0.004047368187457323,0.4877404272556305,0.48369305906817317,False
graph_01,logistics_and_delivery_system,3,shuffled_full,shuffle_04,residual_alignment,True,True,,0.04247662425041199,0.06361167877912521,0.021135054528713226,0.04247662425041199,0.06361167877912521,0.021135054528713226,False
graph_01,logistics_and_delivery_system,3,shuffled_full,shuffle_04,independence,True,True,,0.06295953691005707,0.05866316705942154,-0.0042963698506355286,0.06295953691005707,0.05866316705942154,-0.0042963698506355286,False
graph_01,logistics_and_delivery_system,3,shuffled_full,shuffle_04,bridge,True,True,,0.0,0.0,0.0,0.0,0.0,0.0,False
graph_01,logistics_and_delivery_system,3,shuffled_full,shuffle_04,norm,True,True,,0.00044923057430423796,0.02150537259876728,0.021056142024463043,0.00044923057430423796,0.02150537259876728,0.021056142024463043,False
graph_01,logistics_and_delivery_system,3,shuffled_full,shuffle_05,generation,True,True,,3.1950483322143555,0.4398709535598755,-2.75517737865448,3.1950483322143555,0.4398709535598755,-2.75517737865448,False
graph_01,logistics_and_delivery_system,3,shuffled_full,shuffle_05,residual_norm,True,True,,0.003989738877862692,0.5958184599876404,0.5918287211097777,0.003989738877862692,0.5958184599876404,0.5918287211097777,False
graph_01,logistics_and_delivery_system,3,shuffled_full,shuffle_05,residual_alignment,True,True,,0.0792878195643425,0.06945029646158218,-0.009837523102760315,0.0792878195643425,0.06945029646158218,-0.009837523102760315,False
graph_01,logistics_and_delivery_system,3,shuffled_full,shuffle_05,independence,True,True,,0.05997614189982414,0.04461522400379181,-0.015360917896032333,0.05997614189982414,0.04461522400379181,-0.015360917896032333,False
graph_01,logistics_and_delivery_system,3,shuffled_full,shuffle_05,bridge,True,True,,0.0,3.3547017665114254e-05,3.3547017665114254e-05,0.0,3.3547017665114254e-05,3.3547017665114254e-05,False
graph_01,logistics_and_delivery_system,3,shuffled_full,shuffle_05,norm,True,True,,0.000449510378530249,0.01971455290913582,0.01926504253060557,0.000449510378530249,0.01971455290913582,0.01926504253060557,False
graph_01,logistics_and_delivery_system,3,shuffled_full,shuffle_06,generation,True,True,,3.0570261478424072,0.4315536916255951,-2.625472456216812,3.0570261478424072,0.4315536916255951,-2.625472456216812,False
graph_01,logistics_and_delivery_system,3,shuffled_full,shuffle_06,residual_norm,True,True,,0.003995771054178476,0.5924059748649597,0.5884102038107812,0.003995771054178476,0.5924059748649597,0.5884102038107812,False
graph_01,logistics_and_delivery_system,3,shuffled_full,shuffle_06,residual_alignment,True,True,,0.049011822789907455,0.11372117698192596,0.06470935419201851,0.049011822789907455,0.11372117698192596,0.06470935419201851,False
graph_01,logistics_and_delivery_system,3,shuffled_full,shuffle_06,independence,True,True,,0.06644444167613983,0.045941561460494995,-0.020502880215644836,0.06644444167613983,0.045941561460494995,-0.020502880215644836,False
graph_01,logistics_and_delivery_system,3,shuffled_full,shuffle_06,bridge,True,True,,0.0,0.0,0.0,0.0,0.0,0.0,False
graph_01,logistics_and_delivery_system,3,shuffled_full,shuffle_06,norm,True,True,,0.0004715238173957914,0.008803782984614372,0.00833225916721858,0.0004715238173957914,0.008803782984614372,0.00833225916721858,False
graph_01,logistics_and_delivery_system,3,shuffled_full,shuffle_07,generation,True,True,,2.4438605308532715,0.3544730246067047,-2.0893875062465668,2.4438605308532715,0.3544730246067047,-2.0893875062465668,False
graph_01,logistics_and_delivery_system,3,shuffled_full,shuffle_07,residual_norm,True,True,,0.004058108199387789,0.49040383100509644,0.48634572280570865,0.004058108199387789,0.49040383100509644,0.48634572280570865,False
graph_01,logistics_and_delivery_system,3,shuffled_full,shuffle_07,residual_alignment,True,True,,0.053173210471868515,0.06423956900835037,0.011066358536481857,0.053173210471868515,0.06423956900835037,0.011066358536481857,False
graph_01,logistics_and_delivery_system,3,shuffled_full,shuffle_07,independence,True,True,,0.06500246375799179,0.06187452748417854,-0.0031279362738132477,0.06500246375799179,0.06187452748417854,-0.0031279362738132477,False
graph_01,logistics_and_delivery_system,3,shuffled_full,shuffle_07,bridge,True,True,,0.0,0.0,0.0,0.0,0.0,0.0,False
graph_01,logistics_and_delivery_system,3,shuffled_full,shuffle_07,norm,True,True,,0.00044909724965691566,0.0018082301830872893,0.0013591329334303737,0.00044909724965691566,0.0018082301830872893,0.0013591329334303737,False
graph_01,logistics_and_delivery_system,3,shuffled_full,shuffle_08,generation,True,True,,2.8193726539611816,0.39970701932907104,-2.4196656346321106,2.8193726539611816,0.39970701932907104,-2.4196656346321106,False
graph_01,logistics_and_delivery_system,3,shuffled_full,shuffle_08,residual_norm,True,True,,0.0039990912191569805,0.5835152268409729,0.5795161356218159,0.0039990912191569805,0.5835152268409729,0.5795161356218159,False
graph_01,logistics_and_delivery_system,3,shuffled_full,shuffle_08,residual_alignment,True,True,,0.06334114074707031,0.08045396208763123,0.017112821340560913,0.06334114074707031,0.08045396208763123,0.017112821340560913,False
graph_01,logistics_and_delivery_system,3,shuffled_full,shuffle_08,independence,True,True,,0.0661095380783081,0.06703033298254013,0.0009207949042320251,0.0661095380783081,0.06703033298254013,0.0009207949042320251,False
graph_01,logistics_and_delivery_system,3,shuffled_full,shuffle_08,bridge,True,True,,0.0,0.0,0.0,0.0,0.0,0.0,False
graph_01,logistics_and_delivery_system,3,shuffled_full,shuffle_08,norm,True,True,,0.0004166731669101864,0.0038963232655078173,0.003479650098597631,0.0004166731669101864,0.0038963232655078173,0.003479650098597631,False
graph_01,logistics_and_delivery_system,3,shuffled_full,shuffle_09,generation,True,True,,3.2503716945648193,0.49337348341941833,-2.756998211145401,3.2503716945648193,0.49337348341941833,-2.756998211145401,False
graph_01,logistics_and_delivery_system,3,shuffled_full,shuffle_09,residual_norm,True,True,,0.004046930465847254,0.6554504036903381,0.6514034732244909,0.004046930465847254,0.6554504036903381,0.6514034732244909,False
graph_01,logistics_and_delivery_system,3,shuffled_full,shuffle_09,residual_alignment,True,True,,0.07450436055660248,0.11355222761631012,0.03904786705970764,0.07450436055660248,0.11355222761631012,0.03904786705970764,False
graph_01,logistics_and_delivery_system,3,shuffled_full,shuffle_09,independence,True,True,,0.06161830574274063,0.04388691857457161,-0.01773138716816902,0.06161830574274063,0.04388691857457161,-0.01773138716816902,False
graph_01,logistics_and_delivery_system,3,shuffled_full,shuffle_09,bridge,True,True,,0.0,3.084188620050554e-06,3.084188620050554e-06,0.0,3.084188620050554e-06,3.084188620050554e-06,False
graph_01,logistics_and_delivery_system,3,shuffled_full,shuffle_09,norm,True,True,,0.0004534107574727386,0.003249621484428644,0.0027962107269559056,0.0004534107574727386,0.003249621484428644,0.0027962107269559056,False
graph_01,logistics_and_delivery_system,3,shuffled_full,shuffle_10,generation,True,True,,2.5029115676879883,0.36853542923927307,-2.134376138448715,2.5029115676879883,0.36853542923927307,-2.134376138448715,False
graph_01,logistics_and_delivery_system,3,shuffled_full,shuffle_10,residual_norm,True,True,,0.004060869570821524,0.4541599154472351,0.4500990458764136,0.004060869570821524,0.4541599154472351,0.4500990458764136,False
graph_01,logistics_and_delivery_system,3,shuffled_full,shuffle_10,residual_alignment,True,True,,0.043712593615055084,0.06911524385213852,0.025402650237083435,0.043712593615055084,0.06911524385213852,0.025402650237083435,False
graph_01,logistics_and_delivery_system,3,shuffled_full,shuffle_10,independence,True,True,,0.06466109305620193,0.06336890161037445,-0.0012921914458274841,0.06466109305620193,0.06336890161037445,-0.0012921914458274841,False
graph_01,logistics_and_delivery_system,3,shuffled_full,shuffle_10,bridge,True,True,,0.0,0.0,0.0,0.0,0.0,0.0,False
graph_01,logistics_and_delivery_system,3,shuffled_full,shuffle_10,norm,True,True,,0.00042622743058018386,0.009076825343072414,0.00865059791249223,0.00042622743058018386,0.009076825343072414,0.00865059791249223,False
graph_01,logistics_and_delivery_system,3,shuffled_full,shuffle_11,generation,True,True,,2.889998197555542,0.3989037573337555,-2.4910944402217865,2.889998197555542,0.3989037573337555,-2.4910944402217865,False
graph_01,logistics_and_delivery_system,3,shuffled_full,shuffle_11,residual_norm,True,True,,0.004036954138427973,0.5135772824287415,0.5095403282903135,0.004036954138427973,0.5135772824287415,0.5095403282903135,False
graph_01,logistics_and_delivery_system,3,shuffled_full,shuffle_11,residual_alignment,True,True,,0.06251166760921478,0.08617028594017029,0.023658618330955505,0.06251166760921478,0.08617028594017029,0.023658618330955505,False
graph_01,logistics_and_delivery_system,3,shuffled_full,shuffle_11,independence,True,True,,0.06442911922931671,0.05872016400098801,-0.005708955228328705,0.06442911922931671,0.05872016400098801,-0.005708955228328705,False
graph_01,logistics_and_delivery_system,3,shuffled_full,shuffle_11,bridge,True,True,,0.0,0.0,0.0,0.0,0.0,0.0,False
graph_01,logistics_and_delivery_system,3,shuffled_full,shuffle_11,norm,True,True,,0.00042769714491441846,0.0534018874168396,0.05297419027192518,0.00042769714491441846,0.0534018874168396,0.05297419027192518,False
graph_01,logistics_and_delivery_system,3,shuffled_full,shuffle_12,generation,True,True,,1.9565719366073608,0.24260467290878296,-1.7139672636985779,1.9565719366073608,0.24260467290878296,-1.7139672636985779,False
graph_01,logistics_and_delivery_system,3,shuffled_full,shuffle_12,residual_norm,True,True,,0.004048043396323919,0.33267050981521606,0.32862246641889215,0.004048043396323919,0.33267050981521606,0.32862246641889215,False
graph_01,logistics_and_delivery_system,3,shuffled_full,shuffle_12,residual_alignment,True,True,,0.042465340346097946,0.046409424394369125,0.003944084048271179,0.042465340346097946,0.046409424394369125,0.003944084048271179,False
graph_01,logistics_and_delivery_system,3,shuffled_full,shuffle_12,independence,True,True,,0.06606884300708771,0.0659685954451561,-0.00010024756193161011,0.06606884300708771,0.0659685954451561,-0.00010024756193161011,False
graph_01,logistics_and_delivery_system,3,shuffled_full,shuffle_12,bridge,True,True,,0.0,0.0,0.0,0.0,0.0,0.0,False
graph_01,logistics_and_delivery_system,3,shuffled_full,shuffle_12,norm,True,True,,0.0004187203012406826,0.006675283890217543,0.00625656358897686,0.0004187203012406826,0.006675283890217543,0.00625656358897686,False
graph_01,logistics_and_delivery_system,3,shuffled_full,shuffle_13,generation,True,True,,2.815746307373047,0.4384266436100006,-2.3773196637630463,2.815746307373047,0.4384266436100006,-2.3773196637630463,False
graph_01,logistics_and_delivery_system,3,shuffled_full,shuffle_13,residual_norm,True,True,,0.003972778562456369,0.5862354636192322,0.5822626850567758,0.003972778562456369,0.5862354636192322,0.5822626850567758,False
graph_01,logistics_and_delivery_system,3,shuffled_full,shuffle_13,residual_alignment,True,True,,0.05922365188598633,0.10969720780849457,0.05047355592250824,0.05922365188598633,0.10969720780849457,0.05047355592250824,False
graph_01,logistics_and_delivery_system,3,shuffled_full,shuffle_13,independence,True,True,,0.06156839802861214,0.05953986197710037,-0.0020285360515117645,0.06156839802861214,0.05953986197710037,-0.0020285360515117645,False
graph_01,logistics_and_delivery_system,3,shuffled_full,shuffle_13,bridge,True,True,,0.0,0.0,0.0,0.0,0.0,0.0,False
graph_01,logistics_and_delivery_system,3,shuffled_full,shuffle_13,norm,True,True,,0.00045393392792902887,0.01954597979784012,0.01909204586991109,0.00045393392792902887,0.01954597979784012,0.01909204586991109,False
graph_01,logistics_and_delivery_system,3,shuffled_full,shuffle_14,generation,True,True,,2.0551517009735107,0.3041292428970337,-1.751022458076477,2.0551517009735107,0.3041292428970337,-1.751022458076477,False
graph_01,logistics_and_delivery_system,3,shuffled_full,shuffle_14,residual_norm,True,True,,0.004083814565092325,0.4172901213169098,0.41320630675181746,0.004083814565092325,0.4172901213169098,0.41320630675181746,False
graph_01,logistics_and_delivery_system,3,shuffled_full,shuffle_14,residual_alignment,True,True,,0.038625095039606094,0.06095627322793007,0.022331178188323975,0.038625095039606094,0.06095627322793007,0.022331178188323975,False
graph_01,logistics_and_delivery_system,3,shuffled_full,shuffle_14,independence,True,True,,0.06787919998168945,0.06747503578662872,-0.00040416419506073,0.06787919998168945,0.06747503578662872,-0.00040416419506073,False
graph_01,logistics_and_delivery_system,3,shuffled_full,shuffle_14,bridge,True,True,,0.0,0.0,0.0,0.0,0.0,0.0,False
graph_01,logistics_and_delivery_system,3,shuffled_full,shuffle_14,norm,True,True,,0.0004171634209342301,0.005197949707508087,0.004780786286573857,0.0004171634209342301,0.005197949707508087,0.004780786286573857,False
graph_01,logistics_and_delivery_system,3,shuffled_full,shuffle_15,generation,True,True,,2.823474168777466,0.4298919439315796,-2.3935822248458862,2.823474168777466,0.4298919439315796,-2.3935822248458862,False
graph_01,logistics_and_delivery_system,3,shuffled_full,shuffle_15,residual_norm,True,True,,0.004049293696880341,0.5921386480331421,0.5880893543362617,0.004049293696880341,0.5921386480331421,0.5880893543362617,False
graph_01,logistics_and_delivery_system,3,shuffled_full,shuffle_15,residual_alignment,True,True,,0.052810169756412506,0.07130717486143112,0.018497005105018616,0.052810169756412506,0.07130717486143112,0.018497005105018616,False
graph_01,logistics_and_delivery_system,3,shuffled_full,shuffle_15,independence,True,True,,0.06681268662214279,0.039114341139793396,-0.027698345482349396,0.06681268662214279,0.039114341139793396,-0.027698345482349396,False
graph_01,logistics_and_delivery_system,3,shuffled_full,shuffle_15,bridge,True,True,,0.0,0.00023062304535415024,0.00023062304535415024,0.0,0.00023062304535415024,0.00023062304535415024,False
graph_01,logistics_and_delivery_system,3,shuffled_full,shuffle_15,norm,True,True,,0.0004456366878002882,0.007425717543810606,0.006980080856010318,0.0004456366878002882,0.007425717543810606,0.006980080856010318,False
graph_01,logistics_and_delivery_system,3,shuffled_full,shuffle_16,generation,True,True,,2.5299155712127686,0.3738265037536621,-2.1560890674591064,2.5299155712127686,0.3738265037536621,-2.1560890674591064,False
graph_01,logistics_and_delivery_system,3,shuffled_full,shuffle_16,residual_norm,True,True,,0.003973263781517744,0.4905819296836853,0.48660866590216756,0.003973263781517744,0.4905819296836853,0.48660866590216756,False
graph_01,logistics_and_delivery_system,3,shuffled_full,shuffle_16,residual_alignment,True,True,,0.05647669732570648,0.07845281064510345,0.021976113319396973,0.05647669732570648,0.07845281064510345,0.021976113319396973,False
graph_01,logistics_and_delivery_system,3,shuffled_full,shuffle_16,independence,True,True,,0.061565596610307693,0.05580234155058861,-0.005763255059719086,0.061565596610307693,0.05580234155058861,-0.005763255059719086,False
graph_01,logistics_and_delivery_system,3,shuffled_full,shuffle_16,bridge,True,True,,0.0,0.0,0.0,0.0,0.0,0.0,False
graph_01,logistics_and_delivery_system,3,shuffled_full,shuffle_16,norm,True,True,,0.00042972477967850864,0.02107306942343712,0.02064334464375861,0.00042972477967850864,0.02107306942343712,0.02064334464375861,False
graph_01,logistics_and_delivery_system,3,shuffled_full,shuffle_17,generation,True,True,,2.9130523204803467,0.3565497100353241,-2.5565026104450226,2.9130523204803467,0.3565497100353241,-2.5565026104450226,False
graph_01,logistics_and_delivery_system,3,shuffled_full,shuffle_17,residual_norm,True,True,,0.004074734169989824,0.49915793538093567,0.49508320121094584,0.004074734169989824,0.49915793538093567,0.49508320121094584,False
graph_01,logistics_and_delivery_system,3,shuffled_full,shuffle_17,residual_alignment,True,True,,0.03794698417186737,0.05934514105319977,0.021398156881332397,0.03794698417186737,0.05934514105319977,0.021398156881332397,False
graph_01,logistics_and_delivery_system,3,shuffled_full,shuffle_17,independence,True,True,,0.06805213540792465,0.06783966720104218,-0.0002124682068824768,0.06805213540792465,0.06783966720104218,-0.0002124682068824768,False
graph_01,logistics_and_delivery_system,3,shuffled_full,shuffle_17,bridge,True,True,,0.0,0.0002696012088563293,0.0002696012088563293,0.0,0.0002696012088563293,0.0002696012088563293,False
graph_01,logistics_and_delivery_system,3,shuffled_full,shuffle_17,norm,True,True,,0.0004534290637820959,0.07377854734659195,0.07332511828280985,0.0004534290637820959,0.07377854734659195,0.07332511828280985,False
graph_01,logistics_and_delivery_system,3,shuffled_full,shuffle_18,generation,True,True,,2.61329984664917,0.36489033699035645,-2.2484095096588135,2.61329984664917,0.36489033699035645,-2.2484095096588135,False
graph_01,logistics_and_delivery_system,3,shuffled_full,shuffle_18,residual_norm,True,True,,0.004011357668787241,0.5133740901947021,0.5093627325259149,0.004011357668787241,0.5133740901947021,0.5093627325259149,False
graph_01,logistics_and_delivery_system,3,shuffled_full,shuffle_18,residual_alignment,True,True,,0.044176969677209854,0.07441698014736176,0.0302400104701519,0.044176969677209854,0.07441698014736176,0.0302400104701519,False
graph_01,logistics_and_delivery_system,3,shuffled_full,shuffle_18,independence,True,True,,0.06038874387741089,0.061178386211395264,0.000789642333984375,0.06038874387741089,0.061178386211395264,0.000789642333984375,False
graph_01,logistics_and_delivery_system,3,shuffled_full,shuffle_18,bridge,True,True,,0.0,0.0,0.0,0.0,0.0,0.0,False
graph_01,logistics_and_delivery_system,3,shuffled_full,shuffle_18,norm,True,True,,0.0004636345838662237,0.006089749280363321,0.005626114696497098,0.0004636345838662237,0.006089749280363321,0.005626114696497098,False
graph_01,logistics_and_delivery_system,3,shuffled_full,shuffle_19,generation,True,True,,2.9987146854400635,0.42989909648895264,-2.568815588951111,2.9987146854400635,0.42989909648895264,-2.568815588951111,False
graph_01,logistics_and_delivery_system,3,shuffled_full,shuffle_19,residual_norm,True,True,,0.004053086042404175,0.5812366604804993,0.5771835744380951,0.004053086042404175,0.5812366604804993,0.5771835744380951,False
graph_01,logistics_and_delivery_system,3,shuffled_full,shuffle_19,residual_alignment,True,True,,0.05825992673635483,0.10626065731048584,0.04800073057413101,0.05825992673635483,0.10626065731048584,0.04800073057413101,False
graph_01,logistics_and_delivery_system,3,shuffled_full,shuffle_19,independence,True,True,,0.06569071114063263,0.06244226172566414,-0.0032484494149684906,0.06569071114063263,0.06244226172566414,-0.0032484494149684906,False
graph_01,logistics_and_delivery_system,3,shuffled_full,shuffle_19,bridge,True,True,,0.0,0.0,0.0,0.0,0.0,0.0,False
graph_01,logistics_and_delivery_system,3,shuffled_full,shuffle_19,norm,True,True,,0.00045481548295356333,0.004342695232480764,0.003887879749527201,0.00045481548295356333,0.004342695232480764,0.003887879749527201,False
graph_01,logistics_and_delivery_system,3,raw_correlation,,generation,False,False,not_applicable_closed_form_baseline,,,,,,,False
graph_01,logistics_and_delivery_system,3,raw_correlation,,residual_norm,False,False,not_applicable_closed_form_baseline,,,,,,,False
graph_01,logistics_and_delivery_system,3,raw_correlation,,residual_alignment,False,False,not_applicable_closed_form_baseline,,,,,,,False
graph_01,logistics_and_delivery_system,3,raw_correlation,,independence,False,False,not_applicable_closed_form_baseline,,,,,,,False
graph_01,logistics_and_delivery_system,3,raw_correlation,,bridge,False,False,not_applicable_closed_form_baseline,,,,,,,False
graph_01,logistics_and_delivery_system,3,raw_correlation,,norm,False,False,not_applicable_closed_form_baseline,,,,,,,False
graph_01,logistics_and_delivery_system,3,uniform,,generation,False,False,not_applicable_closed_form_baseline,,,,,,,False
graph_01,logistics_and_delivery_system,3,uniform,,residual_norm,False,False,not_applicable_closed_form_baseline,,,,,,,False
graph_01,logistics_and_delivery_system,3,uniform,,residual_alignment,False,False,not_applicable_closed_form_baseline,,,,,,,False
graph_01,logistics_and_delivery_system,3,uniform,,independence,False,False,not_applicable_closed_form_baseline,,,,,,,False
graph_01,logistics_and_delivery_system,3,uniform,,bridge,False,False,not_applicable_closed_form_baseline,,,,,,,False
graph_01,logistics_and_delivery_system,3,uniform,,norm,False,False,not_applicable_closed_form_baseline,,,,,,,False
graph_01,logistics_and_delivery_system,4,full_oracle,,generation,True,True,,1.406865119934082,0.25609904527664185,-1.1507660746574402,1.406865119934082,0.25609904527664185,-1.1507660746574402,False
graph_01,logistics_and_delivery_system,4,full_oracle,,residual_norm,True,True,,0.004115487914532423,0.34038811922073364,0.3362726313062012,0.004115487914532423,0.34038811922073364,0.3362726313062012,False
graph_01,logistics_and_delivery_system,4,full_oracle,,residual_alignment,True,True,,0.0016589842271059752,0.020820310339331627,0.019161326112225652,0.0016589842271059752,0.020820310339331627,0.019161326112225652,False
graph_01,logistics_and_delivery_system,4,full_oracle,,independence,True,True,,0.048111770302057266,0.04114038497209549,-0.006971385329961777,0.048111770302057266,0.04114038497209549,-0.006971385329961777,False
graph_01,logistics_and_delivery_system,4,full_oracle,,bridge,True,True,,0.0,0.0,0.0,0.0,0.0,0.0,False
graph_01,logistics_and_delivery_system,4,full_oracle,,norm,True,True,,0.0003581694036256522,0.00013184183626435697,-0.00022632756736129522,0.0003581694036256522,0.00013184183626435697,-0.00022632756736129522,False
graph_01,logistics_and_delivery_system,4,generation_only_oracle,,generation,True,True,,1.406865119934082,0.002446699421852827,-1.4044184205122292,1.406865119934082,0.002446699421852827,-1.4044184205122292,False
graph_01,logistics_and_delivery_system,4,generation_only_oracle,,residual_norm,False,True,,0.004115487914532423,1.07094407081604,1.0668285829015076,0.0,0.0,0.0,False
graph_01,logistics_and_delivery_system,4,generation_only_oracle,,residual_alignment,False,True,,0.0016589842271059752,0.04343600198626518,0.04177701775915921,0.0,0.0,0.0,False
graph_01,logistics_and_delivery_system,4,generation_only_oracle,,independence,False,True,,0.048111770302057266,0.046979013830423355,-0.0011327564716339111,0.0,0.0,0.0,False
graph_01,logistics_and_delivery_system,4,generation_only_oracle,,bridge,False,True,,0.0,0.0,0.0,0.0,0.0,0.0,False
graph_01,logistics_and_delivery_system,4,generation_only_oracle,,norm,False,True,,0.0003581694036256522,0.0002147572668036446,-0.0001434121368220076,0.0,0.0,0.0,False
graph_01,logistics_and_delivery_system,4,oracle_without_generation,,generation,False,True,,1.406865119934082,2.7919650077819824,1.3850998878479004,0.0,0.0,0.0,False
graph_01,logistics_and_delivery_system,4,oracle_without_generation,,residual_norm,True,True,,0.004115487914532423,0.09282301366329193,0.08870752574875951,0.004115487914532423,0.09282301366329193,0.08870752574875951,False
graph_01,logistics_and_delivery_system,4,oracle_without_generation,,residual_alignment,True,True,,0.0016589842271059752,0.011138994246721268,0.009480010019615293,0.0016589842271059752,0.011138994246721268,0.009480010019615293,False
graph_01,logistics_and_delivery_system,4,oracle_without_generation,,independence,True,True,,0.048111770302057266,0.029738876968622208,-0.01837289333343506,0.048111770302057266,0.029738876968622208,-0.01837289333343506,False
graph_01,logistics_and_delivery_system,4,oracle_without_generation,,bridge,True,True,,0.0,4.660032573156059e-06,4.660032573156059e-06,0.0,4.660032573156059e-06,4.660032573156059e-06,False
graph_01,logistics_and_delivery_system,4,oracle_without_generation,,norm,True,True,,0.0003581694036256522,2.3792090360075235e-06,-0.00035579019458964467,0.0003581694036256522,2.3792090360075235e-06,-0.00035579019458964467,False
graph_01,logistics_and_delivery_system,4,residual_only_oracle,,generation,False,True,,1.406865119934082,1.5316882133483887,0.12482309341430664,0.0,0.0,0.0,False
graph_01,logistics_and_delivery_system,4,residual_only_oracle,,residual_norm,True,True,,0.004115487914532423,0.09282301366329193,0.08870752574875951,0.004115487914532423,0.09282301366329193,0.08870752574875951,False
graph_01,logistics_and_delivery_system,4,residual_only_oracle,,residual_alignment,True,True,,0.0016589842271059752,0.011138994246721268,0.009480010019615293,0.0016589842271059752,0.011138994246721268,0.009480010019615293,False
graph_01,logistics_and_delivery_system,4,residual_only_oracle,,independence,False,True,,0.048111770302057266,0.048111770302057266,0.0,0.0,0.0,0.0,False
graph_01,logistics_and_delivery_system,4,residual_only_oracle,,bridge,False,True,,0.0,0.0,0.0,0.0,0.0,0.0,False
graph_01,logistics_and_delivery_system,4,residual_only_oracle,,norm,False,True,,0.0003581694036256522,0.0003581694036256522,0.0,0.0,0.0,0.0,False
graph_01,logistics_and_delivery_system,4,independence_only_oracle,,generation,False,True,,1.406865119934082,26.43168067932129,25.024815559387207,0.0,0.0,0.0,False
graph_01,logistics_and_delivery_system,4,independence_only_oracle,,residual_norm,False,True,,0.004115487914532423,0.004115487914532423,0.0,0.0,0.0,0.0,False
graph_01,logistics_and_delivery_system,4,independence_only_oracle,,residual_alignment,False,True,,0.0016589842271059752,0.0016589842271059752,0.0,0.0,0.0,0.0,False
graph_01,logistics_and_delivery_system,4,independence_only_oracle,,independence,True,True,,0.048111770302057266,0.029755763709545135,-0.01835600659251213,0.048111770302057266,0.029755763709545135,-0.01835600659251213,False
graph_01,logistics_and_delivery_system,4,independence_only_oracle,,bridge,True,True,,0.0,3.5709313124243636e-06,3.5709313124243636e-06,0.0,3.5709313124243636e-06,3.5709313124243636e-06,False
graph_01,logistics_and_delivery_system,4,independence_only_oracle,,norm,False,True,,0.0003581694036256522,0.44070321321487427,0.4403450438112486,0.0,0.0,0.0,False
graph_01,logistics_and_delivery_system,4,symmetrized_oracle,,generation,True,True,,7.547500133514404,0.8174935579299927,-6.730006575584412,7.547500133514404,0.8174935579299927,-6.730006575584412,False
graph_01,logistics_and_delivery_system,4,symmetrized_oracle,,residual_norm,True,True,,0.004102782346308231,1.4901337623596191,1.486030980013311,0.004102782346308231,1.4901337623596191,1.486030980013311,False
graph_01,logistics_and_delivery_system,4,symmetrized_oracle,,residual_alignment,True,True,,0.017818383872509003,0.31066927313804626,0.29285088926553726,0.017818383872509003,0.31066927313804626,0.29285088926553726,False
graph_01,logistics_and_delivery_system,4,symmetrized_oracle,,independence,True,True,,0.0,0.0,0.0,0.0,0.0,0.0,False
graph_01,logistics_and_delivery_system,4,symmetrized_oracle,,bridge,True,True,,0.0,0.0,0.0,0.0,0.0,0.0,False
graph_01,logistics_and_delivery_system,4,symmetrized_oracle,,norm,True,True,,0.0003301729739177972,0.00645635137334466,0.006126178399426863,0.0003301729739177972,0.00645635137334466,0.006126178399426863,False
graph_01,logistics_and_delivery_system,4,markov_blanket_oracle,,generation,True,True,,11.907608985900879,1.1957166194915771,-10.711892366409302,11.907608985900879,1.1957166194915771,-10.711892366409302,False
graph_01,logistics_and_delivery_system,4,markov_blanket_oracle,,residual_norm,True,True,,0.0040984689258039,2.2795090675354004,2.2754105986095965,0.0040984689258039,2.2795090675354004,2.2754105986095965,False
graph_01,logistics_and_delivery_system,4,markov_blanket_oracle,,residual_alignment,True,True,,0.032762277871370316,0.3779854476451874,0.34522316977381706,0.032762277871370316,0.3779854476451874,0.34522316977381706,False
graph_01,logistics_and_delivery_system,4,markov_blanket_oracle,,independence,True,True,,0.0,0.0,0.0,0.0,0.0,0.0,False
graph_01,logistics_and_delivery_system,4,markov_blanket_oracle,,bridge,True,True,,0.0,9.726241114549339e-05,9.726241114549339e-05,0.0,9.726241114549339e-05,9.726241114549339e-05,False
graph_01,logistics_and_delivery_system,4,markov_blanket_oracle,,norm,True,True,,0.00033018068643286824,0.008053814060986042,0.007723633374553174,0.00033018068643286824,0.008053814060986042,0.007723633374553174,False
graph_01,logistics_and_delivery_system,4,same_module_graph,,generation,True,True,,8.976306915283203,0.8740198016166687,-8.102287113666534,8.976306915283203,0.8740198016166687,-8.102287113666534,False
graph_01,logistics_and_delivery_system,4,same_module_graph,,residual_norm,True,True,,0.004095556680113077,1.6612427234649658,1.6571471667848527,0.004095556680113077,1.6612427234649658,1.6571471667848527,False
graph_01,logistics_and_delivery_system,4,same_module_graph,,residual_alignment,True,True,,0.03776491805911064,0.3649219274520874,0.32715700939297676,0.03776491805911064,0.3649219274520874,0.32715700939297676,False
graph_01,logistics_and_delivery_system,4,same_module_graph,,independence,True,True,,0.05254732444882393,0.04836372658610344,-0.0041835978627204895,0.05254732444882393,0.04836372658610344,-0.0041835978627204895,False
graph_01,logistics_and_delivery_system,4,same_module_graph,,bridge,True,True,,0.0,0.0,0.0,0.0,0.0,0.0,False
graph_01,logistics_and_delivery_system,4,same_module_graph,,norm,True,True,,0.00032881839433684945,0.010018969886004925,0.009690151491668075,0.00032881839433684945,0.010018969886004925,0.009690151491668075,False
graph_01,logistics_and_delivery_system,4,reversed_full,,generation,True,True,,2.341135025024414,0.22326967120170593,-2.117865353822708,2.341135025024414,0.22326967120170593,-2.117865353822708,False
graph_01,logistics_and_delivery_system,4,reversed_full,,residual_norm,True,True,,0.0040420121513307095,0.4213853180408478,0.41734330588951707,0.0040420121513307095,0.4213853180408478,0.41734330588951707,False
graph_01,logistics_and_delivery_system,4,reversed_full,,residual_alignment,True,True,,0.018359437584877014,0.05397871509194374,0.03561927750706673,0.018359437584877014,0.05397871509194374,0.03561927750706673,False
graph_01,logistics_and_delivery_system,4,reversed_full,,independence,True,True,,0.0,0.0,0.0,0.0,0.0,0.0,False
graph_01,logistics_and_delivery_system,4,reversed_full,,bridge,True,True,,0.0,0.0,0.0,0.0,0.0,0.0,False
graph_01,logistics_and_delivery_system,4,reversed_full,,norm,True,True,,0.00032794958679005504,0.0021959582809358835,0.0018680086941458285,0.00032794958679005504,0.0021959582809358835,0.0018680086941458285,False
graph_01,logistics_and_delivery_system,4,shuffled_full,shuffle_00,generation,True,True,,2.695793390274048,0.37810754776000977,-2.317685842514038,2.695793390274048,0.37810754776000977,-2.317685842514038,False
graph_01,logistics_and_delivery_system,4,shuffled_full,shuffle_00,residual_norm,True,True,,0.004051384516060352,0.5200774073600769,0.5160260228440166,0.004051384516060352,0.5200774073600769,0.5160260228440166,False
graph_01,logistics_and_delivery_system,4,shuffled_full,shuffle_00,residual_alignment,True,True,,0.057637933641672134,0.07279541343450546,0.015157479792833328,0.057637933641672134,0.07279541343450546,0.015157479792833328,False
graph_01,logistics_and_delivery_system,4,shuffled_full,shuffle_00,independence,True,True,,0.05736375227570534,0.04709402844309807,-0.01026972383260727,0.05736375227570534,0.04709402844309807,-0.01026972383260727,False
graph_01,logistics_and_delivery_system,4,shuffled_full,shuffle_00,bridge,True,True,,0.0,0.0,0.0,0.0,0.0,0.0,False
graph_01,logistics_and_delivery_system,4,shuffled_full,shuffle_00,norm,True,True,,0.00035034201573580503,0.007495506200939417,0.007145164185203612,0.00035034201573580503,0.007495506200939417,0.007145164185203612,False
graph_01,logistics_and_delivery_system,4,shuffled_full,shuffle_01,generation,True,True,,2.564164638519287,0.29822462797164917,-2.265940010547638,2.564164638519287,0.29822462797164917,-2.265940010547638,False
graph_01,logistics_and_delivery_system,4,shuffled_full,shuffle_01,residual_norm,True,True,,0.0040661925449967384,0.42754215002059937,0.4234759574756026,0.0040661925449967384,0.42754215002059937,0.4234759574756026,False
graph_01,logistics_and_delivery_system,4,shuffled_full,shuffle_01,residual_alignment,True,True,,0.04559297859668732,0.047313008457422256,0.0017200298607349396,0.04559297859668732,0.047313008457422256,0.0017200298607349396,False
graph_01,logistics_and_delivery_system,4,shuffled_full,shuffle_01,independence,True,True,,0.06400808691978455,0.0638183131814003,-0.00018977373838424683,0.06400808691978455,0.0638183131814003,-0.00018977373838424683,False
graph_01,logistics_and_delivery_system,4,shuffled_full,shuffle_01,bridge,True,True,,0.0,0.0,0.0,0.0,0.0,0.0,False
graph_01,logistics_and_delivery_system,4,shuffled_full,shuffle_01,norm,True,True,,0.00035314526758156717,0.013931386172771454,0.013578240905189887,0.00035314526758156717,0.013931386172771454,0.013578240905189887,False
graph_01,logistics_and_delivery_system,4,shuffled_full,shuffle_02,generation,True,True,,2.8227341175079346,0.4047105610370636,-2.418023556470871,2.8227341175079346,0.4047105610370636,-2.418023556470871,False
graph_01,logistics_and_delivery_system,4,shuffled_full,shuffle_02,residual_norm,True,True,,0.004029371310025454,0.5370562672615051,0.5330268959514797,0.004029371310025454,0.5370562672615051,0.5330268959514797,False
graph_01,logistics_and_delivery_system,4,shuffled_full,shuffle_02,residual_alignment,True,True,,0.041999395936727524,0.08927566558122635,0.047276269644498825,0.041999395936727524,0.08927566558122635,0.047276269644498825,False
graph_01,logistics_and_delivery_system,4,shuffled_full,shuffle_02,independence,True,True,,0.06595855206251144,0.06595855206251144,0.0,0.06595855206251144,0.06595855206251144,0.0,False
graph_01,logistics_and_delivery_system,4,shuffled_full,shuffle_02,bridge,True,True,,0.0,0.0,0.0,0.0,0.0,0.0,False
graph_01,logistics_and_delivery_system,4,shuffled_full,shuffle_02,norm,True,True,,0.0003307126753497869,0.009988452307879925,0.009657739632530138,0.0003307126753497869,0.009988452307879925,0.009657739632530138,False
graph_01,logistics_and_delivery_system,4,shuffled_full,shuffle_03,generation,True,True,,2.787276029586792,0.363090842962265,-2.424185186624527,2.787276029586792,0.363090842962265,-2.424185186624527,False
graph_01,logistics_and_delivery_system,4,shuffled_full,shuffle_03,residual_norm,True,True,,0.004081235732883215,0.5022468566894531,0.4981656209565699,0.004081235732883215,0.5022468566894531,0.4981656209565699,False
graph_01,logistics_and_delivery_system,4,shuffled_full,shuffle_03,residual_alignment,True,True,,0.054715853184461594,0.0641111433506012,0.009395290166139603,0.054715853184461594,0.0641111433506012,0.009395290166139603,False
graph_01,logistics_and_delivery_system,4,shuffled_full,shuffle_03,independence,True,True,,0.06111874431371689,0.0658986046910286,0.0047798603773117065,0.06111874431371689,0.0658986046910286,0.0047798603773117065,False
graph_01,logistics_and_delivery_system,4,shuffled_full,shuffle_03,bridge,True,True,,0.0,0.0,0.0,0.0,0.0,0.0,False
graph_01,logistics_and_delivery_system,4,shuffled_full,shuffle_03,norm,True,True,,0.00035283531178720295,0.027484649792313576,0.027131814480526373,0.00035283531178720295,0.027484649792313576,0.027131814480526373,False
graph_01,logistics_and_delivery_system,4,shuffled_full,shuffle_04,generation,True,True,,2.444176435470581,0.3365262746810913,-2.1076501607894897,2.444176435470581,0.3365262746810913,-2.1076501607894897,False
graph_01,logistics_and_delivery_system,4,shuffled_full,shuffle_04,residual_norm,True,True,,0.004057370591908693,0.43874454498291016,0.43468717439100146,0.004057370591908693,0.43874454498291016,0.43468717439100146,False
graph_01,logistics_and_delivery_system,4,shuffled_full,shuffle_04,residual_alignment,True,True,,0.03870704025030136,0.074591264128685,0.035884223878383636,0.03870704025030136,0.074591264128685,0.035884223878383636,False
graph_01,logistics_and_delivery_system,4,shuffled_full,shuffle_04,independence,True,True,,0.061617571860551834,0.06293870508670807,0.0013211332261562347,0.061617571860551834,0.06293870508670807,0.0013211332261562347,False
graph_01,logistics_and_delivery_system,4,shuffled_full,shuffle_04,bridge,True,True,,0.0,0.0,0.0,0.0,0.0,0.0,False
graph_01,logistics_and_delivery_system,4,shuffled_full,shuffle_04,norm,True,True,,0.00032913906034082174,0.007935868576169014,0.007606729515828192,0.00032913906034082174,0.007935868576169014,0.007606729515828192,False
graph_01,logistics_and_delivery_system,4,shuffled_full,shuffle_05,generation,True,True,,3.245206594467163,0.48114117980003357,-2.7640654146671295,3.245206594467163,0.48114117980003357,-2.7640654146671295,False
graph_01,logistics_and_delivery_system,4,shuffled_full,shuffle_05,residual_norm,True,True,,0.004061094019562006,0.639001190662384,0.634940096642822,0.004061094019562006,0.639001190662384,0.634940096642822,False
graph_01,logistics_and_delivery_system,4,shuffled_full,shuffle_05,residual_alignment,True,True,,0.07799580693244934,0.10783537477254868,0.029839567840099335,0.07799580693244934,0.10783537477254868,0.029839567840099335,False
graph_01,logistics_and_delivery_system,4,shuffled_full,shuffle_05,independence,True,True,,0.06173434108495712,0.06201775744557381,0.00028341636061668396,0.06173434108495712,0.06201775744557381,0.00028341636061668396,False
graph_01,logistics_and_delivery_system,4,shuffled_full,shuffle_05,bridge,True,True,,0.0,0.0,0.0,0.0,0.0,0.0,False
graph_01,logistics_and_delivery_system,4,shuffled_full,shuffle_05,norm,True,True,,0.0003343464049976319,0.007384294178336859,0.007049947773339227,0.0003343464049976319,0.007384294178336859,0.007049947773339227,False
graph_01,logistics_and_delivery_system,4,shuffled_full,shuffle_06,generation,True,True,,3.03558349609375,0.3791755139827728,-2.656407982110977,3.03558349609375,0.3791755139827728,-2.656407982110977,False
graph_01,logistics_and_delivery_system,4,shuffled_full,shuffle_06,residual_norm,True,True,,0.004022812005132437,0.5272364616394043,0.5232136496342719,0.004022812005132437,0.5272364616394043,0.5232136496342719,False
graph_01,logistics_and_delivery_system,4,shuffled_full,shuffle_06,residual_alignment,True,True,,0.04855991154909134,0.07727115601301193,0.028711244463920593,0.04855991154909134,0.07727115601301193,0.028711244463920593,False
graph_01,logistics_and_delivery_system,4,shuffled_full,shuffle_06,independence,True,True,,0.06150561943650246,0.06210571527481079,0.0006000958383083344,0.06150561943650246,0.06210571527481079,0.0006000958383083344,False
graph_01,logistics_and_delivery_system,4,shuffled_full,shuffle_06,bridge,True,True,,0.0,0.0,0.0,0.0,0.0,0.0,False
graph_01,logistics_and_delivery_system,4,shuffled_full,shuffle_06,norm,True,True,,0.00035141786793246865,0.06464879959821701,0.06429738173028454,0.00035141786793246865,0.06464879959821701,0.06429738173028454,False
graph_01,logistics_and_delivery_system,4,shuffled_full,shuffle_07,generation,True,True,,2.4960029125213623,0.3445828855037689,-2.1514200270175934,2.4960029125213623,0.3445828855037689,-2.1514200270175934,False
graph_01,logistics_and_delivery_system,4,shuffled_full,shuffle_07,residual_norm,True,True,,0.0040363711304962635,0.5004287958145142,0.4963924246840179,0.0040363711304962635,0.5004287958145142,0.4963924246840179,False
graph_01,logistics_and_delivery_system,4,shuffled_full,shuffle_07,residual_alignment,True,True,,0.05010966956615448,0.054682355374097824,0.004572685807943344,0.05010966956615448,0.054682355374097824,0.004572685807943344,False
graph_01,logistics_and_delivery_system,4,shuffled_full,shuffle_07,independence,True,True,,0.051226262003183365,0.04889078065752983,-0.002335481345653534,0.051226262003183365,0.04889078065752983,-0.002335481345653534,False
graph_01,logistics_and_delivery_system,4,shuffled_full,shuffle_07,bridge,True,True,,0.0,0.0,0.0,0.0,0.0,0.0,False
graph_01,logistics_and_delivery_system,4,shuffled_full,shuffle_07,norm,True,True,,0.0003531789989210665,0.008070806041359901,0.007717627042438835,0.0003531789989210665,0.008070806041359901,0.007717627042438835,False
graph_01,logistics_and_delivery_system,4,shuffled_full,shuffle_08,generation,True,True,,2.9281487464904785,0.355745792388916,-2.5724029541015625,2.9281487464904785,0.355745792388916,-2.5724029541015625,False
graph_01,logistics_and_delivery_system,4,shuffled_full,shuffle_08,residual_norm,True,True,,0.004026857670396566,0.4995395839214325,0.49551272625103593,0.004026857670396566,0.4995395839214325,0.49551272625103593,False
graph_01,logistics_and_delivery_system,4,shuffled_full,shuffle_08,residual_alignment,True,True,,0.06517329812049866,0.06353741139173508,-0.0016358867287635803,0.06517329812049866,0.06353741139173508,-0.0016358867287635803,False
graph_01,logistics_and_delivery_system,4,shuffled_full,shuffle_08,independence,True,True,,0.05702110007405281,0.05562061443924904,-0.001400485634803772,0.05702110007405281,0.05562061443924904,-0.001400485634803772,False
graph_01,logistics_and_delivery_system,4,shuffled_full,shuffle_08,bridge,True,True,,0.0,0.0,0.0,0.0,0.0,0.0,False
graph_01,logistics_and_delivery_system,4,shuffled_full,shuffle_08,norm,True,True,,0.0003593235451262444,0.044922489672899246,0.044563166127773,0.0003593235451262444,0.044922489672899246,0.044563166127773,False
graph_01,logistics_and_delivery_system,4,shuffled_full,shuffle_09,generation,True,True,,3.1625356674194336,0.4549570381641388,-2.707578629255295,3.1625356674194336,0.4549570381641388,-2.707578629255295,False
graph_01,logistics_and_delivery_system,4,shuffled_full,shuffle_09,residual_norm,True,True,,0.0040600476786494255,0.6442075967788696,0.6401475491002202,0.0040600476786494255,0.6442075967788696,0.6401475491002202,False
graph_01,logistics_and_delivery_system,4,shuffled_full,shuffle_09,residual_alignment,True,True,,0.0746832862496376,0.07600477337837219,0.0013214871287345886,0.0746832862496376,0.07600477337837219,0.0013214871287345886,False
graph_01,logistics_and_delivery_system,4,shuffled_full,shuffle_09,independence,True,True,,0.05865097418427467,0.05620412901043892,-0.0024468451738357544,0.05865097418427467,0.05620412901043892,-0.0024468451738357544,False
graph_01,logistics_and_delivery_system,4,shuffled_full,shuffle_09,bridge,True,True,,0.0,0.0,0.0,0.0,0.0,0.0,False
graph_01,logistics_and_delivery_system,4,shuffled_full,shuffle_09,norm,True,True,,0.00035006707184948027,0.008458268828690052,0.008108201756840572,0.00035006707184948027,0.008458268828690052,0.008108201756840572,False
graph_01,logistics_and_delivery_system,4,shuffled_full,shuffle_10,generation,True,True,,2.797657012939453,0.39513349533081055,-2.4025235176086426,2.797657012939453,0.39513349533081055,-2.4025235176086426,False
graph_01,logistics_and_delivery_system,4,shuffled_full,shuffle_10,residual_norm,True,True,,0.003998639527708292,0.5408516526222229,0.5368530130945146,0.003998639527708292,0.5408516526222229,0.5368530130945146,False
graph_01,logistics_and_delivery_system,4,shuffled_full,shuffle_10,residual_alignment,True,True,,0.04908730462193489,0.08669119328260422,0.03760388866066933,0.04908730462193489,0.08669119328260422,0.03760388866066933,False
graph_01,logistics_and_delivery_system,4,shuffled_full,shuffle_10,independence,True,True,,0.05497201532125473,0.05939452722668648,0.0044225119054317474,0.05497201532125473,0.05939452722668648,0.0044225119054317474,False
graph_01,logistics_and_delivery_system,4,shuffled_full,shuffle_10,bridge,True,True,,0.0,0.0,0.0,0.0,0.0,0.0,False
graph_01,logistics_and_delivery_system,4,shuffled_full,shuffle_10,norm,True,True,,0.0003524621424730867,0.0218143742531538,0.021461912110680714,0.0003524621424730867,0.0218143742531538,0.021461912110680714,False
graph_01,logistics_and_delivery_system,4,shuffled_full,shuffle_11,generation,True,True,,3.1096506118774414,0.4029969274997711,-2.7066536843776703,3.1096506118774414,0.4029969274997711,-2.7066536843776703,False
graph_01,logistics_and_delivery_system,4,shuffled_full,shuffle_11,residual_norm,True,True,,0.004048037342727184,0.5035998225212097,0.49955178517848253,0.004048037342727184,0.5035998225212097,0.49955178517848253,False
graph_01,logistics_and_delivery_system,4,shuffled_full,shuffle_11,residual_alignment,True,True,,0.06290235370397568,0.09207215905189514,0.029169805347919464,0.06290235370397568,0.09207215905189514,0.029169805347919464,False
graph_01,logistics_and_delivery_system,4,shuffled_full,shuffle_11,independence,True,True,,0.054335013031959534,0.04333370923995972,-0.011001303791999817,0.054335013031959534,0.04333370923995972,-0.011001303791999817,False
graph_01,logistics_and_delivery_system,4,shuffled_full,shuffle_11,bridge,True,True,,0.0,4.699516864548059e-07,4.699516864548059e-07,0.0,4.699516864548059e-07,4.699516864548059e-07,False
graph_01,logistics_and_delivery_system,4,shuffled_full,shuffle_11,norm,True,True,,0.00036101252771914005,0.039951592683792114,0.039590580156072974,0.00036101252771914005,0.039951592683792114,0.039590580156072974,False
graph_01,logistics_and_delivery_system,4,shuffled_full,shuffle_12,generation,True,True,,2.2336714267730713,0.32867515087127686,-1.9049962759017944,2.2336714267730713,0.32867515087127686,-1.9049962759017944,False
graph_01,logistics_and_delivery_system,4,shuffled_full,shuffle_12,residual_norm,True,True,,0.004074411001056433,0.4513726532459259,0.44729824224486947,0.004074411001056433,0.4513726532459259,0.44729824224486947,False
graph_01,logistics_and_delivery_system,4,shuffled_full,shuffle_12,residual_alignment,True,True,,0.041189804673194885,0.052882760763168335,0.01169295608997345,0.041189804673194885,0.052882760763168335,0.01169295608997345,False
graph_01,logistics_and_delivery_system,4,shuffled_full,shuffle_12,independence,True,True,,0.05680828541517258,0.04782924801111221,-0.008979037404060364,0.05680828541517258,0.04782924801111221,-0.008979037404060364,False
graph_01,logistics_and_delivery_system,4,shuffled_full,shuffle_12,bridge,True,True,,0.0,7.793687473167665e-06,7.793687473167665e-06,0.0,7.793687473167665e-06,7.793687473167665e-06,False
graph_01,logistics_and_delivery_system,4,shuffled_full,shuffle_12,norm,True,True,,0.00036625852226279676,0.00508912792429328,0.004722869402030483,0.00036625852226279676,0.00508912792429328,0.004722869402030483,False
graph_01,logistics_and_delivery_system,4,shuffled_full,shuffle_13,generation,True,True,,2.936154842376709,0.4139988124370575,-2.5221560299396515,2.936154842376709,0.4139988124370575,-2.5221560299396515,False
graph_01,logistics_and_delivery_system,4,shuffled_full,shuffle_13,residual_norm,True,True,,0.004104170482605696,0.5394858717918396,0.5353817013092339,0.004104170482605696,0.5394858717918396,0.5353817013092339,False
graph_01,logistics_and_delivery_system,4,shuffled_full,shuffle_13,residual_alignment,True,True,,0.060620423406362534,0.09168573468923569,0.031065311282873154,0.060620423406362534,0.09168573468923569,0.031065311282873154,False
graph_01,logistics_and_delivery_system,4,shuffled_full,shuffle_13,independence,True,True,,0.05140356346964836,0.055272363126277924,0.0038687996566295624,0.05140356346964836,0.055272363126277924,0.0038687996566295624,False
graph_01,logistics_and_delivery_system,4,shuffled_full,shuffle_13,bridge,True,True,,0.0,0.0,0.0,0.0,0.0,0.0,False
graph_01,logistics_and_delivery_system,4,shuffled_full,shuffle_13,norm,True,True,,0.0003820548881776631,0.036314353346824646,0.03593229845864698,0.0003820548881776631,0.036314353346824646,0.03593229845864698,False
graph_01,logistics_and_delivery_system,4,shuffled_full,shuffle_14,generation,True,True,,2.20890212059021,0.3252828121185303,-1.8836193084716797,2.20890212059021,0.3252828121185303,-1.8836193084716797,False
graph_01,logistics_and_delivery_system,4,shuffled_full,shuffle_14,residual_norm,True,True,,0.0040346356108784676,0.4409967064857483,0.4369620708748698,0.0040346356108784676,0.4409967064857483,0.4369620708748698,False
graph_01,logistics_and_delivery_system,4,shuffled_full,shuffle_14,residual_alignment,True,True,,0.04136441648006439,0.059487976133823395,0.018123559653759003,0.04136441648006439,0.059487976133823395,0.018123559653759003,False
graph_01,logistics_and_delivery_system,4,shuffled_full,shuffle_14,independence,True,True,,0.06199932470917702,0.053091369569301605,-0.008907955139875412,0.06199932470917702,0.053091369569301605,-0.008907955139875412,False
graph_01,logistics_and_delivery_system,4,shuffled_full,shuffle_14,bridge,True,True,,0.0,5.0306760385865346e-05,5.0306760385865346e-05,0.0,5.0306760385865346e-05,5.0306760385865346e-05,False
graph_01,logistics_and_delivery_system,4,shuffled_full,shuffle_14,norm,True,True,,0.0003474057011771947,0.006698761135339737,0.006351355434162542,0.0003474057011771947,0.006698761135339737,0.006351355434162542,False
graph_01,logistics_and_delivery_system,4,shuffled_full,shuffle_15,generation,True,True,,2.8145101070404053,0.38121819496154785,-2.4332919120788574,2.8145101070404053,0.38121819496154785,-2.4332919120788574,False
graph_01,logistics_and_delivery_system,4,shuffled_full,shuffle_15,residual_norm,True,True,,0.004046228248625994,0.5241515040397644,0.5201052757911384,0.004046228248625994,0.5241515040397644,0.5201052757911384,False
graph_01,logistics_and_delivery_system,4,shuffled_full,shuffle_15,residual_alignment,True,True,,0.05279757082462311,0.07256745547056198,0.019769884645938873,0.05279757082462311,0.07256745547056198,0.019769884645938873,False
graph_01,logistics_and_delivery_system,4,shuffled_full,shuffle_15,independence,True,True,,0.066347636282444,0.056443698704242706,-0.009903937578201294,0.066347636282444,0.056443698704242706,-0.009903937578201294,False
graph_01,logistics_and_delivery_system,4,shuffled_full,shuffle_15,bridge,True,True,,0.0,2.9356058348639635e-06,2.9356058348639635e-06,0.0,2.9356058348639635e-06,2.9356058348639635e-06,False
graph_01,logistics_and_delivery_system,4,shuffled_full,shuffle_15,norm,True,True,,0.0003528790839482099,0.008225906640291214,0.007873027556343004,0.0003528790839482099,0.008225906640291214,0.007873027556343004,False
graph_01,logistics_and_delivery_system,4,shuffled_full,shuffle_16,generation,True,True,,2.6811654567718506,0.3594919741153717,-2.321673482656479,2.6811654567718506,0.3594919741153717,-2.321673482656479,False
graph_01,logistics_and_delivery_system,4,shuffled_full,shuffle_16,residual_norm,True,True,,0.004058868158608675,0.47890418767929077,0.4748453195206821,0.004058868158608675,0.47890418767929077,0.4748453195206821,False
graph_01,logistics_and_delivery_system,4,shuffled_full,shuffle_16,residual_alignment,True,True,,0.05599718913435936,0.07177460938692093,0.01577742025256157,0.05599718913435936,0.07177460938692093,0.01577742025256157,False
graph_01,logistics_and_delivery_system,4,shuffled_full,shuffle_16,independence,True,True,,0.06204371154308319,0.059164538979530334,-0.0028791725635528564,0.06204371154308319,0.059164538979530334,-0.0028791725635528564,False
graph_01,logistics_and_delivery_system,4,shuffled_full,shuffle_16,bridge,True,True,,0.0,0.0,0.0,0.0,0.0,0.0,False
graph_01,logistics_and_delivery_system,4,shuffled_full,shuffle_16,norm,True,True,,0.00035410874988883734,0.012282810173928738,0.0119287014240399,0.00035410874988883734,0.012282810173928738,0.0119287014240399,False
graph_01,logistics_and_delivery_system,4,shuffled_full,shuffle_17,generation,True,True,,2.856459140777588,0.385207861661911,-2.471251279115677,2.856459140777588,0.385207861661911,-2.471251279115677,False
graph_01,logistics_and_delivery_system,4,shuffled_full,shuffle_17,residual_norm,True,True,,0.004050090443342924,0.5222505331039429,0.5182004426606,0.004050090443342924,0.5222505331039429,0.5182004426606,False
graph_01,logistics_and_delivery_system,4,shuffled_full,shuffle_17,residual_alignment,True,True,,0.03725600987672806,0.07354749739170074,0.03629148751497269,0.03725600987672806,0.07354749739170074,0.03629148751497269,False
graph_01,logistics_and_delivery_system,4,shuffled_full,shuffle_17,independence,True,True,,0.06714397668838501,0.06300083547830582,-0.004143141210079193,0.06714397668838501,0.06300083547830582,-0.004143141210079193,False
graph_01,logistics_and_delivery_system,4,shuffled_full,shuffle_17,bridge,True,True,,0.0,0.0,0.0,0.0,0.0,0.0,False
graph_01,logistics_and_delivery_system,4,shuffled_full,shuffle_17,norm,True,True,,0.0003323366690892726,0.010286631993949413,0.00995429532486014,0.0003323366690892726,0.010286631993949413,0.00995429532486014,False
graph_01,logistics_and_delivery_system,4,shuffled_full,shuffle_18,generation,True,True,,2.5911223888397217,0.38928017020225525,-2.2018422186374664,2.5911223888397217,0.38928017020225525,-2.2018422186374664,False
graph_01,logistics_and_delivery_system,4,shuffled_full,shuffle_18,residual_norm,True,True,,0.004095925949513912,0.5450108647346497,0.5409149387851357,0.004095925949513912,0.5450108647346497,0.5409149387851357,False
graph_01,logistics_and_delivery_system,4,shuffled_full,shuffle_18,residual_alignment,True,True,,0.04231073707342148,0.06791188567876816,0.02560114860534668,0.04231073707342148,0.06791188567876816,0.02560114860534668,False
graph_01,logistics_and_delivery_system,4,shuffled_full,shuffle_18,independence,True,True,,0.0545184351503849,0.04898567870259285,-0.005532756447792053,0.0545184351503849,0.04898567870259285,-0.005532756447792053,False
graph_01,logistics_and_delivery_system,4,shuffled_full,shuffle_18,bridge,True,True,,0.0,4.636877292796271e-06,4.636877292796271e-06,0.0,4.636877292796271e-06,4.636877292796271e-06,False
graph_01,logistics_and_delivery_system,4,shuffled_full,shuffle_18,norm,True,True,,0.0003406626055948436,0.0023268244694918394,0.0019861618638969958,0.0003406626055948436,0.0023268244694918394,0.0019861618638969958,False
graph_01,logistics_and_delivery_system,4,shuffled_full,shuffle_19,generation,True,True,,3.0233941078186035,0.43669211864471436,-2.586701989173889,3.0233941078186035,0.43669211864471436,-2.586701989173889,False
graph_01,logistics_and_delivery_system,4,shuffled_full,shuffle_19,residual_norm,True,True,,0.004050143528729677,0.611552357673645,0.6075022141449153,0.004050143528729677,0.611552357673645,0.6075022141449153,False
graph_01,logistics_and_delivery_system,4,shuffled_full,shuffle_19,residual_alignment,True,True,,0.059785112738609314,0.10029390454292297,0.04050879180431366,0.059785112738609314,0.10029390454292297,0.04050879180431366,False
graph_01,logistics_and_delivery_system,4,shuffled_full,shuffle_19,independence,True,True,,0.06080790236592293,0.052447352558374405,-0.008360549807548523,0.06080790236592293,0.052447352558374405,-0.008360549807548523,False
graph_01,logistics_and_delivery_system,4,shuffled_full,shuffle_19,bridge,True,True,,0.0,0.0,0.0,0.0,0.0,0.0,False
graph_01,logistics_and_delivery_system,4,shuffled_full,shuffle_19,norm,True,True,,0.00035427187685854733,0.004895837511867285,0.0045415656350087374,0.00035427187685854733,0.004895837511867285,0.0045415656350087374,False
graph_01,logistics_and_delivery_system,4,raw_correlation,,generation,False,False,not_applicable_closed_form_baseline,,,,,,,False
graph_01,logistics_and_delivery_system,4,raw_correlation,,residual_norm,False,False,not_applicable_closed_form_baseline,,,,,,,False
graph_01,logistics_and_delivery_system,4,raw_correlation,,residual_alignment,False,False,not_applicable_closed_form_baseline,,,,,,,False
graph_01,logistics_and_delivery_system,4,raw_correlation,,independence,False,False,not_applicable_closed_form_baseline,,,,,,,False
graph_01,logistics_and_delivery_system,4,raw_correlation,,bridge,False,False,not_applicable_closed_form_baseline,,,,,,,False
graph_01,logistics_and_delivery_system,4,raw_correlation,,norm,False,False,not_applicable_closed_form_baseline,,,,,,,False
graph_01,logistics_and_delivery_system,4,uniform,,generation,False,False,not_applicable_closed_form_baseline,,,,,,,False
graph_01,logistics_and_delivery_system,4,uniform,,residual_norm,False,False,not_applicable_closed_form_baseline,,,,,,,False
graph_01,logistics_and_delivery_system,4,uniform,,residual_alignment,False,False,not_applicable_closed_form_baseline,,,,,,,False
graph_01,logistics_and_delivery_system,4,uniform,,independence,False,False,not_applicable_closed_form_baseline,,,,,,,False
graph_01,logistics_and_delivery_system,4,uniform,,bridge,False,False,not_applicable_closed_form_baseline,,,,,,,False
graph_01,logistics_and_delivery_system,4,uniform,,norm,False,False,not_applicable_closed_form_baseline,,,,,,,False
graph_02,water_treatment_system,0,full_oracle,,generation,True,True,,2.0967297554016113,0.3808045983314514,-1.71592515707016,2.0967297554016113,0.3808045983314514,-1.71592515707016,False
graph_02,water_treatment_system,0,full_oracle,,residual_norm,True,True,,0.004119065124541521,0.5088678002357483,0.5047487351112068,0.004119065124541521,0.5088678002357483,0.5047487351112068,False
graph_02,water_treatment_system,0,full_oracle,,residual_alignment,True,True,,0.0018420417327433825,0.030336227267980576,0.028494185535237193,0.0018420417327433825,0.030336227267980576,0.028494185535237193,False
graph_02,water_treatment_system,0,full_oracle,,independence,True,True,,0.06384220719337463,0.06108398735523224,-0.002758219838142395,0.06384220719337463,0.06108398735523224,-0.002758219838142395,False
graph_02,water_treatment_system,0,full_oracle,,bridge,True,True,,0.0,0.0,0.0,0.0,0.0,0.0,False
graph_02,water_treatment_system,0,full_oracle,,norm,True,True,,0.0026573266368359327,0.002158459508791566,-0.0004988671280443668,0.0026573266368359327,0.002158459508791566,-0.0004988671280443668,False
graph_02,water_treatment_system,0,generation_only_oracle,,generation,True,True,,2.0967297554016113,0.002808927558362484,-2.093920827843249,2.0967297554016113,0.002808927558362484,-2.093920827843249,False
graph_02,water_treatment_system,0,generation_only_oracle,,residual_norm,False,True,,0.004119065124541521,1.574682593345642,1.5705635282211006,0.0,0.0,0.0,False
graph_02,water_treatment_system,0,generation_only_oracle,,residual_alignment,False,True,,0.0018420417327433825,0.057623885571956635,0.05578184383921325,0.0,0.0,0.0,False
graph_02,water_treatment_system,0,generation_only_oracle,,independence,False,True,,0.06384220719337463,0.06159563735127449,-0.0022465698421001434,0.0,0.0,0.0,False
graph_02,water_treatment_system,0,generation_only_oracle,,bridge,False,True,,0.0,0.0,0.0,0.0,0.0,0.0,False
graph_02,water_treatment_system,0,generation_only_oracle,,norm,False,True,,0.0026573266368359327,0.002298689214512706,-0.00035863742232322693,0.0,0.0,0.0,False
graph_02,water_treatment_system,0,oracle_without_generation,,generation,False,True,,2.0967297554016113,4.203105926513672,2.1063761711120605,0.0,0.0,0.0,False
graph_02,water_treatment_system,0,oracle_without_generation,,residual_norm,True,True,,0.004119065124541521,0.07504530251026154,0.07092623738572001,0.004119065124541521,0.07504530251026154,0.07092623738572001,False
graph_02,water_treatment_system,0,oracle_without_generation,,residual_alignment,True,True,,0.0018420417327433825,0.015180574730038643,0.01333853299729526,0.0018420417327433825,0.015180574730038643,0.01333853299729526,False
graph_02,water_treatment_system,0,oracle_without_generation,,independence,True,True,,0.06384220719337463,0.0491284541785717,-0.014713753014802933,0.06384220719337463,0.0491284541785717,-0.014713753014802933,False
graph_02,water_treatment_system,0,oracle_without_generation,,bridge,True,True,,0.0,1.1039614946639631e-05,1.1039614946639631e-05,0.0,1.1039614946639631e-05,1.1039614946639631e-05,False
graph_02,water_treatment_system,0,oracle_without_generation,,norm,True,True,,0.0026573266368359327,2.4075420697045047e-06,-0.0026549190947662282,0.0026573266368359327,2.4075420697045047e-06,-0.0026549190947662282,False
graph_02,water_treatment_system,0,residual_only_oracle,,generation,False,True,,2.0967297554016113,2.2014875411987305,0.10475778579711914,0.0,0.0,0.0,False
graph_02,water_treatment_system,0,residual_only_oracle,,residual_norm,True,True,,0.004119065124541521,0.07504530251026154,0.07092623738572001,0.004119065124541521,0.07504530251026154,0.07092623738572001,False
graph_02,water_treatment_system,0,residual_only_oracle,,residual_alignment,True,True,,0.0018420417327433825,0.015180574730038643,0.01333853299729526,0.0018420417327433825,0.015180574730038643,0.01333853299729526,False
graph_02,water_treatment_system,0,residual_only_oracle,,independence,False,True,,0.06384220719337463,0.06384220719337463,0.0,0.0,0.0,0.0,False
graph_02,water_treatment_system,0,residual_only_oracle,,bridge,False,True,,0.0,0.0,0.0,0.0,0.0,0.0,False
graph_02,water_treatment_system,0,residual_only_oracle,,norm,False,True,,0.0026573266368359327,0.0026573266368359327,0.0,0.0,0.0,0.0,False
graph_02,water_treatment_system,0,independence_only_oracle,,generation,False,True,,2.0967297554016113,44.48844909667969,42.391719341278076,0.0,0.0,0.0,False
graph_02,water_treatment_system,0,independence_only_oracle,,residual_norm,False,True,,0.004119065124541521,0.004119065124541521,0.0,0.0,0.0,0.0,False
graph_02,water_treatment_system,0,independence_only_oracle,,residual_alignment,False,True,,0.0018420417327433825,0.0018420417327433825,0.0,0.0,0.0,0.0,False
graph_02,water_treatment_system,0,independence_only_oracle,,independence,True,True,,0.06384220719337463,0.04915815219283104,-0.014684055000543594,0.06384220719337463,0.04915815219283104,-0.014684055000543594,False
graph_02,water_treatment_system,0,independence_only_oracle,,bridge,True,True,,0.0,7.03857876942493e-05,7.03857876942493e-05,0.0,7.03857876942493e-05,7.03857876942493e-05,False
graph_02,water_treatment_system,0,independence_only_oracle,,norm,False,True,,0.0026573266368359327,0.42719337344169617,0.42453604680486023,0.0,0.0,0.0,False
graph_02,water_treatment_system,0,symmetrized_oracle,,generation,True,True,,12.89593505859375,1.1196873188018799,-11.77624773979187,12.89593505859375,1.1196873188018799,-11.77624773979187,False
graph_02,water_treatment_system,0,symmetrized_oracle,,residual_norm,True,True,,0.004082993138581514,2.1384053230285645,2.134322329889983,0.004082993138581514,2.1384053230285645,2.134322329889983,False
graph_02,water_treatment_system,0,symmetrized_oracle,,residual_alignment,True,True,,0.01831766590476036,0.4047059714794159,0.38638830557465553,0.01831766590476036,0.4047059714794159,0.38638830557465553,False
graph_02,water_treatment_system,0,symmetrized_oracle,,independence,True,True,,0.0,0.0,0.0,0.0,0.0,0.0,False
graph_02,water_treatment_system,0,symmetrized_oracle,,bridge,True,True,,0.0,0.00019585664267651737,0.00019585664267651737,0.0,0.00019585664267651737,0.00019585664267651737,False
graph_02,water_treatment_system,0,symmetrized_oracle,,norm,True,True,,0.002535751787945628,0.006182206328958273,0.0036464545410126448,0.002535751787945628,0.006182206328958273,0.0036464545410126448,False
graph_02,water_treatment_system,0,markov_blanket_oracle,,generation,True,True,,22.246389389038086,1.7971243858337402,-20.449265003204346,22.246389389038086,1.7971243858337402,-20.449265003204346,False
graph_02,water_treatment_system,0,markov_blanket_oracle,,residual_norm,True,True,,0.004080554936081171,3.5518946647644043,3.547814109828323,0.004080554936081171,3.5518946647644043,3.547814109828323,False
graph_02,water_treatment_system,0,markov_blanket_oracle,,residual_alignment,True,True,,0.031555596739053726,0.48280730843544006,0.45125171169638634,0.031555596739053726,0.48280730843544006,0.45125171169638634,False
graph_02,water_treatment_system,0,markov_blanket_oracle,,independence,True,True,,0.0,0.0,0.0,0.0,0.0,0.0,False
graph_02,water_treatment_system,0,markov_blanket_oracle,,bridge,True,True,,0.0,5.892348781344481e-06,5.892348781344481e-06,0.0,5.892348781344481e-06,5.892348781344481e-06,False
graph_02,water_treatment_system,0,markov_blanket_oracle,,norm,True,True,,0.0025380791630595922,0.005454415455460548,0.002916336292400956,0.0025380791630595922,0.005454415455460548,0.002916336292400956,False
graph_02,water_treatment_system,0,same_module_graph,,generation,True,True,,7.9342145919799805,0.7783994078636169,-7.1558151841163635,7.9342145919799805,0.7783994078636169,-7.1558151841163635,False
graph_02,water_treatment_system,0,same_module_graph,,residual_norm,True,True,,0.004073078278452158,1.4857085943222046,1.4816355160437524,0.004073078278452158,1.4857085943222046,1.4816355160437524,False
graph_02,water_treatment_system,0,same_module_graph,,residual_alignment,True,True,,0.03561927005648613,0.27062657475471497,0.23500730469822884,0.03561927005648613,0.27062657475471497,0.23500730469822884,False
graph_02,water_treatment_system,0,same_module_graph,,independence,True,True,,0.05581843852996826,0.049931831657886505,-0.005886606872081757,0.05581843852996826,0.049931831657886505,-0.005886606872081757,False
graph_02,water_treatment_system,0,same_module_graph,,bridge,True,True,,0.0,0.0,0.0,0.0,0.0,0.0,False
graph_02,water_treatment_system,0,same_module_graph,,norm,True,True,,0.0025287973694503307,0.010460328310728073,0.007931530941277742,0.0025287973694503307,0.010460328310728073,0.007931530941277742,False
graph_02,water_treatment_system,0,reversed_full,,generation,True,True,,2.970759868621826,0.2725321650505066,-2.6982277035713196,2.970759868621826,0.2725321650505066,-2.6982277035713196,False
graph_02,water_treatment_system,0,reversed_full,,residual_norm,True,True,,0.004021541215479374,0.4973399043083191,0.4933183630928397,0.004021541215479374,0.4973399043083191,0.4933183630928397,False
graph_02,water_treatment_system,0,reversed_full,,residual_alignment,True,True,,0.019454380497336388,0.08023062348365784,0.06077624298632145,0.019454380497336388,0.08023062348365784,0.06077624298632145,False
graph_02,water_treatment_system,0,reversed_full,,independence,True,True,,0.0,0.0,0.0,0.0,0.0,0.0,False
graph_02,water_treatment_system,0,reversed_full,,bridge,True,True,,0.0,0.0,0.0,0.0,0.0,0.0,False
graph_02,water_treatment_system,0,reversed_full,,norm,True,True,,0.002749605569988489,0.0017681317403912544,-0.0009814738295972347,0.002749605569988489,0.0017681317403912544,-0.0009814738295972347,False
graph_02,water_treatment_system,0,shuffled_full,shuffle_00,generation,True,True,,3.0220634937286377,0.4544976055622101,-2.5675658881664276,3.0220634937286377,0.4544976055622101,-2.5675658881664276,False
graph_02,water_treatment_system,0,shuffled_full,shuffle_00,residual_norm,True,True,,0.0040455954149365425,0.6122239232063293,0.6081783277913928,0.0040455954149365425,0.6122239232063293,0.6081783277913928,False
graph_02,water_treatment_system,0,shuffled_full,shuffle_00,residual_alignment,True,True,,0.04885111749172211,0.10692879557609558,0.058077678084373474,0.04885111749172211,0.10692879557609558,0.058077678084373474,False
graph_02,water_treatment_system,0,shuffled_full,shuffle_00,independence,True,True,,0.06504685431718826,0.03767760097980499,-0.02736925333738327,0.06504685431718826,0.03767760097980499,-0.02736925333738327,False
graph_02,water_treatment_system,0,shuffled_full,shuffle_00,bridge,True,True,,0.0,0.0,0.0,0.0,0.0,0.0,False
graph_02,water_treatment_system,0,shuffled_full,shuffle_00,norm,True,True,,0.002550448989495635,0.002115949522703886,-0.000434499466791749,0.002550448989495635,0.002115949522703886,-0.000434499466791749,False
graph_02,water_treatment_system,0,shuffled_full,shuffle_01,generation,True,True,,2.186553716659546,0.2699030637741089,-1.916650652885437,2.186553716659546,0.2699030637741089,-1.916650652885437,False
graph_02,water_treatment_system,0,shuffled_full,shuffle_01,residual_norm,True,True,,0.004048881586641073,0.3403220772743225,0.33627319568768144,0.004048881586641073,0.3403220772743225,0.33627319568768144,False
graph_02,water_treatment_system,0,shuffled_full,shuffle_01,residual_alignment,True,True,,0.04417022317647934,0.058353498578071594,0.014183275401592255,0.04417022317647934,0.058353498578071594,0.014183275401592255,False
graph_02,water_treatment_system,0,shuffled_full,shuffle_01,independence,True,True,,0.06429163366556168,0.06453920155763626,0.00024756789207458496,0.06429163366556168,0.06453920155763626,0.00024756789207458496,False
graph_02,water_treatment_system,0,shuffled_full,shuffle_01,bridge,True,True,,0.0,0.0,0.0,0.0,0.0,0.0,False
graph_02,water_treatment_system,0,shuffled_full,shuffle_01,norm,True,True,,0.002543958369642496,0.005710091441869736,0.0031661330722272396,0.002543958369642496,0.005710091441869736,0.0031661330722272396,False
graph_02,water_treatment_system,0,shuffled_full,shuffle_02,generation,True,True,,2.2952382564544678,0.3268696963787079,-1.9683685600757599,2.2952382564544678,0.3268696963787079,-1.9683685600757599,False
graph_02,water_treatment_system,0,shuffled_full,shuffle_02,residual_norm,True,True,,0.004061397630721331,0.45931342244148254,0.4552520248107612,0.004061397630721331,0.45931342244148254,0.4552520248107612,False
graph_02,water_treatment_system,0,shuffled_full,shuffle_02,residual_alignment,True,True,,0.05513849854469299,0.061206646263599396,0.006068147718906403,0.05513849854469299,0.061206646263599396,0.006068147718906403,False
graph_02,water_treatment_system,0,shuffled_full,shuffle_02,independence,True,True,,0.06637952476739883,0.062237802892923355,-0.004141721874475479,0.06637952476739883,0.062237802892923355,-0.004141721874475479,False
graph_02,water_treatment_system,0,shuffled_full,shuffle_02,bridge,True,True,,0.0,0.0,0.0,0.0,0.0,0.0,False
graph_02,water_treatment_system,0,shuffled_full,shuffle_02,norm,True,True,,0.0026432357262820005,0.012621778063476086,0.009978542337194085,0.0026432357262820005,0.012621778063476086,0.009978542337194085,False
graph_02,water_treatment_system,0,shuffled_full,shuffle_03,generation,True,True,,2.3750858306884766,0.3352071940898895,-2.039878636598587,2.3750858306884766,0.3352071940898895,-2.039878636598587,False
graph_02,water_treatment_system,0,shuffled_full,shuffle_03,residual_norm,True,True,,0.004053825046867132,0.44929155707359314,0.445237732026726,0.004053825046867132,0.44929155707359314,0.445237732026726,False
graph_02,water_treatment_system,0,shuffled_full,shuffle_03,residual_alignment,True,True,,0.052906639873981476,0.05500641092658043,0.0020997710525989532,0.052906639873981476,0.05500641092658043,0.0020997710525989532,False
graph_02,water_treatment_system,0,shuffled_full,shuffle_03,independence,True,True,,0.06482602655887604,0.06450944393873215,-0.0003165826201438904,0.06482602655887604,0.06450944393873215,-0.0003165826201438904,False
graph_02,water_treatment_system,0,shuffled_full,shuffle_03,bridge,True,True,,0.0,0.0,0.0,0.0,0.0,0.0,False
graph_02,water_treatment_system,0,shuffled_full,shuffle_03,norm,True,True,,0.0028018944431096315,0.03778050094842911,0.034978606505319476,0.0028018944431096315,0.03778050094842911,0.034978606505319476,False
graph_02,water_treatment_system,0,shuffled_full,shuffle_04,generation,True,True,,2.489462375640869,0.3663111925125122,-2.123151183128357,2.489462375640869,0.3663111925125122,-2.123151183128357,False
graph_02,water_treatment_system,0,shuffled_full,shuffle_04,residual_norm,True,True,,0.003998002968728542,0.5034874081611633,0.4994894051924348,0.003998002968728542,0.5034874081611633,0.4994894051924348,False
graph_02,water_treatment_system,0,shuffled_full,shuffle_04,residual_alignment,True,True,,0.039916813373565674,0.07088374346494675,0.030966930091381073,0.039916813373565674,0.07088374346494675,0.030966930091381073,False
graph_02,water_treatment_system,0,shuffled_full,shuffle_04,independence,True,True,,0.06743601709604263,0.050088346004486084,-0.01734767109155655,0.06743601709604263,0.050088346004486084,-0.01734767109155655,False
graph_02,water_treatment_system,0,shuffled_full,shuffle_04,bridge,True,True,,0.0,0.0,0.0,0.0,0.0,0.0,False
graph_02,water_treatment_system,0,shuffled_full,shuffle_04,norm,True,True,,0.002751341089606285,0.003904385957866907,0.001153044868260622,0.002751341089606285,0.003904385957866907,0.001153044868260622,False
graph_02,water_treatment_system,0,shuffled_full,shuffle_05,generation,True,True,,2.7811484336853027,0.3857599198818207,-2.395388513803482,2.7811484336853027,0.3857599198818207,-2.395388513803482,False
graph_02,water_treatment_system,0,shuffled_full,shuffle_05,residual_norm,True,True,,0.0040320116095244884,0.507308304309845,0.5032762927003205,0.0040320116095244884,0.507308304309845,0.5032762927003205,False
graph_02,water_treatment_system,0,shuffled_full,shuffle_05,residual_alignment,True,True,,0.04622495919466019,0.0763111338019371,0.030086174607276917,0.04622495919466019,0.0763111338019371,0.030086174607276917,False
graph_02,water_treatment_system,0,shuffled_full,shuffle_05,independence,True,True,,0.0660930648446083,0.0643114224076271,-0.0017816424369812012,0.0660930648446083,0.0643114224076271,-0.0017816424369812012,False
graph_02,water_treatment_system,0,shuffled_full,shuffle_05,bridge,True,True,,0.0,0.0,0.0,0.0,0.0,0.0,False
graph_02,water_treatment_system,0,shuffled_full,shuffle_05,norm,True,True,,0.0028197290375828743,0.046846359968185425,0.04402663093060255,0.0028197290375828743,0.046846359968185425,0.04402663093060255,False
graph_02,water_treatment_system,0,shuffled_full,shuffle_06,generation,True,True,,2.499190092086792,0.3570909798145294,-2.1420991122722626,2.499190092086792,0.3570909798145294,-2.1420991122722626,False
graph_02,water_treatment_system,0,shuffled_full,shuffle_06,residual_norm,True,True,,0.004043669905513525,0.5025894641876221,0.49854579428210855,0.004043669905513525,0.5025894641876221,0.49854579428210855,False
graph_02,water_treatment_system,0,shuffled_full,shuffle_06,residual_alignment,True,True,,0.0576535128057003,0.0629345178604126,0.0052810050547122955,0.0576535128057003,0.0629345178604126,0.0052810050547122955,False
graph_02,water_treatment_system,0,shuffled_full,shuffle_06,independence,True,True,,0.0661926195025444,0.05861750617623329,-0.0075751133263111115,0.0661926195025444,0.05861750617623329,-0.0075751133263111115,False
graph_02,water_treatment_system,0,shuffled_full,shuffle_06,bridge,True,True,,0.0,0.0,0.0,0.0,0.0,0.0,False
graph_02,water_treatment_system,0,shuffled_full,shuffle_06,norm,True,True,,0.002802574308589101,0.017613856121897697,0.014811281813308597,0.002802574308589101,0.017613856121897697,0.014811281813308597,False
graph_02,water_treatment_system,0,shuffled_full,shuffle_07,generation,True,True,,2.635128974914551,0.35104629397392273,-2.284082680940628,2.635128974914551,0.35104629397392273,-2.284082680940628,False
graph_02,water_treatment_system,0,shuffled_full,shuffle_07,residual_norm,True,True,,0.004011183511465788,0.5016781687736511,0.49766698526218534,0.004011183511465788,0.5016781687736511,0.49766698526218534,False
graph_02,water_treatment_system,0,shuffled_full,shuffle_07,residual_alignment,True,True,,0.03784216567873955,0.08533959835767746,0.04749743267893791,0.03784216567873955,0.08533959835767746,0.04749743267893791,False
graph_02,water_treatment_system,0,shuffled_full,shuffle_07,independence,True,True,,0.06553326547145844,0.05271782726049423,-0.012815438210964203,0.06553326547145844,0.05271782726049423,-0.012815438210964203,False
graph_02,water_treatment_system,0,shuffled_full,shuffle_07,bridge,True,True,,0.0,0.0,0.0,0.0,0.0,0.0,False
graph_02,water_treatment_system,0,shuffled_full,shuffle_07,norm,True,True,,0.002716764807701111,0.014160051941871643,0.011443287134170532,0.002716764807701111,0.014160051941871643,0.011443287134170532,False
graph_02,water_treatment_system,0,shuffled_full,shuffle_08,generation,True,True,,2.691096067428589,0.36023297905921936,-2.3308630883693695,2.691096067428589,0.36023297905921936,-2.3308630883693695,False
graph_02,water_treatment_system,0,shuffled_full,shuffle_08,residual_norm,True,True,,0.004035804886370897,0.5232858657836914,0.5192500608973205,0.004035804886370897,0.5232858657836914,0.5192500608973205,False
graph_02,water_treatment_system,0,shuffled_full,shuffle_08,residual_alignment,True,True,,0.040339693427085876,0.08202748000621796,0.04168778657913208,0.040339693427085876,0.08202748000621796,0.04168778657913208,False
graph_02,water_treatment_system,0,shuffled_full,shuffle_08,independence,True,True,,0.06601348519325256,0.06632295995950699,0.00030947476625442505,0.06601348519325256,0.06632295995950699,0.00030947476625442505,False
graph_02,water_treatment_system,0,shuffled_full,shuffle_08,bridge,True,True,,0.0,0.0,0.0,0.0,0.0,0.0,False
graph_02,water_treatment_system,0,shuffled_full,shuffle_08,norm,True,True,,0.0025521216448396444,0.0027604138012975454,0.000208292156457901,0.0025521216448396444,0.0027604138012975454,0.000208292156457901,False
graph_02,water_treatment_system,0,shuffled_full,shuffle_09,generation,True,True,,2.4185404777526855,0.3506926894187927,-2.067847788333893,2.4185404777526855,0.3506926894187927,-2.067847788333893,False
graph_02,water_treatment_system,0,shuffled_full,shuffle_09,residual_norm,True,True,,0.004062416963279247,0.4456835389137268,0.44162112195044756,0.004062416963279247,0.4456835389137268,0.44162112195044756,False
graph_02,water_treatment_system,0,shuffled_full,shuffle_09,residual_alignment,True,True,,0.0411284975707531,0.06001000851392746,0.018881510943174362,0.0411284975707531,0.06001000851392746,0.018881510943174362,False
graph_02,water_treatment_system,0,shuffled_full,shuffle_09,independence,True,True,,0.06665340065956116,0.06482179462909698,-0.0018316060304641724,0.06665340065956116,0.06482179462909698,-0.0018316060304641724,False
graph_02,water_treatment_system,0,shuffled_full,shuffle_09,bridge,True,True,,0.0,0.0,0.0,0.0,0.0,0.0,False
graph_02,water_treatment_system,0,shuffled_full,shuffle_09,norm,True,True,,0.0025589007418602705,0.006128255277872086,0.003569354536011815,0.0025589007418602705,0.006128255277872086,0.003569354536011815,False
graph_02,water_treatment_system,0,shuffled_full,shuffle_10,generation,True,True,,2.5073981285095215,0.365588903427124,-2.1418092250823975,2.5073981285095215,0.365588903427124,-2.1418092250823975,False
graph_02,water_treatment_system,0,shuffled_full,shuffle_10,residual_norm,True,True,,0.00400833785533905,0.5212498903274536,0.5172415524721146,0.00400833785533905,0.5212498903274536,0.5172415524721146,False
graph_02,water_treatment_system,0,shuffled_full,shuffle_10,residual_alignment,True,True,,0.04525291547179222,0.06505215913057327,0.01979924365878105,0.04525291547179222,0.06505215913057327,0.01979924365878105,False
graph_02,water_treatment_system,0,shuffled_full,shuffle_10,independence,True,True,,0.0652550533413887,0.044645749032497406,-0.020609304308891296,0.0652550533413887,0.044645749032497406,-0.020609304308891296,False
graph_02,water_treatment_system,0,shuffled_full,shuffle_10,bridge,True,True,,0.0,9.670865983935073e-05,9.670865983935073e-05,0.0,9.670865983935073e-05,9.670865983935073e-05,False
graph_02,water_treatment_system,0,shuffled_full,shuffle_10,norm,True,True,,0.002894642064347863,0.002070736140012741,-0.0008239059243351221,0.002894642064347863,0.002070736140012741,-0.0008239059243351221,False
graph_02,water_treatment_system,0,shuffled_full,shuffle_11,generation,True,True,,2.332984209060669,0.27800223231315613,-2.054981976747513,2.332984209060669,0.27800223231315613,-2.054981976747513,False
graph_02,water_treatment_system,0,shuffled_full,shuffle_11,residual_norm,True,True,,0.00405670702457428,0.38656213879585266,0.3825054317712784,0.00405670702457428,0.38656213879585266,0.3825054317712784,False
graph_02,water_treatment_system,0,shuffled_full,shuffle_11,residual_alignment,True,True,,0.05252259224653244,0.05384448915719986,0.0013218969106674194,0.05252259224653244,0.05384448915719986,0.0013218969106674194,False
graph_02,water_treatment_system,0,shuffled_full,shuffle_11,independence,True,True,,0.06612661480903625,0.048631370067596436,-0.01749524474143982,0.06612661480903625,0.048631370067596436,-0.01749524474143982,False
graph_02,water_treatment_system,0,shuffled_full,shuffle_11,bridge,True,True,,0.0,0.0,0.0,0.0,0.0,0.0,False
graph_02,water_treatment_system,0,shuffled_full,shuffle_11,norm,True,True,,0.002737797563895583,0.009070324711501598,0.006332527147606015,0.002737797563895583,0.009070324711501598,0.006332527147606015,False
graph_02,water_treatment_system,0,shuffled_full,shuffle_12,generation,True,True,,2.616969347000122,0.3720000386238098,-2.2449693083763123,2.616969347000122,0.3720000386238098,-2.2449693083763123,False
graph_02,water_treatment_system,0,shuffled_full,shuffle_12,residual_norm,True,True,,0.004010426811873913,0.48415878415107727,0.48014835733920336,0.004010426811873913,0.48415878415107727,0.48014835733920336,False
graph_02,water_treatment_system,0,shuffled_full,shuffle_12,residual_alignment,True,True,,0.036976251751184464,0.07086703181266785,0.03389078006148338,0.036976251751184464,0.07086703181266785,0.03389078006148338,False
graph_02,water_treatment_system,0,shuffled_full,shuffle_12,independence,True,True,,0.062338411808013916,0.04255284368991852,-0.019785568118095398,0.062338411808013916,0.04255284368991852,-0.019785568118095398,False
graph_02,water_treatment_system,0,shuffled_full,shuffle_12,bridge,True,True,,0.0,5.8282289501221385e-06,5.8282289501221385e-06,0.0,5.8282289501221385e-06,5.8282289501221385e-06,False
graph_02,water_treatment_system,0,shuffled_full,shuffle_12,norm,True,True,,0.0026903152465820312,0.013238928280770779,0.010548613034188747,0.0026903152465820312,0.013238928280770779,0.010548613034188747,False
graph_02,water_treatment_system,0,shuffled_full,shuffle_13,generation,True,True,,2.283860206604004,0.34523043036460876,-1.9386297762393951,2.283860206604004,0.34523043036460876,-1.9386297762393951,False
graph_02,water_treatment_system,0,shuffled_full,shuffle_13,residual_norm,True,True,,0.0040407609194517136,0.4718276560306549,0.4677868951112032,0.0040407609194517136,0.4718276560306549,0.4677868951112032,False
graph_02,water_treatment_system,0,shuffled_full,shuffle_13,residual_alignment,True,True,,0.040866706520318985,0.0684610903263092,0.02759438380599022,0.040866706520318985,0.0684610903263092,0.02759438380599022,False
graph_02,water_treatment_system,0,shuffled_full,shuffle_13,independence,True,True,,0.066102035343647,0.0650738775730133,-0.0010281577706336975,0.066102035343647,0.0650738775730133,-0.0010281577706336975,False
graph_02,water_treatment_system,0,shuffled_full,shuffle_13,bridge,True,True,,0.0,0.0,0.0,0.0,0.0,0.0,False
graph_02,water_treatment_system,0,shuffled_full,shuffle_13,norm,True,True,,0.002791311591863632,0.0035248405765742064,0.0007335289847105742,0.002791311591863632,0.0035248405765742064,0.0007335289847105742,False
graph_02,water_treatment_system,0,shuffled_full,shuffle_14,generation,True,True,,2.8767035007476807,0.3994739055633545,-2.477229595184326,2.8767035007476807,0.3994739055633545,-2.477229595184326,False
graph_02,water_treatment_system,0,shuffled_full,shuffle_14,residual_norm,True,True,,0.00405299523845315,0.5539506673812866,0.5498976721428335,0.00405299523845315,0.5539506673812866,0.5498976721428335,False
graph_02,water_treatment_system,0,shuffled_full,shuffle_14,residual_alignment,True,True,,0.05950886756181717,0.08049055933952332,0.020981691777706146,0.05950886756181717,0.08049055933952332,0.020981691777706146,False
graph_02,water_treatment_system,0,shuffled_full,shuffle_14,independence,True,True,,0.06324084848165512,0.04971257969737053,-0.013528268784284592,0.06324084848165512,0.04971257969737053,-0.013528268784284592,False
graph_02,water_treatment_system,0,shuffled_full,shuffle_14,bridge,True,True,,0.0,0.0,0.0,0.0,0.0,0.0,False
graph_02,water_treatment_system,0,shuffled_full,shuffle_14,norm,True,True,,0.0026816644240170717,0.006500652525573969,0.003818988101556897,0.0026816644240170717,0.006500652525573969,0.003818988101556897,False
graph_02,water_treatment_system,0,shuffled_full,shuffle_15,generation,True,True,,2.829127550125122,0.41495800018310547,-2.4141695499420166,2.829127550125122,0.41495800018310547,-2.4141695499420166,False
graph_02,water_treatment_system,0,shuffled_full,shuffle_15,residual_norm,True,True,,0.003997366409748793,0.5593918561935425,0.5553944897837937,0.003997366409748793,0.5593918561935425,0.5553944897837937,False
graph_02,water_treatment_system,0,shuffled_full,shuffle_15,residual_alignment,True,True,,0.05772176757454872,0.08694304525852203,0.029221277683973312,0.05772176757454872,0.08694304525852203,0.029221277683973312,False
graph_02,water_treatment_system,0,shuffled_full,shuffle_15,independence,True,True,,0.06195609271526337,0.05902289226651192,-0.0029332004487514496,0.06195609271526337,0.05902289226651192,-0.0029332004487514496,False
graph_02,water_treatment_system,0,shuffled_full,shuffle_15,bridge,True,True,,0.0,0.0,0.0,0.0,0.0,0.0,False
graph_02,water_treatment_system,0,shuffled_full,shuffle_15,norm,True,True,,0.0029001643415540457,0.027202827855944633,0.024302663514390588,0.0029001643415540457,0.027202827855944633,0.024302663514390588,False
graph_02,water_treatment_system,0,shuffled_full,shuffle_16,generation,True,True,,2.153697967529297,0.3597513437271118,-1.793946623802185,2.153697967529297,0.3597513437271118,-1.793946623802185,False
graph_02,water_treatment_system,0,shuffled_full,shuffle_16,residual_norm,True,True,,0.004055712837725878,0.4298924505710602,0.4258367377333343,0.004055712837725878,0.4298924505710602,0.4258367377333343,False
graph_02,water_treatment_system,0,shuffled_full,shuffle_16,residual_alignment,True,True,,0.050879985094070435,0.06464586406946182,0.013765878975391388,0.050879985094070435,0.06464586406946182,0.013765878975391388,False
graph_02,water_treatment_system,0,shuffled_full,shuffle_16,independence,True,True,,0.06381115317344666,0.04621870815753937,-0.017592445015907288,0.06381115317344666,0.04621870815753937,-0.017592445015907288,False
graph_02,water_treatment_system,0,shuffled_full,shuffle_16,bridge,True,True,,0.0,0.0,0.0,0.0,0.0,0.0,False
graph_02,water_treatment_system,0,shuffled_full,shuffle_16,norm,True,True,,0.002804866526275873,0.010402180254459381,0.007597313728183508,0.002804866526275873,0.010402180254459381,0.007597313728183508,False
graph_02,water_treatment_system,0,shuffled_full,shuffle_17,generation,True,True,,2.2042434215545654,0.33104559779167175,-1.8731978237628937,2.2042434215545654,0.33104559779167175,-1.8731978237628937,False
graph_02,water_treatment_system,0,shuffled_full,shuffle_17,residual_norm,True,True,,0.003996823914349079,0.43340471386909485,0.42940788995474577,0.003996823914349079,0.43340471386909485,0.42940788995474577,False
graph_02,water_treatment_system,0,shuffled_full,shuffle_17,residual_alignment,True,True,,0.049238331615924835,0.06886094808578491,0.019622616469860077,0.049238331615924835,0.06886094808578491,0.019622616469860077,False
graph_02,water_treatment_system,0,shuffled_full,shuffle_17,independence,True,True,,0.06661120057106018,0.06346872448921204,-0.0031424760818481445,0.06661120057106018,0.06346872448921204,-0.0031424760818481445,False
graph_02,water_treatment_system,0,shuffled_full,shuffle_17,bridge,True,True,,0.0,0.0,0.0,0.0,0.0,0.0,False
graph_02,water_treatment_system,0,shuffled_full,shuffle_17,norm,True,True,,0.002795414300635457,0.0066818371415138245,0.0038864228408783674,0.002795414300635457,0.0066818371415138245,0.0038864228408783674,False
graph_02,water_treatment_system,0,shuffled_full,shuffle_18,generation,True,True,,2.9963316917419434,0.37533143162727356,-2.62100026011467,2.9963316917419434,0.37533143162727356,-2.62100026011467,False
graph_02,water_treatment_system,0,shuffled_full,shuffle_18,residual_norm,True,True,,0.004000808112323284,0.5189899802207947,0.5149891721084714,0.004000808112323284,0.5189899802207947,0.5149891721084714,False
graph_02,water_treatment_system,0,shuffled_full,shuffle_18,residual_alignment,True,True,,0.05571316182613373,0.07021728157997131,0.014504119753837585,0.05571316182613373,0.07021728157997131,0.014504119753837585,False
graph_02,water_treatment_system,0,shuffled_full,shuffle_18,independence,True,True,,0.06352537125349045,0.04470955207943916,-0.018815819174051285,0.06352537125349045,0.04470955207943916,-0.018815819174051285,False
graph_02,water_treatment_system,0,shuffled_full,shuffle_18,bridge,True,True,,0.0,4.903153967461549e-05,4.903153967461549e-05,0.0,4.903153967461549e-05,4.903153967461549e-05,False
graph_02,water_treatment_system,0,shuffled_full,shuffle_18,norm,True,True,,0.0026850372087210417,0.031870242208242416,0.029185204999521375,0.0026850372087210417,0.031870242208242416,0.029185204999521375,False
graph_02,water_treatment_system,0,shuffled_full,shuffle_19,generation,True,True,,1.7486923933029175,0.26879799365997314,-1.4798943996429443,1.7486923933029175,0.26879799365997314,-1.4798943996429443,False
graph_02,water_treatment_system,0,shuffled_full,shuffle_19,residual_norm,True,True,,0.004067272413522005,0.3651508688926697,0.3610835964791477,0.004067272413522005,0.3651508688926697,0.3610835964791477,False
graph_02,water_treatment_system,0,shuffled_full,shuffle_19,residual_alignment,True,True,,0.03971395641565323,0.03783216327428818,-0.0018817931413650513,0.03971395641565323,0.03783216327428818,-0.0018817931413650513,False
graph_02,water_treatment_system,0,shuffled_full,shuffle_19,independence,True,True,,0.06561329215765,0.06608452647924423,0.0004712343215942383,0.06561329215765,0.06608452647924423,0.0004712343215942383,False
graph_02,water_treatment_system,0,shuffled_full,shuffle_19,bridge,True,True,,0.0,0.0,0.0,0.0,0.0,0.0,False
graph_02,water_treatment_system,0,shuffled_full,shuffle_19,norm,True,True,,0.0025369401555508375,0.0051248506642878056,0.002587910508736968,0.0025369401555508375,0.0051248506642878056,0.002587910508736968,False
graph_02,water_treatment_system,0,raw_correlation,,generation,False,False,not_applicable_closed_form_baseline,,,,,,,False
graph_02,water_treatment_system,0,raw_correlation,,residual_norm,False,False,not_applicable_closed_form_baseline,,,,,,,False
graph_02,water_treatment_system,0,raw_correlation,,residual_alignment,False,False,not_applicable_closed_form_baseline,,,,,,,False
graph_02,water_treatment_system,0,raw_correlation,,independence,False,False,not_applicable_closed_form_baseline,,,,,,,False
graph_02,water_treatment_system,0,raw_correlation,,bridge,False,False,not_applicable_closed_form_baseline,,,,,,,False
graph_02,water_treatment_system,0,raw_correlation,,norm,False,False,not_applicable_closed_form_baseline,,,,,,,False
graph_02,water_treatment_system,0,uniform,,generation,False,False,not_applicable_closed_form_baseline,,,,,,,False
graph_02,water_treatment_system,0,uniform,,residual_norm,False,False,not_applicable_closed_form_baseline,,,,,,,False
graph_02,water_treatment_system,0,uniform,,residual_alignment,False,False,not_applicable_closed_form_baseline,,,,,,,False
graph_02,water_treatment_system,0,uniform,,independence,False,False,not_applicable_closed_form_baseline,,,,,,,False
graph_02,water_treatment_system,0,uniform,,bridge,False,False,not_applicable_closed_form_baseline,,,,,,,False
graph_02,water_treatment_system,0,uniform,,norm,False,False,not_applicable_closed_form_baseline,,,,,,,False
graph_02,water_treatment_system,1,full_oracle,,generation,True,True,,1.725090742111206,0.3399834930896759,-1.3851072490215302,1.725090742111206,0.3399834930896759,-1.3851072490215302,False
graph_02,water_treatment_system,1,full_oracle,,residual_norm,True,True,,0.004104587249457836,0.4131764769554138,0.409071889705956,0.004104587249457836,0.4131764769554138,0.409071889705956,False
graph_02,water_treatment_system,1,full_oracle,,residual_alignment,True,True,,0.0016355314292013645,0.04499797150492668,0.04336244007572532,0.0016355314292013645,0.04499797150492668,0.04336244007572532,False
graph_02,water_treatment_system,1,full_oracle,,independence,True,True,,0.061165448278188705,0.05919884517788887,-0.001966603100299835,0.061165448278188705,0.05919884517788887,-0.001966603100299835,False
graph_02,water_treatment_system,1,full_oracle,,bridge,True,True,,0.0,0.0,0.0,0.0,0.0,0.0,False
graph_02,water_treatment_system,1,full_oracle,,norm,True,True,,0.0035979654639959335,0.0036567249335348606,5.875946953892708e-05,0.0035979654639959335,0.0036567249335348606,5.875946953892708e-05,False
graph_02,water_treatment_system,1,generation_only_oracle,,generation,True,True,,1.725090742111206,0.0024608036037534475,-1.7226299385074526,1.725090742111206,0.0024608036037534475,-1.7226299385074526,False
graph_02,water_treatment_system,1,generation_only_oracle,,residual_norm,False,True,,0.004104587249457836,1.3405487537384033,1.3364441664889455,0.0,0.0,0.0,False
graph_02,water_treatment_system,1,generation_only_oracle,,residual_alignment,False,True,,0.0016355314292013645,0.10667906701564789,0.10504353558644652,0.0,0.0,0.0,False
graph_02,water_treatment_system,1,generation_only_oracle,,independence,False,True,,0.061165448278188705,0.06021983548998833,-0.0009456127882003784,0.0,0.0,0.0,False
graph_02,water_treatment_system,1,generation_only_oracle,,bridge,False,True,,0.0,0.0,0.0,0.0,0.0,0.0,False
graph_02,water_treatment_system,1,generation_only_oracle,,norm,False,True,,0.0035979654639959335,0.0024134519044309855,-0.001184513559564948,0.0,0.0,0.0,False
graph_02,water_treatment_system,1,oracle_without_generation,,generation,False,True,,1.725090742111206,4.050521373748779,2.3254306316375732,0.0,0.0,0.0,False
graph_02,water_treatment_system,1,oracle_without_generation,,residual_norm,True,True,,0.004104587249457836,0.06230137497186661,0.05819678772240877,0.004104587249457836,0.06230137497186661,0.05819678772240877,False
graph_02,water_treatment_system,1,oracle_without_generation,,residual_alignment,True,True,,0.0016355314292013645,0.016309110447764397,0.014673579018563032,0.0016355314292013645,0.016309110447764397,0.014673579018563032,False
graph_02,water_treatment_system,1,oracle_without_generation,,independence,True,True,,0.061165448278188705,0.04973079636693001,-0.011434651911258698,0.061165448278188705,0.04973079636693001,-0.011434651911258698,False
graph_02,water_treatment_system,1,oracle_without_generation,,bridge,True,True,,0.0,2.1583395209745504e-05,2.1583395209745504e-05,0.0,2.1583395209745504e-05,2.1583395209745504e-05,False
graph_02,water_treatment_system,1,oracle_without_generation,,norm,True,True,,0.0035979654639959335,1.1180316050740657e-06,-0.0035968474323908595,0.0035979654639959335,1.1180316050740657e-06,-0.0035968474323908595,False
graph_02,water_treatment_system,1,residual_only_oracle,,generation,False,True,,1.725090742111206,1.804256558418274,0.07916581630706787,0.0,0.0,0.0,False
graph_02,water_treatment_system,1,residual_only_oracle,,residual_norm,True,True,,0.004104587249457836,0.06230137497186661,0.05819678772240877,0.004104587249457836,0.06230137497186661,0.05819678772240877,False
graph_02,water_treatment_system,1,residual_only_oracle,,residual_alignment,True,True,,0.0016355314292013645,0.016309110447764397,0.014673579018563032,0.0016355314292013645,0.016309110447764397,0.014673579018563032,False
graph_02,water_treatment_system,1,residual_only_oracle,,independence,False,True,,0.061165448278188705,0.061165448278188705,0.0,0.0,0.0,0.0,False
graph_02,water_treatment_system,1,residual_only_oracle,,bridge,False,True,,0.0,0.0,0.0,0.0,0.0,0.0,False
graph_02,water_treatment_system,1,residual_only_oracle,,norm,False,True,,0.0035979654639959335,0.0035979654639959335,0.0,0.0,0.0,0.0,False
graph_02,water_treatment_system,1,independence_only_oracle,,generation,False,True,,1.725090742111206,42.493099212646484,40.76800847053528,0.0,0.0,0.0,False
graph_02,water_treatment_system,1,independence_only_oracle,,residual_norm,False,True,,0.004104587249457836,0.004104587249457836,0.0,0.0,0.0,0.0,False
graph_02,water_treatment_system,1,independence_only_oracle,,residual_alignment,False,True,,0.0016355314292013645,0.0016355314292013645,0.0,0.0,0.0,0.0,False
graph_02,water_treatment_system,1,independence_only_oracle,,independence,True,True,,0.061165448278188705,0.049753136932849884,-0.011412311345338821,0.061165448278188705,0.049753136932849884,-0.011412311345338821,False
graph_02,water_treatment_system,1,independence_only_oracle,,bridge,True,True,,0.0,1.9298387996968813e-05,1.9298387996968813e-05,0.0,1.9298387996968813e-05,1.9298387996968813e-05,False
graph_02,water_treatment_system,1,independence_only_oracle,,norm,False,True,,0.0035979654639959335,0.39681681990623474,0.3932188544422388,0.0,0.0,0.0,False
graph_02,water_treatment_system,1,symmetrized_oracle,,generation,True,True,,11.009740829467773,1.1269539594650269,-9.882786870002747,11.009740829467773,1.1269539594650269,-9.882786870002747,False
graph_02,water_treatment_system,1,symmetrized_oracle,,residual_norm,True,True,,0.004068024922162294,2.13693904876709,2.1328710238449275,0.004068024922162294,2.13693904876709,2.1328710238449275,False
graph_02,water_treatment_system,1,symmetrized_oracle,,residual_alignment,True,True,,0.018653646111488342,0.2666512429714203,0.24799759685993195,0.018653646111488342,0.2666512429714203,0.24799759685993195,False
graph_02,water_treatment_system,1,symmetrized_oracle,,independence,True,True,,0.0,0.0,0.0,0.0,0.0,0.0,False
graph_02,water_treatment_system,1,symmetrized_oracle,,bridge,True,True,,0.0,0.00021656333410646766,0.00021656333410646766,0.0,0.00021656333410646766,0.00021656333410646766,False
graph_02,water_treatment_system,1,symmetrized_oracle,,norm,True,True,,0.0035721396561712027,0.0072111147455871105,0.003638975089415908,0.0035721396561712027,0.0072111147455871105,0.003638975089415908,False
graph_02,water_treatment_system,1,markov_blanket_oracle,,generation,True,True,,18.30872344970703,1.6142902374267578,-16.694433212280273,18.30872344970703,1.6142902374267578,-16.694433212280273,False
graph_02,water_treatment_system,1,markov_blanket_oracle,,residual_norm,True,True,,0.004067486617714167,3.1356489658355713,3.131581479217857,0.004067486617714167,3.1356489658355713,3.131581479217857,False
graph_02,water_treatment_system,1,markov_blanket_oracle,,residual_alignment,True,True,,0.03128723055124283,0.3095514178276062,0.2782641872763634,0.03128723055124283,0.3095514178276062,0.2782641872763634,False
graph_02,water_treatment_system,1,markov_blanket_oracle,,independence,True,True,,0.0,0.0,0.0,0.0,0.0,0.0,False
graph_02,water_treatment_system,1,markov_blanket_oracle,,bridge,True,True,,0.0,9.128286910708994e-05,9.128286910708994e-05,0.0,9.128286910708994e-05,9.128286910708994e-05,False
graph_02,water_treatment_system,1,markov_blanket_oracle,,norm,True,True,,0.003576074494048953,0.006042815279215574,0.002466740785166621,0.003576074494048953,0.006042815279215574,0.002466740785166621,False
graph_02,water_treatment_system,1,same_module_graph,,generation,True,True,,8.050889015197754,0.7937129139900208,-7.257176101207733,8.050889015197754,0.7937129139900208,-7.257176101207733,False
graph_02,water_treatment_system,1,same_module_graph,,residual_norm,True,True,,0.004059358034282923,1.4581695795059204,1.4541102214716375,0.004059358034282923,1.4581695795059204,1.4541102214716375,False
graph_02,water_treatment_system,1,same_module_graph,,residual_alignment,True,True,,0.03985884413123131,0.3113475441932678,0.2714887000620365,0.03985884413123131,0.3113475441932678,0.2714887000620365,False
graph_02,water_treatment_system,1,same_module_graph,,independence,True,True,,0.05259720981121063,0.04684797301888466,-0.0057492367923259735,0.05259720981121063,0.04684797301888466,-0.0057492367923259735,False
graph_02,water_treatment_system,1,same_module_graph,,bridge,True,True,,0.0,1.373474106003414e-06,1.373474106003414e-06,0.0,1.373474106003414e-06,1.373474106003414e-06,False
graph_02,water_treatment_system,1,same_module_graph,,norm,True,True,,0.003601260483264923,0.008632508106529713,0.00503124762326479,0.003601260483264923,0.008632508106529713,0.00503124762326479,False
graph_02,water_treatment_system,1,reversed_full,,generation,True,True,,3.1824357509613037,0.28063708543777466,-2.901798665523529,3.1824357509613037,0.28063708543777466,-2.901798665523529,False
graph_02,water_treatment_system,1,reversed_full,,residual_norm,True,True,,0.004020983818918467,0.5107653737068176,0.5067443898878992,0.004020983818918467,0.5107653737068176,0.5067443898878992,False
graph_02,water_treatment_system,1,reversed_full,,residual_alignment,True,True,,0.01991042122244835,0.07659245282411575,0.056682031601667404,0.01991042122244835,0.07659245282411575,0.056682031601667404,False
graph_02,water_treatment_system,1,reversed_full,,independence,True,True,,0.0,0.0,0.0,0.0,0.0,0.0,False
graph_02,water_treatment_system,1,reversed_full,,bridge,True,True,,0.0,0.0,0.0,0.0,0.0,0.0,False
graph_02,water_treatment_system,1,reversed_full,,norm,True,True,,0.003644969081506133,0.0014049481833353639,-0.002240020898170769,0.003644969081506133,0.0014049481833353639,-0.002240020898170769,False
graph_02,water_treatment_system,1,shuffled_full,shuffle_00,generation,True,True,,2.8105356693267822,0.36150556802749634,-2.449030101299286,2.8105356693267822,0.36150556802749634,-2.449030101299286,False
graph_02,water_treatment_system,1,shuffled_full,shuffle_00,residual_norm,True,True,,0.004038917366415262,0.5054929852485657,0.5014540678821504,0.004038917366415262,0.5054929852485657,0.5014540678821504,False
graph_02,water_treatment_system,1,shuffled_full,shuffle_00,residual_alignment,True,True,,0.04967420548200607,0.07283743470907211,0.02316322922706604,0.04967420548200607,0.07283743470907211,0.02316322922706604,False
graph_02,water_treatment_system,1,shuffled_full,shuffle_00,independence,True,True,,0.06355283409357071,0.06444040685892105,0.0008875727653503418,0.06355283409357071,0.06444040685892105,0.0008875727653503418,False
graph_02,water_treatment_system,1,shuffled_full,shuffle_00,bridge,True,True,,0.0,0.0,0.0,0.0,0.0,0.0,False
graph_02,water_treatment_system,1,shuffled_full,shuffle_00,norm,True,True,,0.003603509161621332,0.003617896931245923,1.4387769624590874e-05,0.003603509161621332,0.003617896931245923,1.4387769624590874e-05,False
graph_02,water_treatment_system,1,shuffled_full,shuffle_01,generation,True,True,,2.2709031105041504,0.27731451392173767,-1.9935885965824127,2.2709031105041504,0.27731451392173767,-1.9935885965824127,False
graph_02,water_treatment_system,1,shuffled_full,shuffle_01,residual_norm,True,True,,0.004053786862641573,0.36095258593559265,0.3568987990729511,0.004053786862641573,0.36095258593559265,0.3568987990729511,False
graph_02,water_treatment_system,1,shuffled_full,shuffle_01,residual_alignment,True,True,,0.03931779786944389,0.04621414467692375,0.006896346807479858,0.03931779786944389,0.04621414467692375,0.006896346807479858,False
graph_02,water_treatment_system,1,shuffled_full,shuffle_01,independence,True,True,,0.05115634948015213,0.05919695273041725,0.008040603250265121,0.05115634948015213,0.05919695273041725,0.008040603250265121,False
graph_02,water_treatment_system,1,shuffled_full,shuffle_01,bridge,True,True,,0.0,0.0,0.0,0.0,0.0,0.0,False
graph_02,water_treatment_system,1,shuffled_full,shuffle_01,norm,True,True,,0.003952923696488142,0.03486812114715576,0.03091519745066762,0.003952923696488142,0.03486812114715576,0.03091519745066762,False
graph_02,water_treatment_system,1,shuffled_full,shuffle_02,generation,True,True,,2.2806456089019775,0.32924535870552063,-1.951400250196457,2.2806456089019775,0.32924535870552063,-1.951400250196457,False
graph_02,water_treatment_system,1,shuffled_full,shuffle_02,residual_norm,True,True,,0.004022697452455759,0.4273878037929535,0.42336510634049773,0.004022697452455759,0.4273878037929535,0.42336510634049773,False
graph_02,water_treatment_system,1,shuffled_full,shuffle_02,residual_alignment,True,True,,0.053182538598775864,0.05488453432917595,0.0017019957304000854,0.053182538598775864,0.05488453432917595,0.0017019957304000854,False
graph_02,water_treatment_system,1,shuffled_full,shuffle_02,independence,True,True,,0.060207776725292206,0.06313841789960861,0.0029306411743164062,0.060207776725292206,0.06313841789960861,0.0029306411743164062,False
graph_02,water_treatment_system,1,shuffled_full,shuffle_02,bridge,True,True,,0.0,0.0,0.0,0.0,0.0,0.0,False
graph_02,water_treatment_system,1,shuffled_full,shuffle_02,norm,True,True,,0.003707988653331995,0.026653531938791275,0.02294554328545928,0.003707988653331995,0.026653531938791275,0.02294554328545928,False
graph_02,water_treatment_system,1,shuffled_full,shuffle_03,generation,True,True,,2.6300048828125,0.34990841150283813,-2.280096471309662,2.6300048828125,0.34990841150283813,-2.280096471309662,False
graph_02,water_treatment_system,1,shuffled_full,shuffle_03,residual_norm,True,True,,0.004034974612295628,0.48060354590415955,0.4765685712918639,0.004034974612295628,0.48060354590415955,0.4765685712918639,False
graph_02,water_treatment_system,1,shuffled_full,shuffle_03,residual_alignment,True,True,,0.05172291770577431,0.05766110494732857,0.00593818724155426,0.05172291770577431,0.05766110494732857,0.00593818724155426,False
graph_02,water_treatment_system,1,shuffled_full,shuffle_03,independence,True,True,,0.059353068470954895,0.05887270346283913,-0.00048036500811576843,0.059353068470954895,0.05887270346283913,-0.00048036500811576843,False
graph_02,water_treatment_system,1,shuffled_full,shuffle_03,bridge,True,True,,0.0,0.0,0.0,0.0,0.0,0.0,False
graph_02,water_treatment_system,1,shuffled_full,shuffle_03,norm,True,True,,0.003808185225352645,0.0052465698681771755,0.0014383846428245306,0.003808185225352645,0.0052465698681771755,0.0014383846428245306,False
graph_02,water_treatment_system,1,shuffled_full,shuffle_04,generation,True,True,,2.834825038909912,0.36591002345085144,-2.4689150154590607,2.834825038909912,0.36591002345085144,-2.4689150154590607,False
graph_02,water_treatment_system,1,shuffled_full,shuffle_04,residual_norm,True,True,,0.003973120357841253,0.4652866721153259,0.4613135517574847,0.003973120357841253,0.4652866721153259,0.4613135517574847,False
graph_02,water_treatment_system,1,shuffled_full,shuffle_04,residual_alignment,True,True,,0.03731390833854675,0.0743480920791626,0.037034183740615845,0.03731390833854675,0.0743480920791626,0.037034183740615845,False
graph_02,water_treatment_system,1,shuffled_full,shuffle_04,independence,True,True,,0.061495572328567505,0.04104885831475258,-0.020446714013814926,0.061495572328567505,0.04104885831475258,-0.020446714013814926,False
graph_02,water_treatment_system,1,shuffled_full,shuffle_04,bridge,True,True,,0.0,0.0,0.0,0.0,0.0,0.0,False
graph_02,water_treatment_system,1,shuffled_full,shuffle_04,norm,True,True,,0.003695528954267502,0.034388359636068344,0.030692830681800842,0.003695528954267502,0.034388359636068344,0.030692830681800842,False
graph_02,water_treatment_system,1,shuffled_full,shuffle_05,generation,True,True,,2.8631787300109863,0.45104214549064636,-2.41213658452034,2.8631787300109863,0.45104214549064636,-2.41213658452034,False
graph_02,water_treatment_system,1,shuffled_full,shuffle_05,residual_norm,True,True,,0.004035108257085085,0.6244639754295349,0.6204288671724498,0.004035108257085085,0.6244639754295349,0.6204288671724498,False
graph_02,water_treatment_system,1,shuffled_full,shuffle_05,residual_alignment,True,True,,0.04468956217169762,0.12123165279626846,0.07654209062457085,0.04468956217169762,0.12123165279626846,0.07654209062457085,False
graph_02,water_treatment_system,1,shuffled_full,shuffle_05,independence,True,True,,0.05357147753238678,0.038902800530195236,-0.014668677002191544,0.05357147753238678,0.038902800530195236,-0.014668677002191544,False
graph_02,water_treatment_system,1,shuffled_full,shuffle_05,bridge,True,True,,0.0,0.0,0.0,0.0,0.0,0.0,False
graph_02,water_treatment_system,1,shuffled_full,shuffle_05,norm,True,True,,0.0036593067925423384,0.0018082179594784975,-0.0018510888330638409,0.0036593067925423384,0.0018082179594784975,-0.0018510888330638409,False
graph_02,water_treatment_system,1,shuffled_full,shuffle_06,generation,True,True,,2.660083532333374,0.3570106029510498,-2.303072929382324,2.660083532333374,0.3570106029510498,-2.303072929382324,False
graph_02,water_treatment_system,1,shuffled_full,shuffle_06,residual_norm,True,True,,0.004029001109302044,0.4832098186016083,0.47918081749230623,0.004029001109302044,0.4832098186016083,0.47918081749230623,False
graph_02,water_treatment_system,1,shuffled_full,shuffle_06,residual_alignment,True,True,,0.058713432401418686,0.06738091260194778,0.008667480200529099,0.058713432401418686,0.06738091260194778,0.008667480200529099,False
graph_02,water_treatment_system,1,shuffled_full,shuffle_06,independence,True,True,,0.06443320214748383,0.06317513436079025,-0.001258067786693573,0.06443320214748383,0.06317513436079025,-0.001258067786693573,False
graph_02,water_treatment_system,1,shuffled_full,shuffle_06,bridge,True,True,,0.0,0.0,0.0,0.0,0.0,0.0,False
graph_02,water_treatment_system,1,shuffled_full,shuffle_06,norm,True,True,,0.0036947131156921387,0.009754711762070656,0.006059998646378517,0.0036947131156921387,0.009754711762070656,0.006059998646378517,False
graph_02,water_treatment_system,1,shuffled_full,shuffle_07,generation,True,True,,2.495012044906616,0.3075000047683716,-2.1875120401382446,2.495012044906616,0.3075000047683716,-2.1875120401382446,False
graph_02,water_treatment_system,1,shuffled_full,shuffle_07,residual_norm,True,True,,0.004010206554085016,0.43767300248146057,0.43366279592737556,0.004010206554085016,0.43767300248146057,0.43366279592737556,False
graph_02,water_treatment_system,1,shuffled_full,shuffle_07,residual_alignment,True,True,,0.04085005074739456,0.054866958409547806,0.014016907662153244,0.04085005074739456,0.054866958409547806,0.014016907662153244,False
graph_02,water_treatment_system,1,shuffled_full,shuffle_07,independence,True,True,,0.06380520761013031,0.06009582057595253,-0.00370938703417778,0.06380520761013031,0.06009582057595253,-0.00370938703417778,False
graph_02,water_treatment_system,1,shuffled_full,shuffle_07,bridge,True,True,,0.0,0.0,0.0,0.0,0.0,0.0,False
graph_02,water_treatment_system,1,shuffled_full,shuffle_07,norm,True,True,,0.0036237624008208513,0.009231091476976871,0.00560732907615602,0.0036237624008208513,0.009231091476976871,0.00560732907615602,False
graph_02,water_treatment_system,1,shuffled_full,shuffle_08,generation,True,True,,2.7528157234191895,0.35639873147010803,-2.3964169919490814,2.7528157234191895,0.35639873147010803,-2.3964169919490814,False
graph_02,water_treatment_system,1,shuffled_full,shuffle_08,residual_norm,True,True,,0.004073670133948326,0.464676171541214,0.46060250140726566,0.004073670133948326,0.464676171541214,0.46060250140726566,False
graph_02,water_treatment_system,1,shuffled_full,shuffle_08,residual_alignment,True,True,,0.03784186393022537,0.07858812808990479,0.04074626415967941,0.03784186393022537,0.07858812808990479,0.04074626415967941,False
graph_02,water_treatment_system,1,shuffled_full,shuffle_08,independence,True,True,,0.06390926241874695,0.061946697533130646,-0.0019625648856163025,0.06390926241874695,0.061946697533130646,-0.0019625648856163025,False
graph_02,water_treatment_system,1,shuffled_full,shuffle_08,bridge,True,True,,0.0,0.0,0.0,0.0,0.0,0.0,False
graph_02,water_treatment_system,1,shuffled_full,shuffle_08,norm,True,True,,0.003862453391775489,0.025321578606963158,0.02145912521518767,0.003862453391775489,0.025321578606963158,0.02145912521518767,False
graph_02,water_treatment_system,1,shuffled_full,shuffle_09,generation,True,True,,2.467593193054199,0.38998234272003174,-2.0776108503341675,2.467593193054199,0.38998234272003174,-2.0776108503341675,False
graph_02,water_treatment_system,1,shuffled_full,shuffle_09,residual_norm,True,True,,0.003986789379268885,0.5255135893821716,0.5215268000029027,0.003986789379268885,0.5255135893821716,0.5215268000029027,False
graph_02,water_treatment_system,1,shuffled_full,shuffle_09,residual_alignment,True,True,,0.04169147461652756,0.07037310302257538,0.02868162840604782,0.04169147461652756,0.07037310302257538,0.02868162840604782,False
graph_02,water_treatment_system,1,shuffled_full,shuffle_09,independence,True,True,,0.058037225157022476,0.040508948266506195,-0.01752827689051628,0.058037225157022476,0.040508948266506195,-0.01752827689051628,False
graph_02,water_treatment_system,1,shuffled_full,shuffle_09,bridge,True,True,,0.0,0.0,0.0,0.0,0.0,0.0,False
graph_02,water_treatment_system,1,shuffled_full,shuffle_09,norm,True,True,,0.0036641277838498354,0.00480921333655715,0.0011450855527073145,0.0036641277838498354,0.00480921333655715,0.0011450855527073145,False
graph_02,water_treatment_system,1,shuffled_full,shuffle_10,generation,True,True,,2.3918323516845703,0.3444618880748749,-2.0473704636096954,2.3918323516845703,0.3444618880748749,-2.0473704636096954,False
graph_02,water_treatment_system,1,shuffled_full,shuffle_10,residual_norm,True,True,,0.004032704047858715,0.42840614914894104,0.4243734451010823,0.004032704047858715,0.42840614914894104,0.4243734451010823,False
graph_02,water_treatment_system,1,shuffled_full,shuffle_10,residual_alignment,True,True,,0.044181033968925476,0.061321377754211426,0.01714034378528595,0.044181033968925476,0.061321377754211426,0.01714034378528595,False
graph_02,water_treatment_system,1,shuffled_full,shuffle_10,independence,True,True,,0.05426063761115074,0.043563663959503174,-0.010696973651647568,0.05426063761115074,0.043563663959503174,-0.010696973651647568,False
graph_02,water_treatment_system,1,shuffled_full,shuffle_10,bridge,True,True,,0.0,0.0,0.0,0.0,0.0,0.0,False
graph_02,water_treatment_system,1,shuffled_full,shuffle_10,norm,True,True,,0.0036815654020756483,0.010972202755510807,0.007290637353435159,0.0036815654020756483,0.010972202755510807,0.007290637353435159,False
graph_02,water_treatment_system,1,shuffled_full,shuffle_11,generation,True,True,,2.5923964977264404,0.35929936170578003,-2.2330971360206604,2.5923964977264404,0.35929936170578003,-2.2330971360206604,False
graph_02,water_treatment_system,1,shuffled_full,shuffle_11,residual_norm,True,True,,0.003999602980911732,0.5128952860832214,0.5088956831023097,0.003999602980911732,0.5128952860832214,0.5088956831023097,False
graph_02,water_treatment_system,1,shuffled_full,shuffle_11,residual_alignment,True,True,,0.05547630414366722,0.05838344246149063,0.00290713831782341,0.05547630414366722,0.05838344246149063,0.00290713831782341,False
graph_02,water_treatment_system,1,shuffled_full,shuffle_11,independence,True,True,,0.05992025136947632,0.05275001376867294,-0.007170237600803375,0.05992025136947632,0.05275001376867294,-0.007170237600803375,False
graph_02,water_treatment_system,1,shuffled_full,shuffle_11,bridge,True,True,,0.0,0.0,0.0,0.0,0.0,0.0,False
graph_02,water_treatment_system,1,shuffled_full,shuffle_11,norm,True,True,,0.003915013279765844,0.01486797071993351,0.010952957440167665,0.003915013279765844,0.01486797071993351,0.010952957440167665,False
graph_02,water_treatment_system,1,shuffled_full,shuffle_12,generation,True,True,,2.282064199447632,0.3023706078529358,-1.979693591594696,2.282064199447632,0.3023706078529358,-1.979693591594696,False
graph_02,water_treatment_system,1,shuffled_full,shuffle_12,residual_norm,True,True,,0.004060511011630297,0.405777245759964,0.4017167347483337,0.004060511011630297,0.405777245759964,0.4017167347483337,False
graph_02,water_treatment_system,1,shuffled_full,shuffle_12,residual_alignment,True,True,,0.03676910325884819,0.05446167290210724,0.01769256964325905,0.03676910325884819,0.05446167290210724,0.01769256964325905,False
graph_02,water_treatment_system,1,shuffled_full,shuffle_12,independence,True,True,,0.066718190908432,0.06557820737361908,-0.0011399835348129272,0.066718190908432,0.06557820737361908,-0.0011399835348129272,False
graph_02,water_treatment_system,1,shuffled_full,shuffle_12,bridge,True,True,,0.0,0.0,0.0,0.0,0.0,0.0,False
graph_02,water_treatment_system,1,shuffled_full,shuffle_12,norm,True,True,,0.0036299198400229216,0.0033258371986448765,-0.0003040826413780451,0.0036299198400229216,0.0033258371986448765,-0.0003040826413780451,False
graph_02,water_treatment_system,1,shuffled_full,shuffle_13,generation,True,True,,2.366889238357544,0.3361935019493103,-2.0306957364082336,2.366889238357544,0.3361935019493103,-2.0306957364082336,False
graph_02,water_treatment_system,1,shuffled_full,shuffle_13,residual_norm,True,True,,0.0040106577798724174,0.45194604992866516,0.44793539214879274,0.0040106577798724174,0.45194604992866516,0.44793539214879274,False
graph_02,water_treatment_system,1,shuffled_full,shuffle_13,residual_alignment,True,True,,0.038627125322818756,0.06408825516700745,0.02546112984418869,0.038627125322818756,0.06408825516700745,0.02546112984418869,False
graph_02,water_treatment_system,1,shuffled_full,shuffle_13,independence,True,True,,0.06429274380207062,0.06512150913476944,0.000828765332698822,0.06429274380207062,0.06512150913476944,0.000828765332698822,False
graph_02,water_treatment_system,1,shuffled_full,shuffle_13,bridge,True,True,,0.0,0.0,0.0,0.0,0.0,0.0,False
graph_02,water_treatment_system,1,shuffled_full,shuffle_13,norm,True,True,,0.0036615559365600348,0.00403405399993062,0.00037249806337058544,0.0036615559365600348,0.00403405399993062,0.00037249806337058544,False
graph_02,water_treatment_system,1,shuffled_full,shuffle_14,generation,True,True,,3.067556858062744,0.37411612272262573,-2.6934407353401184,3.067556858062744,0.37411612272262573,-2.6934407353401184,False
graph_02,water_treatment_system,1,shuffled_full,shuffle_14,residual_norm,True,True,,0.004012257792055607,0.49450916051864624,0.49049690272659063,0.004012257792055607,0.49450916051864624,0.49049690272659063,False
graph_02,water_treatment_system,1,shuffled_full,shuffle_14,residual_alignment,True,True,,0.0606885626912117,0.08219806104898453,0.021509498357772827,0.0606885626912117,0.08219806104898453,0.021509498357772827,False
graph_02,water_treatment_system,1,shuffled_full,shuffle_14,independence,True,True,,0.05050700530409813,0.05915938690304756,0.008652381598949432,0.05050700530409813,0.05915938690304756,0.008652381598949432,False
graph_02,water_treatment_system,1,shuffled_full,shuffle_14,bridge,True,True,,0.0,0.0,0.0,0.0,0.0,0.0,False
graph_02,water_treatment_system,1,shuffled_full,shuffle_14,norm,True,True,,0.003920750226825476,0.021673424169421196,0.01775267394259572,0.003920750226825476,0.021673424169421196,0.01775267394259572,False
graph_02,water_treatment_system,1,shuffled_full,shuffle_15,generation,True,True,,2.6598918437957764,0.3622407615184784,-2.297651082277298,2.6598918437957764,0.3622407615184784,-2.297651082277298,False
graph_02,water_treatment_system,1,shuffled_full,shuffle_15,residual_norm,True,True,,0.004011154640465975,0.5106475949287415,0.5066364402882755,0.004011154640465975,0.5106475949287415,0.5066364402882755,False
graph_02,water_treatment_system,1,shuffled_full,shuffle_15,residual_alignment,True,True,,0.0599202886223793,0.06847437471151352,0.008554086089134216,0.0599202886223793,0.06847437471151352,0.008554086089134216,False
graph_02,water_treatment_system,1,shuffled_full,shuffle_15,independence,True,True,,0.06506974995136261,0.06624715775251389,0.0011774078011512756,0.06506974995136261,0.06624715775251389,0.0011774078011512756,False
graph_02,water_treatment_system,1,shuffled_full,shuffle_15,bridge,True,True,,0.0,0.0,0.0,0.0,0.0,0.0,False
graph_02,water_treatment_system,1,shuffled_full,shuffle_15,norm,True,True,,0.0036581314634531736,0.006410057190805674,0.0027519257273525,0.0036581314634531736,0.006410057190805674,0.0027519257273525,False
graph_02,water_treatment_system,1,shuffled_full,shuffle_16,generation,True,True,,2.318227767944336,0.35255610942840576,-1.9656716585159302,2.318227767944336,0.35255610942840576,-1.9656716585159302,False
graph_02,water_treatment_system,1,shuffled_full,shuffle_16,residual_norm,True,True,,0.004019280429929495,0.4840218126773834,0.48000253224745393,0.004019280429929495,0.4840218126773834,0.48000253224745393,False
graph_02,water_treatment_system,1,shuffled_full,shuffle_16,residual_alignment,True,True,,0.04961330443620682,0.0562741681933403,0.006660863757133484,0.04961330443620682,0.0562741681933403,0.006660863757133484,False
graph_02,water_treatment_system,1,shuffled_full,shuffle_16,independence,True,True,,0.05962877348065376,0.05524708703160286,-0.004381686449050903,0.05962877348065376,0.05524708703160286,-0.004381686449050903,False
graph_02,water_treatment_system,1,shuffled_full,shuffle_16,bridge,True,True,,0.0,0.0,0.0,0.0,0.0,0.0,False
graph_02,water_treatment_system,1,shuffled_full,shuffle_16,norm,True,True,,0.0036776892375200987,0.0018968371441587806,-0.0017808520933613181,0.0036776892375200987,0.0018968371441587806,-0.0017808520933613181,False
graph_02,water_treatment_system,1,shuffled_full,shuffle_17,generation,True,True,,2.6059720516204834,0.346380352973938,-2.2595916986465454,2.6059720516204834,0.346380352973938,-2.2595916986465454,False
graph_02,water_treatment_system,1,shuffled_full,shuffle_17,residual_norm,True,True,,0.004004430957138538,0.4922196865081787,0.4882152555510402,0.004004430957138538,0.4922196865081787,0.4882152555510402,False
graph_02,water_treatment_system,1,shuffled_full,shuffle_17,residual_alignment,True,True,,0.0486622080206871,0.07846125215291977,0.029799044132232666,0.0486622080206871,0.07846125215291977,0.029799044132232666,False
graph_02,water_treatment_system,1,shuffled_full,shuffle_17,independence,True,True,,0.06543821096420288,0.06656241416931152,0.0011242032051086426,0.06543821096420288,0.06656241416931152,0.0011242032051086426,False
graph_02,water_treatment_system,1,shuffled_full,shuffle_17,bridge,True,True,,0.0,0.0,0.0,0.0,0.0,0.0,False
graph_02,water_treatment_system,1,shuffled_full,shuffle_17,norm,True,True,,0.0036215297877788544,0.002510641235858202,-0.0011108885519206524,0.0036215297877788544,0.002510641235858202,-0.0011108885519206524,False
graph_02,water_treatment_system,1,shuffled_full,shuffle_18,generation,True,True,,2.7815890312194824,0.3391646444797516,-2.442424386739731,2.7815890312194824,0.3391646444797516,-2.442424386739731,False
graph_02,water_treatment_system,1,shuffled_full,shuffle_18,residual_norm,True,True,,0.004025551024824381,0.5071964859962463,0.503170934971422,0.004025551024824381,0.5071964859962463,0.503170934971422,False
graph_02,water_treatment_system,1,shuffled_full,shuffle_18,residual_alignment,True,True,,0.05516498163342476,0.05775703862309456,0.0025920569896698,0.05516498163342476,0.05775703862309456,0.0025920569896698,False
graph_02,water_treatment_system,1,shuffled_full,shuffle_18,independence,True,True,,0.0652158334851265,0.06628771126270294,0.0010718777775764465,0.0652158334851265,0.06628771126270294,0.0010718777775764465,False
graph_02,water_treatment_system,1,shuffled_full,shuffle_18,bridge,True,True,,0.0,0.0,0.0,0.0,0.0,0.0,False
graph_02,water_treatment_system,1,shuffled_full,shuffle_18,norm,True,True,,0.0036149092484265566,0.0048896134831011295,0.001274704234674573,0.0036149092484265566,0.0048896134831011295,0.001274704234674573,False
graph_02,water_treatment_system,1,shuffled_full,shuffle_19,generation,True,True,,2.480835437774658,0.3140084743499756,-2.1668269634246826,2.480835437774658,0.3140084743499756,-2.1668269634246826,False
graph_02,water_treatment_system,1,shuffled_full,shuffle_19,residual_norm,True,True,,0.004058989230543375,0.43715497851371765,0.4330959892831743,0.004058989230543375,0.43715497851371765,0.4330959892831743,False
graph_02,water_treatment_system,1,shuffled_full,shuffle_19,residual_alignment,True,True,,0.035482630133628845,0.05797179788351059,0.022489167749881744,0.035482630133628845,0.05797179788351059,0.022489167749881744,False
graph_02,water_treatment_system,1,shuffled_full,shuffle_19,independence,True,True,,0.06434076279401779,0.06623876094818115,0.0018979981541633606,0.06434076279401779,0.06623876094818115,0.0018979981541633606,False
graph_02,water_treatment_system,1,shuffled_full,shuffle_19,bridge,True,True,,0.0,0.0,0.0,0.0,0.0,0.0,False
graph_02,water_treatment_system,1,shuffled_full,shuffle_19,norm,True,True,,0.003864327911287546,0.0021927454508841038,-0.0016715824604034424,0.003864327911287546,0.0021927454508841038,-0.0016715824604034424,False
graph_02,water_treatment_system,1,raw_correlation,,generation,False,False,not_applicable_closed_form_baseline,,,,,,,False
graph_02,water_treatment_system,1,raw_correlation,,residual_norm,False,False,not_applicable_closed_form_baseline,,,,,,,False
graph_02,water_treatment_system,1,raw_correlation,,residual_alignment,False,False,not_applicable_closed_form_baseline,,,,,,,False
graph_02,water_treatment_system,1,raw_correlation,,independence,False,False,not_applicable_closed_form_baseline,,,,,,,False
graph_02,water_treatment_system,1,raw_correlation,,bridge,False,False,not_applicable_closed_form_baseline,,,,,,,False
graph_02,water_treatment_system,1,raw_correlation,,norm,False,False,not_applicable_closed_form_baseline,,,,,,,False
graph_02,water_treatment_system,1,uniform,,generation,False,False,not_applicable_closed_form_baseline,,,,,,,False
graph_02,water_treatment_system,1,uniform,,residual_norm,False,False,not_applicable_closed_form_baseline,,,,,,,False
graph_02,water_treatment_system,1,uniform,,residual_alignment,False,False,not_applicable_closed_form_baseline,,,,,,,False
graph_02,water_treatment_system,1,uniform,,independence,False,False,not_applicable_closed_form_baseline,,,,,,,False
graph_02,water_treatment_system,1,uniform,,bridge,False,False,not_applicable_closed_form_baseline,,,,,,,False
graph_02,water_treatment_system,1,uniform,,norm,False,False,not_applicable_closed_form_baseline,,,,,,,False
graph_02,water_treatment_system,2,full_oracle,,generation,True,True,,1.7023926973342896,0.3219326138496399,-1.3804600834846497,1.7023926973342896,0.3219326138496399,-1.3804600834846497,False
graph_02,water_treatment_system,2,full_oracle,,residual_norm,True,True,,0.004152005538344383,0.4074896275997162,0.4033376220613718,0.004152005538344383,0.4074896275997162,0.4033376220613718,False
graph_02,water_treatment_system,2,full_oracle,,residual_alignment,True,True,,0.0015335364732891321,0.05924421176314354,0.05771067528985441,0.0015335364732891321,0.05924421176314354,0.05771067528985441,False
graph_02,water_treatment_system,2,full_oracle,,independence,True,True,,0.059448353946208954,0.056905556470155716,-0.002542797476053238,0.059448353946208954,0.056905556470155716,-0.002542797476053238,False
graph_02,water_treatment_system,2,full_oracle,,bridge,True,True,,0.0,0.0,0.0,0.0,0.0,0.0,False
graph_02,water_treatment_system,2,full_oracle,,norm,True,True,,0.0026529482565820217,0.0022464741487056017,-0.00040647410787642,0.0026529482565820217,0.0022464741487056017,-0.00040647410787642,False
graph_02,water_treatment_system,2,generation_only_oracle,,generation,True,True,,1.7023926973342896,0.0027749326545745134,-1.699617764679715,1.7023926973342896,0.0027749326545745134,-1.699617764679715,False
graph_02,water_treatment_system,2,generation_only_oracle,,residual_norm,False,True,,0.004152005538344383,1.3348033428192139,1.3306513372808695,0.0,0.0,0.0,False
graph_02,water_treatment_system,2,generation_only_oracle,,residual_alignment,False,True,,0.0015335364732891321,0.08537689596414566,0.08384335949085653,0.0,0.0,0.0,False
graph_02,water_treatment_system,2,generation_only_oracle,,independence,False,True,,0.059448353946208954,0.05804980918765068,-0.0013985447585582733,0.0,0.0,0.0,False
graph_02,water_treatment_system,2,generation_only_oracle,,bridge,False,True,,0.0,0.0,0.0,0.0,0.0,0.0,False
graph_02,water_treatment_system,2,generation_only_oracle,,norm,False,True,,0.0026529482565820217,0.0016027601668611169,-0.0010501880897209048,0.0,0.0,0.0,False
graph_02,water_treatment_system,2,oracle_without_generation,,generation,False,True,,1.7023926973342896,3.3788466453552246,1.676453948020935,0.0,0.0,0.0,False
graph_02,water_treatment_system,2,oracle_without_generation,,residual_norm,True,True,,0.004152005538344383,0.03964434191584587,0.03549233637750149,0.004152005538344383,0.03964434191584587,0.03549233637750149,False
graph_02,water_treatment_system,2,oracle_without_generation,,residual_alignment,True,True,,0.0015335364732891321,0.0655960738658905,0.06406253739260137,0.0015335364732891321,0.0655960738658905,0.06406253739260137,False
graph_02,water_treatment_system,2,oracle_without_generation,,independence,True,True,,0.059448353946208954,0.04837565869092941,-0.011072695255279541,0.059448353946208954,0.04837565869092941,-0.011072695255279541,False
graph_02,water_treatment_system,2,oracle_without_generation,,bridge,True,True,,0.0,2.9005977353335766e-07,2.9005977353335766e-07,0.0,2.9005977353335766e-07,2.9005977353335766e-07,False
graph_02,water_treatment_system,2,oracle_without_generation,,norm,True,True,,0.0026529482565820217,3.865453436446842e-06,-0.002649082803145575,0.0026529482565820217,3.865453436446842e-06,-0.002649082803145575,False
graph_02,water_treatment_system,2,residual_only_oracle,,generation,False,True,,1.7023926973342896,1.7530897855758667,0.05069708824157715,0.0,0.0,0.0,False
graph_02,water_treatment_system,2,residual_only_oracle,,residual_norm,True,True,,0.004152005538344383,0.03964434191584587,0.03549233637750149,0.004152005538344383,0.03964434191584587,0.03549233637750149,False
graph_02,water_treatment_system,2,residual_only_oracle,,residual_alignment,True,True,,0.0015335364732891321,0.0655960738658905,0.06406253739260137,0.0015335364732891321,0.0655960738658905,0.06406253739260137,False
graph_02,water_treatment_system,2,residual_only_oracle,,independence,False,True,,0.059448353946208954,0.059448353946208954,0.0,0.0,0.0,0.0,False
graph_02,water_treatment_system,2,residual_only_oracle,,bridge,False,True,,0.0,0.0,0.0,0.0,0.0,0.0,False
graph_02,water_treatment_system,2,residual_only_oracle,,norm,False,True,,0.0026529482565820217,0.0026529482565820217,0.0,0.0,0.0,0.0,False
graph_02,water_treatment_system,2,independence_only_oracle,,generation,False,True,,1.7023926973342896,28.354995727539062,26.652603030204773,0.0,0.0,0.0,False
graph_02,water_treatment_system,2,independence_only_oracle,,residual_norm,False,True,,0.004152005538344383,0.004152005538344383,0.0,0.0,0.0,0.0,False
graph_02,water_treatment_system,2,independence_only_oracle,,residual_alignment,False,True,,0.0015335364732891321,0.0015335364732891321,0.0,0.0,0.0,0.0,False
graph_02,water_treatment_system,2,independence_only_oracle,,independence,True,True,,0.059448353946208954,0.048378605395555496,-0.011069748550653458,0.059448353946208954,0.048378605395555496,-0.011069748550653458,False
graph_02,water_treatment_system,2,independence_only_oracle,,bridge,True,True,,0.0,2.548804786783876e-06,2.548804786783876e-06,0.0,2.548804786783876e-06,2.548804786783876e-06,False
graph_02,water_treatment_system,2,independence_only_oracle,,norm,False,True,,0.0026529482565820217,0.30155912041664124,0.2989061721600592,0.0,0.0,0.0,False
graph_02,water_treatment_system,2,symmetrized_oracle,,generation,True,True,,11.305024147033691,0.906252920627594,-10.398771226406097,11.305024147033691,0.906252920627594,-10.398771226406097,False
graph_02,water_treatment_system,2,symmetrized_oracle,,residual_norm,True,True,,0.004112543072551489,1.6866413354873657,1.6825287924148142,0.004112543072551489,1.6866413354873657,1.6825287924148142,False
graph_02,water_treatment_system,2,symmetrized_oracle,,residual_alignment,True,True,,0.01906055025756359,0.19928078353405,0.1802202332764864,0.01906055025756359,0.19928078353405,0.1802202332764864,False
graph_02,water_treatment_system,2,symmetrized_oracle,,independence,True,True,,0.0,0.0,0.0,0.0,0.0,0.0,False
graph_02,water_treatment_system,2,symmetrized_oracle,,bridge,True,True,,0.0,0.0005447510629892349,0.0005447510629892349,0.0,0.0005447510629892349,0.0005447510629892349,False
graph_02,water_treatment_system,2,symmetrized_oracle,,norm,True,True,,0.0026179912965744734,0.005293169058859348,0.002675177762284875,0.0026179912965744734,0.005293169058859348,0.002675177762284875,False
graph_02,water_treatment_system,2,markov_blanket_oracle,,generation,True,True,,19.499996185302734,1.4448275566101074,-18.055168628692627,19.499996185302734,1.4448275566101074,-18.055168628692627,False
graph_02,water_treatment_system,2,markov_blanket_oracle,,residual_norm,True,True,,0.0041137575171887875,2.792860746383667,2.788746988866478,0.0041137575171887875,2.792860746383667,2.788746988866478,False
graph_02,water_treatment_system,2,markov_blanket_oracle,,residual_alignment,True,True,,0.030786363407969475,0.2022542506456375,0.17146788723766804,0.030786363407969475,0.2022542506456375,0.17146788723766804,False
graph_02,water_treatment_system,2,markov_blanket_oracle,,independence,True,True,,0.0,0.0,0.0,0.0,0.0,0.0,False
graph_02,water_treatment_system,2,markov_blanket_oracle,,bridge,True,True,,0.0,0.00038447679253295064,0.00038447679253295064,0.0,0.00038447679253295064,0.00038447679253295064,False
graph_02,water_treatment_system,2,markov_blanket_oracle,,norm,True,True,,0.002623677020892501,0.006133102346211672,0.003509425325319171,0.002623677020892501,0.006133102346211672,0.003509425325319171,False
graph_02,water_treatment_system,2,same_module_graph,,generation,True,True,,7.855236530303955,0.8229857087135315,-7.032250821590424,7.855236530303955,0.8229857087135315,-7.032250821590424,False
graph_02,water_treatment_system,2,same_module_graph,,residual_norm,True,True,,0.004101110156625509,1.5276947021484375,1.523593591991812,0.004101110156625509,1.5276947021484375,1.523593591991812,False
graph_02,water_treatment_system,2,same_module_graph,,residual_alignment,True,True,,0.03644115850329399,0.2932993173599243,0.2568581588566303,0.03644115850329399,0.2932993173599243,0.2568581588566303,False
graph_02,water_treatment_system,2,same_module_graph,,independence,True,True,,0.054143521934747696,0.05018051341176033,-0.003963008522987366,0.054143521934747696,0.05018051341176033,-0.003963008522987366,False
graph_02,water_treatment_system,2,same_module_graph,,bridge,True,True,,0.0,0.0,0.0,0.0,0.0,0.0,False
graph_02,water_treatment_system,2,same_module_graph,,norm,True,True,,0.002642970299348235,0.00635698065161705,0.003714010352268815,0.002642970299348235,0.00635698065161705,0.003714010352268815,False
graph_02,water_treatment_system,2,reversed_full,,generation,True,True,,3.4874870777130127,0.2630959451198578,-3.224391132593155,3.4874870777130127,0.2630959451198578,-3.224391132593155,False
graph_02,water_treatment_system,2,reversed_full,,residual_norm,True,True,,0.0040643648244440556,0.4654085636138916,0.46134419878944755,0.0040643648244440556,0.4654085636138916,0.46134419878944755,False
graph_02,water_treatment_system,2,reversed_full,,residual_alignment,True,True,,0.02001497708261013,0.08532478660345078,0.06530980952084064,0.02001497708261013,0.08532478660345078,0.06530980952084064,False
graph_02,water_treatment_system,2,reversed_full,,independence,True,True,,0.0,0.0,0.0,0.0,0.0,0.0,False
graph_02,water_treatment_system,2,reversed_full,,bridge,True,True,,0.0,0.0,0.0,0.0,0.0,0.0,False
graph_02,water_treatment_system,2,reversed_full,,norm,True,True,,0.002660108730196953,0.0018341386457905173,-0.0008259700844064355,0.002660108730196953,0.0018341386457905173,-0.0008259700844064355,False
graph_02,water_treatment_system,2,shuffled_full,shuffle_00,generation,True,True,,2.608341693878174,0.3796631395816803,-2.2286785542964935,2.608341693878174,0.3796631395816803,-2.2286785542964935,False
graph_02,water_treatment_system,2,shuffled_full,shuffle_00,residual_norm,True,True,,0.004057938698679209,0.48376819491386414,0.4797102562151849,0.004057938698679209,0.48376819491386414,0.4797102562151849,False
graph_02,water_treatment_system,2,shuffled_full,shuffle_00,residual_alignment,True,True,,0.049299485981464386,0.08077496290206909,0.031475476920604706,0.049299485981464386,0.08077496290206909,0.031475476920604706,False
graph_02,water_treatment_system,2,shuffled_full,shuffle_00,independence,True,True,,0.06315045803785324,0.056808505207300186,-0.006341952830553055,0.06315045803785324,0.056808505207300186,-0.006341952830553055,False
graph_02,water_treatment_system,2,shuffled_full,shuffle_00,bridge,True,True,,0.0,0.0,0.0,0.0,0.0,0.0,False
graph_02,water_treatment_system,2,shuffled_full,shuffle_00,norm,True,True,,0.0028155799955129623,0.009500961750745773,0.006685381755232811,0.0028155799955129623,0.009500961750745773,0.006685381755232811,False
graph_02,water_treatment_system,2,shuffled_full,shuffle_01,generation,True,True,,2.2241361141204834,0.27597641944885254,-1.9481596946716309,2.2241361141204834,0.27597641944885254,-1.9481596946716309,False
graph_02,water_treatment_system,2,shuffled_full,shuffle_01,residual_norm,True,True,,0.004087792709469795,0.37357228994369507,0.3694844972342253,0.004087792709469795,0.37357228994369507,0.3694844972342253,False
graph_02,water_treatment_system,2,shuffled_full,shuffle_01,residual_alignment,True,True,,0.04338002949953079,0.049805592745542526,0.006425563246011734,0.04338002949953079,0.049805592745542526,0.006425563246011734,False
graph_02,water_treatment_system,2,shuffled_full,shuffle_01,independence,True,True,,0.06397225707769394,0.056173887103796005,-0.007798369973897934,0.06397225707769394,0.056173887103796005,-0.007798369973897934,False
graph_02,water_treatment_system,2,shuffled_full,shuffle_01,bridge,True,True,,0.0,0.0,0.0,0.0,0.0,0.0,False
graph_02,water_treatment_system,2,shuffled_full,shuffle_01,norm,True,True,,0.002917499979957938,0.00857879500836134,0.005661295028403401,0.002917499979957938,0.00857879500836134,0.005661295028403401,False
graph_02,water_treatment_system,2,shuffled_full,shuffle_02,generation,True,True,,2.48435115814209,0.3231770098209381,-2.1611741483211517,2.48435115814209,0.3231770098209381,-2.1611741483211517,False
graph_02,water_treatment_system,2,shuffled_full,shuffle_02,residual_norm,True,True,,0.00408515939489007,0.4523649215698242,0.44827976217493415,0.00408515939489007,0.4523649215698242,0.44827976217493415,False
graph_02,water_treatment_system,2,shuffled_full,shuffle_02,residual_alignment,True,True,,0.05418282374739647,0.04604433476924896,-0.008138488978147507,0.05418282374739647,0.04604433476924896,-0.008138488978147507,False
graph_02,water_treatment_system,2,shuffled_full,shuffle_02,independence,True,True,,0.06755544990301132,0.06764057278633118,8.512288331985474e-05,0.06755544990301132,0.06764057278633118,8.512288331985474e-05,False
graph_02,water_treatment_system,2,shuffled_full,shuffle_02,bridge,True,True,,0.0,0.0,0.0,0.0,0.0,0.0,False
graph_02,water_treatment_system,2,shuffled_full,shuffle_02,norm,True,True,,0.002685554325580597,0.005241531413048506,0.002555977087467909,0.002685554325580597,0.005241531413048506,0.002555977087467909,False
graph_02,water_treatment_system,2,shuffled_full,shuffle_03,generation,True,True,,2.659935712814331,0.4015754759311676,-2.2583602368831635,2.659935712814331,0.4015754759311676,-2.2583602368831635,False
graph_02,water_treatment_system,2,shuffled_full,shuffle_03,residual_norm,True,True,,0.004087124951183796,0.5186244249343872,0.5145372999832034,0.004087124951183796,0.5186244249343872,0.5145372999832034,False
graph_02,water_treatment_system,2,shuffled_full,shuffle_03,residual_alignment,True,True,,0.052979081869125366,0.08625621348619461,0.033277131617069244,0.052979081869125366,0.08625621348619461,0.033277131617069244,False
graph_02,water_treatment_system,2,shuffled_full,shuffle_03,independence,True,True,,0.06430503726005554,0.03987690433859825,-0.02442813292145729,0.06430503726005554,0.03987690433859825,-0.02442813292145729,False
graph_02,water_treatment_system,2,shuffled_full,shuffle_03,bridge,True,True,,0.0,0.00013534855679608881,0.00013534855679608881,0.0,0.00013534855679608881,0.00013534855679608881,False
graph_02,water_treatment_system,2,shuffled_full,shuffle_03,norm,True,True,,0.002899159211665392,0.0030156741850078106,0.00011651497334241867,0.002899159211665392,0.0030156741850078106,0.00011651497334241867,False
graph_02,water_treatment_system,2,shuffled_full,shuffle_04,generation,True,True,,2.8018836975097656,0.3590857684612274,-2.442797929048538,2.8018836975097656,0.3590857684612274,-2.442797929048538,False
graph_02,water_treatment_system,2,shuffled_full,shuffle_04,residual_norm,True,True,,0.004061780869960785,0.4922626316547394,0.4882008507847786,0.004061780869960785,0.4922626316547394,0.4882008507847786,False
graph_02,water_treatment_system,2,shuffled_full,shuffle_04,residual_alignment,True,True,,0.03838203102350235,0.06664954870939255,0.028267517685890198,0.03838203102350235,0.06664954870939255,0.028267517685890198,False
graph_02,water_treatment_system,2,shuffled_full,shuffle_04,independence,True,True,,0.06066107004880905,0.06630702316761017,0.005645953118801117,0.06066107004880905,0.06630702316761017,0.005645953118801117,False
graph_02,water_treatment_system,2,shuffled_full,shuffle_04,bridge,True,True,,0.0,0.0,0.0,0.0,0.0,0.0,False
graph_02,water_treatment_system,2,shuffled_full,shuffle_04,norm,True,True,,0.002667787251994014,0.007047912571579218,0.004380125319585204,0.002667787251994014,0.007047912571579218,0.004380125319585204,False
graph_02,water_treatment_system,2,shuffled_full,shuffle_05,generation,True,True,,2.834531545639038,0.3906896114349365,-2.4438419342041016,2.834531545639038,0.3906896114349365,-2.4438419342041016,False
graph_02,water_treatment_system,2,shuffled_full,shuffle_05,residual_norm,True,True,,0.004081022925674915,0.5449821949005127,0.5409011719748378,0.004081022925674915,0.5449821949005127,0.5409011719748378,False
graph_02,water_treatment_system,2,shuffled_full,shuffle_05,residual_alignment,True,True,,0.044084448367357254,0.09303148835897446,0.0489470399916172,0.044084448367357254,0.09303148835897446,0.0489470399916172,False
graph_02,water_treatment_system,2,shuffled_full,shuffle_05,independence,True,True,,0.06517425924539566,0.06574641913175583,0.0005721598863601685,0.06517425924539566,0.06574641913175583,0.0005721598863601685,False
graph_02,water_treatment_system,2,shuffled_full,shuffle_05,bridge,True,True,,0.0,0.0,0.0,0.0,0.0,0.0,False
graph_02,water_treatment_system,2,shuffled_full,shuffle_05,norm,True,True,,0.002650654409080744,0.0036870071198791265,0.0010363527107983828,0.002650654409080744,0.0036870071198791265,0.0010363527107983828,False
graph_02,water_treatment_system,2,shuffled_full,shuffle_06,generation,True,True,,2.9121382236480713,0.35758498311042786,-2.5545532405376434,2.9121382236480713,0.35758498311042786,-2.5545532405376434,False
graph_02,water_treatment_system,2,shuffled_full,shuffle_06,residual_norm,True,True,,0.004056575242429972,0.48589086532592773,0.48183429008349776,0.004056575242429972,0.48589086532592773,0.48183429008349776,False
graph_02,water_treatment_system,2,shuffled_full,shuffle_06,residual_alignment,True,True,,0.05891375616192818,0.07684844732284546,0.017934691160917282,0.05891375616192818,0.07684844732284546,0.017934691160917282,False
graph_02,water_treatment_system,2,shuffled_full,shuffle_06,independence,True,True,,0.06499738991260529,0.06406742334365845,-0.0009299665689468384,0.06499738991260529,0.06406742334365845,-0.0009299665689468384,False
graph_02,water_treatment_system,2,shuffled_full,shuffle_06,bridge,True,True,,0.0,0.0,0.0,0.0,0.0,0.0,False
graph_02,water_treatment_system,2,shuffled_full,shuffle_06,norm,True,True,,0.0027989984955638647,0.01092158816754818,0.008122589671984315,0.0027989984955638647,0.01092158816754818,0.008122589671984315,False
graph_02,water_treatment_system,2,shuffled_full,shuffle_07,generation,True,True,,2.623614549636841,0.3327653408050537,-2.290849208831787,2.623614549636841,0.3327653408050537,-2.290849208831787,False
graph_02,water_treatment_system,2,shuffled_full,shuffle_07,residual_norm,True,True,,0.0040623839013278484,0.4600644111633301,0.45600202726200223,0.0040623839013278484,0.4600644111633301,0.45600202726200223,False
graph_02,water_treatment_system,2,shuffled_full,shuffle_07,residual_alignment,True,True,,0.0402260459959507,0.05982764810323715,0.019601602107286453,0.0402260459959507,0.05982764810323715,0.019601602107286453,False
graph_02,water_treatment_system,2,shuffled_full,shuffle_07,independence,True,True,,0.0652455985546112,0.06014888361096382,-0.005096714943647385,0.0652455985546112,0.06014888361096382,-0.005096714943647385,False
graph_02,water_treatment_system,2,shuffled_full,shuffle_07,bridge,True,True,,0.0,0.0,0.0,0.0,0.0,0.0,False
graph_02,water_treatment_system,2,shuffled_full,shuffle_07,norm,True,True,,0.0028218121733516455,0.015273264609277248,0.012451452435925603,0.0028218121733516455,0.015273264609277248,0.012451452435925603,False
graph_02,water_treatment_system,2,shuffled_full,shuffle_08,generation,True,True,,2.6215784549713135,0.3606739044189453,-2.260904550552368,2.6215784549713135,0.3606739044189453,-2.260904550552368,False
graph_02,water_treatment_system,2,shuffled_full,shuffle_08,residual_norm,True,True,,0.004088764078915119,0.5101996660232544,0.5061109019443393,0.004088764078915119,0.5101996660232544,0.5061109019443393,False
graph_02,water_treatment_system,2,shuffled_full,shuffle_08,residual_alignment,True,True,,0.039184097200632095,0.07620865106582642,0.03702455386519432,0.039184097200632095,0.07620865106582642,0.03702455386519432,False
graph_02,water_treatment_system,2,shuffled_full,shuffle_08,independence,True,True,,0.05704854428768158,0.04575718939304352,-0.011291354894638062,0.05704854428768158,0.04575718939304352,-0.011291354894638062,False
graph_02,water_treatment_system,2,shuffled_full,shuffle_08,bridge,True,True,,0.0,0.0,0.0,0.0,0.0,0.0,False
graph_02,water_treatment_system,2,shuffled_full,shuffle_08,norm,True,True,,0.0029572718776762486,0.013255598023533821,0.010298326145857573,0.0029572718776762486,0.013255598023533821,0.010298326145857573,False
graph_02,water_treatment_system,2,shuffled_full,shuffle_09,generation,True,True,,2.4831082820892334,0.3392690122127533,-2.14383926987648,2.4831082820892334,0.3392690122127533,-2.14383926987648,False
graph_02,water_treatment_system,2,shuffled_full,shuffle_09,residual_norm,True,True,,0.004085390828549862,0.5015894174575806,0.4975040266290307,0.004085390828549862,0.5015894174575806,0.4975040266290307,False
graph_02,water_treatment_system,2,shuffled_full,shuffle_09,residual_alignment,True,True,,0.041522905230522156,0.0716155543923378,0.030092649161815643,0.041522905230522156,0.0716155543923378,0.030092649161815643,False
graph_02,water_treatment_system,2,shuffled_full,shuffle_09,independence,True,True,,0.06582513451576233,0.04928033426403999,-0.016544800251722336,0.06582513451576233,0.04928033426403999,-0.016544800251722336,False
graph_02,water_treatment_system,2,shuffled_full,shuffle_09,bridge,True,True,,0.0,0.0,0.0,0.0,0.0,0.0,False
graph_02,water_treatment_system,2,shuffled_full,shuffle_09,norm,True,True,,0.0027460407000035048,0.0012447793269529939,-0.0015012613730505109,0.0027460407000035048,0.0012447793269529939,-0.0015012613730505109,False
graph_02,water_treatment_system,2,shuffled_full,shuffle_10,generation,True,True,,2.385805606842041,0.297588586807251,-2.08821702003479,2.385805606842041,0.297588586807251,-2.08821702003479,False
graph_02,water_treatment_system,2,shuffled_full,shuffle_10,residual_norm,True,True,,0.004103796556591988,0.43018290400505066,0.42607910744845867,0.004103796556591988,0.43018290400505066,0.42607910744845867,False
graph_02,water_treatment_system,2,shuffled_full,shuffle_10,residual_alignment,True,True,,0.045518964529037476,0.04130086302757263,-0.004218101501464844,0.045518964529037476,0.04130086302757263,-0.004218101501464844,False
graph_02,water_treatment_system,2,shuffled_full,shuffle_10,independence,True,True,,0.06609101593494415,0.06676728278398514,0.0006762668490409851,0.06609101593494415,0.06676728278398514,0.0006762668490409851,False
graph_02,water_treatment_system,2,shuffled_full,shuffle_10,bridge,True,True,,0.0,0.0,0.0,0.0,0.0,0.0,False
graph_02,water_treatment_system,2,shuffled_full,shuffle_10,norm,True,True,,0.002668349537998438,0.0035069689620286226,0.0008386194240301847,0.002668349537998438,0.0035069689620286226,0.0008386194240301847,False
graph_02,water_treatment_system,2,shuffled_full,shuffle_11,generation,True,True,,2.8106882572174072,0.3458053469657898,-2.4648829102516174,2.8106882572174072,0.3458053469657898,-2.4648829102516174,False
graph_02,water_treatment_system,2,shuffled_full,shuffle_11,residual_norm,True,True,,0.004047340247780085,0.5158795118331909,0.5118321715854108,0.004047340247780085,0.5158795118331909,0.5118321715854108,False
graph_02,water_treatment_system,2,shuffled_full,shuffle_11,residual_alignment,True,True,,0.05234270915389061,0.06420115381479263,0.011858444660902023,0.05234270915389061,0.06420115381479263,0.011858444660902023,False
graph_02,water_treatment_system,2,shuffled_full,shuffle_11,independence,True,True,,0.06295894086360931,0.06534159183502197,0.0023826509714126587,0.06295894086360931,0.06534159183502197,0.0023826509714126587,False
graph_02,water_treatment_system,2,shuffled_full,shuffle_11,bridge,True,True,,0.0,0.0,0.0,0.0,0.0,0.0,False
graph_02,water_treatment_system,2,shuffled_full,shuffle_11,norm,True,True,,0.002638220088556409,0.0004322302993386984,-0.0022059897892177105,0.002638220088556409,0.0004322302993386984,-0.0022059897892177105,False
graph_02,water_treatment_system,2,shuffled_full,shuffle_12,generation,True,True,,2.430058717727661,0.3413112759590149,-2.0887474417686462,2.430058717727661,0.3413112759590149,-2.0887474417686462,False
graph_02,water_treatment_system,2,shuffled_full,shuffle_12,residual_norm,True,True,,0.004051168914884329,0.44828489422798157,0.44423372531309724,0.004051168914884329,0.44828489422798157,0.44423372531309724,False
graph_02,water_treatment_system,2,shuffled_full,shuffle_12,residual_alignment,True,True,,0.03769879415631294,0.06782487034797668,0.030126076191663742,0.03769879415631294,0.06782487034797668,0.030126076191663742,False
graph_02,water_treatment_system,2,shuffled_full,shuffle_12,independence,True,True,,0.05344295874238014,0.042302705347537994,-0.011140253394842148,0.05344295874238014,0.042302705347537994,-0.011140253394842148,False
graph_02,water_treatment_system,2,shuffled_full,shuffle_12,bridge,True,True,,0.0,1.5011743244031095e-06,1.5011743244031095e-06,0.0,1.5011743244031095e-06,1.5011743244031095e-06,False
graph_02,water_treatment_system,2,shuffled_full,shuffle_12,norm,True,True,,0.002666447078809142,0.0031867437064647675,0.0005202966276556253,0.002666447078809142,0.0031867437064647675,0.0005202966276556253,False
graph_02,water_treatment_system,2,shuffled_full,shuffle_13,generation,True,True,,2.1178183555603027,0.3194768726825714,-1.7983414828777313,2.1178183555603027,0.3194768726825714,-1.7983414828777313,False
graph_02,water_treatment_system,2,shuffled_full,shuffle_13,residual_norm,True,True,,0.004083174746483564,0.41692525148391724,0.41284207673743367,0.004083174746483564,0.41692525148391724,0.41284207673743367,False
graph_02,water_treatment_system,2,shuffled_full,shuffle_13,residual_alignment,True,True,,0.04021405801177025,0.050092168152332306,0.009878110140562057,0.04021405801177025,0.050092168152332306,0.009878110140562057,False
graph_02,water_treatment_system,2,shuffled_full,shuffle_13,independence,True,True,,0.06562316417694092,0.04202201962471008,-0.023601144552230835,0.06562316417694092,0.04202201962471008,-0.023601144552230835,False
graph_02,water_treatment_system,2,shuffled_full,shuffle_13,bridge,True,True,,0.0,3.9204165659612045e-05,3.9204165659612045e-05,0.0,3.9204165659612045e-05,3.9204165659612045e-05,False
graph_02,water_treatment_system,2,shuffled_full,shuffle_13,norm,True,True,,0.0027630229014903307,0.006910829339176416,0.004147806437686086,0.0027630229014903307,0.006910829339176416,0.004147806437686086,False
graph_02,water_treatment_system,2,shuffled_full,shuffle_14,generation,True,True,,2.8817341327667236,0.3595923185348511,-2.5221418142318726,2.8817341327667236,0.3595923185348511,-2.5221418142318726,False
graph_02,water_treatment_system,2,shuffled_full,shuffle_14,residual_norm,True,True,,0.004035400692373514,0.4622308909893036,0.4581954902969301,0.004035400692373514,0.4622308909893036,0.4581954902969301,False
graph_02,water_treatment_system,2,shuffled_full,shuffle_14,residual_alignment,True,True,,0.05679434910416603,0.060105182230472565,0.003310833126306534,0.05679434910416603,0.060105182230472565,0.003310833126306534,False
graph_02,water_treatment_system,2,shuffled_full,shuffle_14,independence,True,True,,0.06476736813783646,0.0602862611413002,-0.004481106996536255,0.06476736813783646,0.0602862611413002,-0.004481106996536255,False
graph_02,water_treatment_system,2,shuffled_full,shuffle_14,bridge,True,True,,0.0,0.0,0.0,0.0,0.0,0.0,False
graph_02,water_treatment_system,2,shuffled_full,shuffle_14,norm,True,True,,0.002791446400806308,0.007399857975542545,0.0046084115747362375,0.002791446400806308,0.007399857975542545,0.0046084115747362375,False
graph_02,water_treatment_system,2,shuffled_full,shuffle_15,generation,True,True,,2.9983787536621094,0.3891479969024658,-2.6092307567596436,2.9983787536621094,0.3891479969024658,-2.6092307567596436,False
graph_02,water_treatment_system,2,shuffled_full,shuffle_15,residual_norm,True,True,,0.0040274872444570065,0.5325499176979065,0.5285224304534495,0.0040274872444570065,0.5325499176979065,0.5285224304534495,False
graph_02,water_treatment_system,2,shuffled_full,shuffle_15,residual_alignment,True,True,,0.057773277163505554,0.09999717772006989,0.04222390055656433,0.057773277163505554,0.09999717772006989,0.04222390055656433,False
graph_02,water_treatment_system,2,shuffled_full,shuffle_15,independence,True,True,,0.0629093274474144,0.05806802958250046,-0.00484129786491394,0.0629093274474144,0.05806802958250046,-0.00484129786491394,False
graph_02,water_treatment_system,2,shuffled_full,shuffle_15,bridge,True,True,,0.0,0.0,0.0,0.0,0.0,0.0,False
graph_02,water_treatment_system,2,shuffled_full,shuffle_15,norm,True,True,,0.0027830840554088354,0.008409098722040653,0.005626014666631818,0.0027830840554088354,0.008409098722040653,0.005626014666631818,False
graph_02,water_treatment_system,2,shuffled_full,shuffle_16,generation,True,True,,2.9412662982940674,0.33042415976524353,-2.610842138528824,2.9412662982940674,0.33042415976524353,-2.610842138528824,False
graph_02,water_treatment_system,2,shuffled_full,shuffle_16,residual_norm,True,True,,0.004080739337950945,0.46804410219192505,0.4639633628539741,0.004080739337950945,0.46804410219192505,0.4639633628539741,False
graph_02,water_treatment_system,2,shuffled_full,shuffle_16,residual_alignment,True,True,,0.04996567592024803,0.04836026951670647,-0.001605406403541565,0.04996567592024803,0.04836026951670647,-0.001605406403541565,False
graph_02,water_treatment_system,2,shuffled_full,shuffle_16,independence,True,True,,0.054754916578531265,0.04402048885822296,-0.010734427720308304,0.054754916578531265,0.04402048885822296,-0.010734427720308304,False
graph_02,water_treatment_system,2,shuffled_full,shuffle_16,bridge,True,True,,0.0,1.4140067833068315e-05,1.4140067833068315e-05,0.0,1.4140067833068315e-05,1.4140067833068315e-05,False
graph_02,water_treatment_system,2,shuffled_full,shuffle_16,norm,True,True,,0.00265264930203557,0.0010869359830394387,-0.0015657133189961314,0.00265264930203557,0.0010869359830394387,-0.0015657133189961314,False
graph_02,water_treatment_system,2,shuffled_full,shuffle_17,generation,True,True,,2.8681671619415283,0.34551388025283813,-2.52265328168869,2.8681671619415283,0.34551388025283813,-2.52265328168869,False
graph_02,water_treatment_system,2,shuffled_full,shuffle_17,residual_norm,True,True,,0.00406415993347764,0.45644158124923706,0.4523774213157594,0.00406415993347764,0.45644158124923706,0.4523774213157594,False
graph_02,water_treatment_system,2,shuffled_full,shuffle_17,residual_alignment,True,True,,0.04690864682197571,0.05683319270610809,0.009924545884132385,0.04690864682197571,0.05683319270610809,0.009924545884132385,False
graph_02,water_treatment_system,2,shuffled_full,shuffle_17,independence,True,True,,0.06266052275896072,0.059934332966804504,-0.0027261897921562195,0.06266052275896072,0.059934332966804504,-0.0027261897921562195,False
graph_02,water_treatment_system,2,shuffled_full,shuffle_17,bridge,True,True,,0.0,0.0,0.0,0.0,0.0,0.0,False
graph_02,water_treatment_system,2,shuffled_full,shuffle_17,norm,True,True,,0.002787340432405472,0.013977131806313992,0.01118979137390852,0.002787340432405472,0.013977131806313992,0.01118979137390852,False
graph_02,water_treatment_system,2,shuffled_full,shuffle_18,generation,True,True,,3.0597527027130127,0.321796178817749,-2.7379565238952637,3.0597527027130127,0.321796178817749,-2.7379565238952637,False
graph_02,water_treatment_system,2,shuffled_full,shuffle_18,residual_norm,True,True,,0.004051193594932556,0.47782185673713684,0.4737706631422043,0.004051193594932556,0.47782185673713684,0.4737706631422043,False
graph_02,water_treatment_system,2,shuffled_full,shuffle_18,residual_alignment,True,True,,0.05191803351044655,0.05661837011575699,0.00470033660531044,0.05191803351044655,0.05661837011575699,0.00470033660531044,False
graph_02,water_treatment_system,2,shuffled_full,shuffle_18,independence,True,True,,0.06270049512386322,0.06632213294506073,0.0036216378211975098,0.06270049512386322,0.06632213294506073,0.0036216378211975098,False
graph_02,water_treatment_system,2,shuffled_full,shuffle_18,bridge,True,True,,0.0,0.0,0.0,0.0,0.0,0.0,False
graph_02,water_treatment_system,2,shuffled_full,shuffle_18,norm,True,True,,0.0026892859023064375,0.02249487303197384,0.0198055871296674,0.0026892859023064375,0.02249487303197384,0.0198055871296674,False
graph_02,water_treatment_system,2,shuffled_full,shuffle_19,generation,True,True,,2.377185821533203,0.30795156955718994,-2.069234251976013,2.377185821533203,0.30795156955718994,-2.069234251976013,False
graph_02,water_treatment_system,2,shuffled_full,shuffle_19,residual_norm,True,True,,0.0041114031337201595,0.41629546880722046,0.4121840656735003,0.0041114031337201595,0.41629546880722046,0.4121840656735003,False
graph_02,water_treatment_system,2,shuffled_full,shuffle_19,residual_alignment,True,True,,0.03684437274932861,0.05324044078588486,0.016396068036556244,0.03684437274932861,0.05324044078588486,0.016396068036556244,False
graph_02,water_treatment_system,2,shuffled_full,shuffle_19,independence,True,True,,0.06192976236343384,0.050994329154491425,-0.010935433208942413,0.06192976236343384,0.050994329154491425,-0.010935433208942413,False
graph_02,water_treatment_system,2,shuffled_full,shuffle_19,bridge,True,True,,0.0,0.0,0.0,0.0,0.0,0.0,False
graph_02,water_treatment_system,2,shuffled_full,shuffle_19,norm,True,True,,0.0029286984354257584,0.024052733555436134,0.021124035120010376,0.0029286984354257584,0.024052733555436134,0.021124035120010376,False
graph_02,water_treatment_system,2,raw_correlation,,generation,False,False,not_applicable_closed_form_baseline,,,,,,,False
graph_02,water_treatment_system,2,raw_correlation,,residual_norm,False,False,not_applicable_closed_form_baseline,,,,,,,False
graph_02,water_treatment_system,2,raw_correlation,,residual_alignment,False,False,not_applicable_closed_form_baseline,,,,,,,False
graph_02,water_treatment_system,2,raw_correlation,,independence,False,False,not_applicable_closed_form_baseline,,,,,,,False
graph_02,water_treatment_system,2,raw_correlation,,bridge,False,False,not_applicable_closed_form_baseline,,,,,,,False
graph_02,water_treatment_system,2,raw_correlation,,norm,False,False,not_applicable_closed_form_baseline,,,,,,,False
graph_02,water_treatment_system,2,uniform,,generation,False,False,not_applicable_closed_form_baseline,,,,,,,False
graph_02,water_treatment_system,2,uniform,,residual_norm,False,False,not_applicable_closed_form_baseline,,,,,,,False
graph_02,water_treatment_system,2,uniform,,residual_alignment,False,False,not_applicable_closed_form_baseline,,,,,,,False
graph_02,water_treatment_system,2,uniform,,independence,False,False,not_applicable_closed_form_baseline,,,,,,,False
graph_02,water_treatment_system,2,uniform,,bridge,False,False,not_applicable_closed_form_baseline,,,,,,,False
graph_02,water_treatment_system,2,uniform,,norm,False,False,not_applicable_closed_form_baseline,,,,,,,False
graph_02,water_treatment_system,3,full_oracle,,generation,True,True,,2.006967067718506,0.3746565282344818,-1.632310539484024,2.006967067718506,0.3746565282344818,-1.632310539484024,False
graph_02,water_treatment_system,3,full_oracle,,residual_norm,True,True,,0.004141703713685274,0.48659247159957886,0.4824507678858936,0.004141703713685274,0.48659247159957886,0.4824507678858936,False
graph_02,water_treatment_system,3,full_oracle,,residual_alignment,True,True,,0.0016503491206094623,0.04898540675640106,0.0473350576357916,0.0016503491206094623,0.04898540675640106,0.0473350576357916,False
graph_02,water_treatment_system,3,full_oracle,,independence,True,True,,0.05766202136874199,0.05232992768287659,-0.005332093685865402,0.05766202136874199,0.05232992768287659,-0.005332093685865402,False
graph_02,water_treatment_system,3,full_oracle,,bridge,True,True,,0.0,0.0,0.0,0.0,0.0,0.0,False
graph_02,water_treatment_system,3,full_oracle,,norm,True,True,,0.00253275316208601,0.0018358128145337105,-0.0006969403475522995,0.00253275316208601,0.0018358128145337105,-0.0006969403475522995,False
graph_02,water_treatment_system,3,generation_only_oracle,,generation,True,True,,2.006967067718506,0.0027699570637196302,-2.0041971106547862,2.006967067718506,0.0027699570637196302,-2.0041971106547862,False
graph_02,water_treatment_system,3,generation_only_oracle,,residual_norm,False,True,,0.004141703713685274,1.6132458448410034,1.6091041411273181,0.0,0.0,0.0,False
graph_02,water_treatment_system,3,generation_only_oracle,,residual_alignment,False,True,,0.0016503491206094623,0.07144569605588913,0.06979534693527967,0.0,0.0,0.0,False
graph_02,water_treatment_system,3,generation_only_oracle,,independence,False,True,,0.05766202136874199,0.0544770210981369,-0.0031850002706050873,0.0,0.0,0.0,False
graph_02,water_treatment_system,3,generation_only_oracle,,bridge,False,True,,0.0,0.0,0.0,0.0,0.0,0.0,False
graph_02,water_treatment_system,3,generation_only_oracle,,norm,False,True,,0.00253275316208601,0.0018278018105775118,-0.0007049513515084982,0.0,0.0,0.0,False
graph_02,water_treatment_system,3,oracle_without_generation,,generation,False,True,,2.006967067718506,4.225711345672607,2.2187442779541016,0.0,0.0,0.0,False
graph_02,water_treatment_system,3,oracle_without_generation,,residual_norm,True,True,,0.004141703713685274,0.09597359597682953,0.09183189226314425,0.004141703713685274,0.09597359597682953,0.09183189226314425,False
graph_02,water_treatment_system,3,oracle_without_generation,,residual_alignment,True,True,,0.0016503491206094623,0.028787663206458092,0.02713731408584863,0.0016503491206094623,0.028787663206458092,0.02713731408584863,False
graph_02,water_treatment_system,3,oracle_without_generation,,independence,True,True,,0.05766202136874199,0.04208838567137718,-0.015573635697364807,0.05766202136874199,0.04208838567137718,-0.015573635697364807,False
graph_02,water_treatment_system,3,oracle_without_generation,,bridge,True,True,,0.0,2.3680413505644538e-06,2.3680413505644538e-06,0.0,2.3680413505644538e-06,2.3680413505644538e-06,False
graph_02,water_treatment_system,3,oracle_without_generation,,norm,True,True,,0.00253275316208601,5.881530341866892e-06,-0.002526871631744143,0.00253275316208601,5.881530341866892e-06,-0.002526871631744143,False
graph_02,water_treatment_system,3,residual_only_oracle,,generation,False,True,,2.006967067718506,2.131373882293701,0.12440681457519531,0.0,0.0,0.0,False
graph_02,water_treatment_system,3,residual_only_oracle,,residual_norm,True,True,,0.004141703713685274,0.09597359597682953,0.09183189226314425,0.004141703713685274,0.09597359597682953,0.09183189226314425,False
graph_02,water_treatment_system,3,residual_only_oracle,,residual_alignment,True,True,,0.0016503491206094623,0.028787663206458092,0.02713731408584863,0.0016503491206094623,0.028787663206458092,0.02713731408584863,False
graph_02,water_treatment_system,3,residual_only_oracle,,independence,False,True,,0.05766202136874199,0.05766202136874199,0.0,0.0,0.0,0.0,False
graph_02,water_treatment_system,3,residual_only_oracle,,bridge,False,True,,0.0,0.0,0.0,0.0,0.0,0.0,False
graph_02,water_treatment_system,3,residual_only_oracle,,norm,False,True,,0.00253275316208601,0.00253275316208601,0.0,0.0,0.0,0.0,False
graph_02,water_treatment_system,3,independence_only_oracle,,generation,False,True,,2.006967067718506,38.70824432373047,36.70127725601196,0.0,0.0,0.0,False
graph_02,water_treatment_system,3,independence_only_oracle,,residual_norm,False,True,,0.004141703713685274,0.004141703713685274,0.0,0.0,0.0,0.0,False
graph_02,water_treatment_system,3,independence_only_oracle,,residual_alignment,False,True,,0.0016503491206094623,0.0016503491206094623,0.0,0.0,0.0,0.0,False
graph_02,water_treatment_system,3,independence_only_oracle,,independence,True,True,,0.05766202136874199,0.04210352152585983,-0.015558499842882156,0.05766202136874199,0.04210352152585983,-0.015558499842882156,False
graph_02,water_treatment_system,3,independence_only_oracle,,bridge,True,True,,0.0,9.775284524948802e-06,9.775284524948802e-06,0.0,9.775284524948802e-06,9.775284524948802e-06,False
graph_02,water_treatment_system,3,independence_only_oracle,,norm,False,True,,0.00253275316208601,0.29052504897117615,0.28799229580909014,0.0,0.0,0.0,False
graph_02,water_treatment_system,3,symmetrized_oracle,,generation,True,True,,11.429876327514648,1.25308358669281,-10.176792740821838,11.429876327514648,1.25308358669281,-10.176792740821838,False
graph_02,water_treatment_system,3,symmetrized_oracle,,residual_norm,True,True,,0.00409752456471324,2.432593822479248,2.428496297914535,0.00409752456471324,2.432593822479248,2.428496297914535,False
graph_02,water_treatment_system,3,symmetrized_oracle,,residual_alignment,True,True,,0.017483210191130638,0.4034992754459381,0.38601606525480747,0.017483210191130638,0.4034992754459381,0.38601606525480747,False
graph_02,water_treatment_system,3,symmetrized_oracle,,independence,True,True,,0.0,0.0,0.0,0.0,0.0,0.0,False
graph_02,water_treatment_system,3,symmetrized_oracle,,bridge,True,True,,0.0,6.848139310022816e-05,6.848139310022816e-05,0.0,6.848139310022816e-05,6.848139310022816e-05,False
graph_02,water_treatment_system,3,symmetrized_oracle,,norm,True,True,,0.002364876214414835,0.0038095188792794943,0.0014446426648646593,0.002364876214414835,0.0038095188792794943,0.0014446426648646593,False
graph_02,water_treatment_system,3,markov_blanket_oracle,,generation,True,True,,19.520654678344727,2.001051664352417,-17.51960301399231,19.520654678344727,2.001051664352417,-17.51960301399231,False
graph_02,water_treatment_system,3,markov_blanket_oracle,,residual_norm,True,True,,0.004092114977538586,3.9883453845977783,3.9842532696202397,0.004092114977538586,3.9883453845977783,3.9842532696202397,False
graph_02,water_treatment_system,3,markov_blanket_oracle,,residual_alignment,True,True,,0.030693942680954933,0.418020635843277,0.38732669316232204,0.030693942680954933,0.418020635843277,0.38732669316232204,False
graph_02,water_treatment_system,3,markov_blanket_oracle,,independence,True,True,,0.0,0.0,0.0,0.0,0.0,0.0,False
graph_02,water_treatment_system,3,markov_blanket_oracle,,bridge,True,True,,0.0,0.00011505213478812948,0.00011505213478812948,0.0,0.00011505213478812948,0.00011505213478812948,False
graph_02,water_treatment_system,3,markov_blanket_oracle,,norm,True,True,,0.002364862710237503,0.008010035380721092,0.005645172670483589,0.002364862710237503,0.008010035380721092,0.005645172670483589,False
graph_02,water_treatment_system,3,same_module_graph,,generation,True,True,,7.1242146492004395,0.767651379108429,-6.3565632700920105,7.1242146492004395,0.767651379108429,-6.3565632700920105,False
graph_02,water_treatment_system,3,same_module_graph,,residual_norm,True,True,,0.004077120218425989,1.4654743671417236,1.4613972469232976,0.004077120218425989,1.4654743671417236,1.4613972469232976,False
graph_02,water_treatment_system,3,same_module_graph,,residual_alignment,True,True,,0.036983340978622437,0.2674767076969147,0.23049336671829224,0.036983340978622437,0.2674767076969147,0.23049336671829224,False
graph_02,water_treatment_system,3,same_module_graph,,independence,True,True,,0.05387576296925545,0.04681660607457161,-0.007059156894683838,0.05387576296925545,0.04681660607457161,-0.007059156894683838,False
graph_02,water_treatment_system,3,same_module_graph,,bridge,True,True,,0.0,4.373070623842068e-06,4.373070623842068e-06,0.0,4.373070623842068e-06,4.373070623842068e-06,False
graph_02,water_treatment_system,3,same_module_graph,,norm,True,True,,0.002357200486585498,0.009835797362029552,0.007478596875444055,0.002357200486585498,0.009835797362029552,0.007478596875444055,False
graph_02,water_treatment_system,3,reversed_full,,generation,True,True,,3.0393166542053223,0.2732565104961395,-2.7660601437091827,3.0393166542053223,0.2732565104961395,-2.7660601437091827,False
graph_02,water_treatment_system,3,reversed_full,,residual_norm,True,True,,0.004048034083098173,0.5003107190132141,0.49626268493011594,0.004048034083098173,0.5003107190132141,0.49626268493011594,False
graph_02,water_treatment_system,3,reversed_full,,residual_alignment,True,True,,0.019267242401838303,0.07030798494815826,0.05104074254631996,0.019267242401838303,0.07030798494815826,0.05104074254631996,False
graph_02,water_treatment_system,3,reversed_full,,independence,True,True,,0.0,0.0,0.0,0.0,0.0,0.0,False
graph_02,water_treatment_system,3,reversed_full,,bridge,True,True,,0.0,0.0,0.0,0.0,0.0,0.0,False
graph_02,water_treatment_system,3,reversed_full,,norm,True,True,,0.0023641050793230534,0.0021265544928610325,-0.00023755058646202087,0.0023641050793230534,0.0021265544928610325,-0.00023755058646202087,False
graph_02,water_treatment_system,3,shuffled_full,shuffle_00,generation,True,True,,2.66308331489563,0.36131128668785095,-2.301772028207779,2.66308331489563,0.36131128668785095,-2.301772028207779,False
graph_02,water_treatment_system,3,shuffled_full,shuffle_00,residual_norm,True,True,,0.003998803440481424,0.532234787940979,0.5282359845004976,0.003998803440481424,0.532234787940979,0.5282359845004976,False
graph_02,water_treatment_system,3,shuffled_full,shuffle_00,residual_alignment,True,True,,0.0520181767642498,0.06097976490855217,0.008961588144302368,0.0520181767642498,0.06097976490855217,0.008961588144302368,False
graph_02,water_treatment_system,3,shuffled_full,shuffle_00,independence,True,True,,0.06472095847129822,0.05628325790166855,-0.00843770056962967,0.06472095847129822,0.05628325790166855,-0.00843770056962967,False
graph_02,water_treatment_system,3,shuffled_full,shuffle_00,bridge,True,True,,0.0,2.715403024922125e-05,2.715403024922125e-05,0.0,2.715403024922125e-05,2.715403024922125e-05,False
graph_02,water_treatment_system,3,shuffled_full,shuffle_00,norm,True,True,,0.0024770842865109444,0.01316920854151249,0.010692124255001545,0.0024770842865109444,0.01316920854151249,0.010692124255001545,False
graph_02,water_treatment_system,3,shuffled_full,shuffle_01,generation,True,True,,2.2222654819488525,0.28055983781814575,-1.9417056441307068,2.2222654819488525,0.28055983781814575,-1.9417056441307068,False
graph_02,water_treatment_system,3,shuffled_full,shuffle_01,residual_norm,True,True,,0.004047902766615152,0.39489200711250305,0.3908441043458879,0.004047902766615152,0.39489200711250305,0.3908441043458879,False
graph_02,water_treatment_system,3,shuffled_full,shuffle_01,residual_alignment,True,True,,0.04262145981192589,0.04525228217244148,0.0026308223605155945,0.04262145981192589,0.04525228217244148,0.0026308223605155945,False
graph_02,water_treatment_system,3,shuffled_full,shuffle_01,independence,True,True,,0.06355917453765869,0.062041714787483215,-0.001517459750175476,0.06355917453765869,0.062041714787483215,-0.001517459750175476,False
graph_02,water_treatment_system,3,shuffled_full,shuffle_01,bridge,True,True,,0.0,0.0,0.0,0.0,0.0,0.0,False
graph_02,water_treatment_system,3,shuffled_full,shuffle_01,norm,True,True,,0.002483087358996272,0.017583489418029785,0.015100402059033513,0.002483087358996272,0.017583489418029785,0.015100402059033513,False
graph_02,water_treatment_system,3,shuffled_full,shuffle_02,generation,True,True,,2.3700215816497803,0.34270980954170227,-2.027311772108078,2.3700215816497803,0.34270980954170227,-2.027311772108078,False
graph_02,water_treatment_system,3,shuffled_full,shuffle_02,residual_norm,True,True,,0.004040366970002651,0.44250985980033875,0.4384694928303361,0.004040366970002651,0.44250985980033875,0.4384694928303361,False
graph_02,water_treatment_system,3,shuffled_full,shuffle_02,residual_alignment,True,True,,0.053413208574056625,0.0644451156258583,0.011031907051801682,0.053413208574056625,0.0644451156258583,0.011031907051801682,False
graph_02,water_treatment_system,3,shuffled_full,shuffle_02,independence,True,True,,0.05926002562046051,0.05854697898030281,-0.0007130466401576996,0.05926002562046051,0.05854697898030281,-0.0007130466401576996,False
graph_02,water_treatment_system,3,shuffled_full,shuffle_02,bridge,True,True,,0.0,0.0,0.0,0.0,0.0,0.0,False
graph_02,water_treatment_system,3,shuffled_full,shuffle_02,norm,True,True,,0.002578129991889,0.020249992609024048,0.017671862617135048,0.002578129991889,0.020249992609024048,0.017671862617135048,False
graph_02,water_treatment_system,3,shuffled_full,shuffle_03,generation,True,True,,2.512573003768921,0.35796162486076355,-2.1546113789081573,2.512573003768921,0.35796162486076355,-2.1546113789081573,False
graph_02,water_treatment_system,3,shuffled_full,shuffle_03,residual_norm,True,True,,0.004037054255604744,0.4790615141391754,0.47502445988357067,0.004037054255604744,0.4790615141391754,0.47502445988357067,False
graph_02,water_treatment_system,3,shuffled_full,shuffle_03,residual_alignment,True,True,,0.0536225289106369,0.07979457080364227,0.02617204189300537,0.0536225289106369,0.07979457080364227,0.02617204189300537,False
graph_02,water_treatment_system,3,shuffled_full,shuffle_03,independence,True,True,,0.06101963296532631,0.0624057799577713,0.001386146992444992,0.06101963296532631,0.0624057799577713,0.001386146992444992,False
graph_02,water_treatment_system,3,shuffled_full,shuffle_03,bridge,True,True,,0.0,0.0,0.0,0.0,0.0,0.0,False
graph_02,water_treatment_system,3,shuffled_full,shuffle_03,norm,True,True,,0.0025264755822718143,0.005740473512560129,0.003213997930288315,0.0025264755822718143,0.005740473512560129,0.003213997930288315,False
graph_02,water_treatment_system,3,shuffled_full,shuffle_04,generation,True,True,,2.194856643676758,0.32573965191841125,-1.8691169917583466,2.194856643676758,0.32573965191841125,-1.8691169917583466,False
graph_02,water_treatment_system,3,shuffled_full,shuffle_04,residual_norm,True,True,,0.0041110580787062645,0.4541548788547516,0.4500438207760453,0.0041110580787062645,0.4541548788547516,0.4500438207760453,False
graph_02,water_treatment_system,3,shuffled_full,shuffle_04,residual_alignment,True,True,,0.038727547973394394,0.05356745049357414,0.014839902520179749,0.038727547973394394,0.05356745049357414,0.014839902520179749,False
graph_02,water_treatment_system,3,shuffled_full,shuffle_04,independence,True,True,,0.06677095592021942,0.06480968743562698,-0.0019612684845924377,0.06677095592021942,0.06480968743562698,-0.0019612684845924377,False
graph_02,water_treatment_system,3,shuffled_full,shuffle_04,bridge,True,True,,0.0,0.0,0.0,0.0,0.0,0.0,False
graph_02,water_treatment_system,3,shuffled_full,shuffle_04,norm,True,True,,0.0023928580339998007,0.008107050321996212,0.005714192287996411,0.0023928580339998007,0.008107050321996212,0.005714192287996411,False
graph_02,water_treatment_system,3,shuffled_full,shuffle_05,generation,True,True,,3.0425641536712646,0.42745810747146606,-2.6151060461997986,3.0425641536712646,0.42745810747146606,-2.6151060461997986,False
graph_02,water_treatment_system,3,shuffled_full,shuffle_05,residual_norm,True,True,,0.004000521264970303,0.5645564794540405,0.5605559581890702,0.004000521264970303,0.5645564794540405,0.5605559581890702,False
graph_02,water_treatment_system,3,shuffled_full,shuffle_05,residual_alignment,True,True,,0.04702204465866089,0.11380831897258759,0.0667862743139267,0.04702204465866089,0.11380831897258759,0.0667862743139267,False
graph_02,water_treatment_system,3,shuffled_full,shuffle_05,independence,True,True,,0.06210095435380936,0.05646009370684624,-0.0056408606469631195,0.06210095435380936,0.05646009370684624,-0.0056408606469631195,False
graph_02,water_treatment_system,3,shuffled_full,shuffle_05,bridge,True,True,,0.0,0.0,0.0,0.0,0.0,0.0,False
graph_02,water_treatment_system,3,shuffled_full,shuffle_05,norm,True,True,,0.0025747462641447783,0.03152710571885109,0.02895235945470631,0.0025747462641447783,0.03152710571885109,0.02895235945470631,False
graph_02,water_treatment_system,3,shuffled_full,shuffle_06,generation,True,True,,2.5802392959594727,0.35295453667640686,-2.227284759283066,2.5802392959594727,0.35295453667640686,-2.227284759283066,False
graph_02,water_treatment_system,3,shuffled_full,shuffle_06,residual_norm,True,True,,0.003990499768406153,0.5062990784645081,0.5023085786961019,0.003990499768406153,0.5062990784645081,0.5023085786961019,False
graph_02,water_treatment_system,3,shuffled_full,shuffle_06,residual_alignment,True,True,,0.06197657063603401,0.07515496760606766,0.013178396970033646,0.06197657063603401,0.07515496760606766,0.013178396970033646,False
graph_02,water_treatment_system,3,shuffled_full,shuffle_06,independence,True,True,,0.06617237627506256,0.0606168657541275,-0.005555510520935059,0.06617237627506256,0.0606168657541275,-0.005555510520935059,False
graph_02,water_treatment_system,3,shuffled_full,shuffle_06,bridge,True,True,,0.0,0.0,0.0,0.0,0.0,0.0,False
graph_02,water_treatment_system,3,shuffled_full,shuffle_06,norm,True,True,,0.002455500653013587,0.02648303471505642,0.024027534062042832,0.002455500653013587,0.02648303471505642,0.024027534062042832,False
graph_02,water_treatment_system,3,shuffled_full,shuffle_07,generation,True,True,,2.3984482288360596,0.36023545265197754,-2.038212776184082,2.3984482288360596,0.36023545265197754,-2.038212776184082,False
graph_02,water_treatment_system,3,shuffled_full,shuffle_07,residual_norm,True,True,,0.004024280235171318,0.49907031655311584,0.4950460363179445,0.004024280235171318,0.49907031655311584,0.4950460363179445,False
graph_02,water_treatment_system,3,shuffled_full,shuffle_07,residual_alignment,True,True,,0.03984043374657631,0.07473251968622208,0.03489208593964577,0.03984043374657631,0.07473251968622208,0.03489208593964577,False
graph_02,water_treatment_system,3,shuffled_full,shuffle_07,independence,True,True,,0.06612411141395569,0.06591083854436874,-0.00021327286958694458,0.06612411141395569,0.06591083854436874,-0.00021327286958694458,False
graph_02,water_treatment_system,3,shuffled_full,shuffle_07,bridge,True,True,,0.0,0.0,0.0,0.0,0.0,0.0,False
graph_02,water_treatment_system,3,shuffled_full,shuffle_07,norm,True,True,,0.002351191593334079,0.002901744795963168,0.0005505532026290894,0.002351191593334079,0.002901744795963168,0.0005505532026290894,False
graph_02,water_treatment_system,3,shuffled_full,shuffle_08,generation,True,True,,2.563777208328247,0.3879214823246002,-2.175855726003647,2.563777208328247,0.3879214823246002,-2.175855726003647,False
graph_02,water_treatment_system,3,shuffled_full,shuffle_08,residual_norm,True,True,,0.0040473323315382,0.5515867471694946,0.5475394148379564,0.0040473323315382,0.5515867471694946,0.5475394148379564,False
graph_02,water_treatment_system,3,shuffled_full,shuffle_08,residual_alignment,True,True,,0.038273125886917114,0.08883468061685562,0.05056155472993851,0.038273125886917114,0.08883468061685562,0.05056155472993851,False
graph_02,water_treatment_system,3,shuffled_full,shuffle_08,independence,True,True,,0.0630825087428093,0.052315451204776764,-0.010767057538032532,0.0630825087428093,0.052315451204776764,-0.010767057538032532,False
graph_02,water_treatment_system,3,shuffled_full,shuffle_08,bridge,True,True,,0.0,0.0,0.0,0.0,0.0,0.0,False
graph_02,water_treatment_system,3,shuffled_full,shuffle_08,norm,True,True,,0.002462564967572689,0.006337347906082869,0.0038747829385101795,0.002462564967572689,0.006337347906082869,0.0038747829385101795,False
graph_02,water_treatment_system,3,shuffled_full,shuffle_09,generation,True,True,,2.3289239406585693,0.3298531770706177,-1.9990707635879517,2.3289239406585693,0.3298531770706177,-1.9990707635879517,False
graph_02,water_treatment_system,3,shuffled_full,shuffle_09,residual_norm,True,True,,0.004081341903656721,0.4501625597476959,0.4460812178440392,0.004081341903656721,0.4501625597476959,0.4460812178440392,False
graph_02,water_treatment_system,3,shuffled_full,shuffle_09,residual_alignment,True,True,,0.04116706922650337,0.06516748666763306,0.024000417441129684,0.04116706922650337,0.06516748666763306,0.024000417441129684,False
graph_02,water_treatment_system,3,shuffled_full,shuffle_09,independence,True,True,,0.06556496024131775,0.06398101150989532,-0.0015839487314224243,0.06556496024131775,0.06398101150989532,-0.0015839487314224243,False
graph_02,water_treatment_system,3,shuffled_full,shuffle_09,bridge,True,True,,0.0,0.00012387153401505202,0.00012387153401505202,0.0,0.00012387153401505202,0.00012387153401505202,False
graph_02,water_treatment_system,3,shuffled_full,shuffle_09,norm,True,True,,0.002420972567051649,0.008039575070142746,0.005618602503091097,0.002420972567051649,0.008039575070142746,0.005618602503091097,False
graph_02,water_treatment_system,3,shuffled_full,shuffle_10,generation,True,True,,2.448561191558838,0.32520800828933716,-2.1233531832695007,2.448561191558838,0.32520800828933716,-2.1233531832695007,False
graph_02,water_treatment_system,3,shuffled_full,shuffle_10,residual_norm,True,True,,0.004077241290360689,0.45769503712654114,0.45361779583618045,0.004077241290360689,0.45769503712654114,0.45361779583618045,False
graph_02,water_treatment_system,3,shuffled_full,shuffle_10,residual_alignment,True,True,,0.04292016103863716,0.05919257178902626,0.0162724107503891,0.04292016103863716,0.05919257178902626,0.0162724107503891,False
graph_02,water_treatment_system,3,shuffled_full,shuffle_10,independence,True,True,,0.06372629106044769,0.06494763493537903,0.0012213438749313354,0.06372629106044769,0.06494763493537903,0.0012213438749313354,False
graph_02,water_treatment_system,3,shuffled_full,shuffle_10,bridge,True,True,,0.0,0.0,0.0,0.0,0.0,0.0,False
graph_02,water_treatment_system,3,shuffled_full,shuffle_10,norm,True,True,,0.0025332141667604446,0.027242887765169144,0.0247096735984087,0.0025332141667604446,0.027242887765169144,0.0247096735984087,False
graph_02,water_treatment_system,3,shuffled_full,shuffle_11,generation,True,True,,2.561070203781128,0.3470053970813751,-2.214064806699753,2.561070203781128,0.3470053970813751,-2.214064806699753,False
graph_02,water_treatment_system,3,shuffled_full,shuffle_11,residual_norm,True,True,,0.004038254730403423,0.47685784101486206,0.47281958628445864,0.004038254730403423,0.47685784101486206,0.47281958628445864,False
graph_02,water_treatment_system,3,shuffled_full,shuffle_11,residual_alignment,True,True,,0.05454762279987335,0.06165642291307449,0.007108800113201141,0.05454762279987335,0.06165642291307449,0.007108800113201141,False
graph_02,water_treatment_system,3,shuffled_full,shuffle_11,independence,True,True,,0.05661220848560333,0.06224450096487999,0.005632292479276657,0.05661220848560333,0.06224450096487999,0.005632292479276657,False
graph_02,water_treatment_system,3,shuffled_full,shuffle_11,bridge,True,True,,0.0,0.0,0.0,0.0,0.0,0.0,False
graph_02,water_treatment_system,3,shuffled_full,shuffle_11,norm,True,True,,0.0025195316411554813,0.02423710934817791,0.02171757770702243,0.0025195316411554813,0.02423710934817791,0.02171757770702243,False
graph_02,water_treatment_system,3,shuffled_full,shuffle_12,generation,True,True,,2.1145718097686768,0.2906128168106079,-1.8239589929580688,2.1145718097686768,0.2906128168106079,-1.8239589929580688,False
graph_02,water_treatment_system,3,shuffled_full,shuffle_12,residual_norm,True,True,,0.004053981509059668,0.3992251455783844,0.39517116406932473,0.004053981509059668,0.3992251455783844,0.39517116406932473,False
graph_02,water_treatment_system,3,shuffled_full,shuffle_12,residual_alignment,True,True,,0.03804991766810417,0.05262783169746399,0.014577914029359818,0.03804991766810417,0.05262783169746399,0.014577914029359818,False
graph_02,water_treatment_system,3,shuffled_full,shuffle_12,independence,True,True,,0.0656190738081932,0.06572406738996506,0.00010499358177185059,0.0656190738081932,0.06572406738996506,0.00010499358177185059,False
graph_02,water_treatment_system,3,shuffled_full,shuffle_12,bridge,True,True,,0.0,0.0,0.0,0.0,0.0,0.0,False
graph_02,water_treatment_system,3,shuffled_full,shuffle_12,norm,True,True,,0.002467326819896698,0.008182689547538757,0.005715362727642059,0.002467326819896698,0.008182689547538757,0.005715362727642059,False
graph_02,water_treatment_system,3,shuffled_full,shuffle_13,generation,True,True,,2.1757802963256836,0.37100982666015625,-1.8047704696655273,2.1757802963256836,0.37100982666015625,-1.8047704696655273,False
graph_02,water_treatment_system,3,shuffled_full,shuffle_13,residual_norm,True,True,,0.0040320297703146935,0.4724474847316742,0.4684154549613595,0.0040320297703146935,0.4724474847316742,0.4684154549613595,False
graph_02,water_treatment_system,3,shuffled_full,shuffle_13,residual_alignment,True,True,,0.039092544466257095,0.07923652231693268,0.04014397785067558,0.039092544466257095,0.07923652231693268,0.04014397785067558,False
graph_02,water_treatment_system,3,shuffled_full,shuffle_13,independence,True,True,,0.05911717191338539,0.04577677696943283,-0.01334039494395256,0.05911717191338539,0.04577677696943283,-0.01334039494395256,False
graph_02,water_treatment_system,3,shuffled_full,shuffle_13,bridge,True,True,,0.0,0.0,0.0,0.0,0.0,0.0,False
graph_02,water_treatment_system,3,shuffled_full,shuffle_13,norm,True,True,,0.002476302906870842,0.0025300176348537207,5.3714727982878685e-05,0.002476302906870842,0.0025300176348537207,5.3714727982878685e-05,False
graph_02,water_treatment_system,3,shuffled_full,shuffle_14,generation,True,True,,2.3431477546691895,0.36434975266456604,-1.9787980020046234,2.3431477546691895,0.36434975266456604,-1.9787980020046234,False
graph_02,water_treatment_system,3,shuffled_full,shuffle_14,residual_norm,True,True,,0.004071367438882589,0.49295929074287415,0.48888792330399156,0.004071367438882589,0.49295929074287415,0.48888792330399156,False
graph_02,water_treatment_system,3,shuffled_full,shuffle_14,residual_alignment,True,True,,0.058694154024124146,0.07494842261075974,0.01625426858663559,0.058694154024124146,0.07494842261075974,0.01625426858663559,False
graph_02,water_treatment_system,3,shuffled_full,shuffle_14,independence,True,True,,0.06451892107725143,0.05718575045466423,-0.007333170622587204,0.06451892107725143,0.05718575045466423,-0.007333170622587204,False
graph_02,water_treatment_system,3,shuffled_full,shuffle_14,bridge,True,True,,0.0,0.0,0.0,0.0,0.0,0.0,False
graph_02,water_treatment_system,3,shuffled_full,shuffle_14,norm,True,True,,0.0023870167788118124,0.005794194992631674,0.0034071782138198614,0.0023870167788118124,0.005794194992631674,0.0034071782138198614,False
graph_02,water_treatment_system,3,shuffled_full,shuffle_15,generation,True,True,,2.7256367206573486,0.4461250603199005,-2.279511660337448,2.7256367206573486,0.4461250603199005,-2.279511660337448,False
graph_02,water_treatment_system,3,shuffled_full,shuffle_15,residual_norm,True,True,,0.0040235621854662895,0.5894089341163635,0.5853853719308972,0.0040235621854662895,0.5894089341163635,0.5853853719308972,False
graph_02,water_treatment_system,3,shuffled_full,shuffle_15,residual_alignment,True,True,,0.05992865189909935,0.09328141063451767,0.03335275873541832,0.05992865189909935,0.09328141063451767,0.03335275873541832,False
graph_02,water_treatment_system,3,shuffled_full,shuffle_15,independence,True,True,,0.06170966103672981,0.05391569808125496,-0.0077939629554748535,0.06170966103672981,0.05391569808125496,-0.0077939629554748535,False
graph_02,water_treatment_system,3,shuffled_full,shuffle_15,bridge,True,True,,0.0,0.0,0.0,0.0,0.0,0.0,False
graph_02,water_treatment_system,3,shuffled_full,shuffle_15,norm,True,True,,0.002655936870723963,0.0064559741877019405,0.0038000373169779778,0.002655936870723963,0.0064559741877019405,0.0038000373169779778,False
graph_02,water_treatment_system,3,shuffled_full,shuffle_16,generation,True,True,,2.1407525539398193,0.30658599734306335,-1.834166556596756,2.1407525539398193,0.30658599734306335,-1.834166556596756,False
graph_02,water_treatment_system,3,shuffled_full,shuffle_16,residual_norm,True,True,,0.004086964298039675,0.4176018536090851,0.4135148893110454,0.004086964298039675,0.4176018536090851,0.4135148893110454,False
graph_02,water_treatment_system,3,shuffled_full,shuffle_16,residual_alignment,True,True,,0.05038788542151451,0.04924726113677025,-0.0011406242847442627,0.05038788542151451,0.04924726113677025,-0.0011406242847442627,False
graph_02,water_treatment_system,3,shuffled_full,shuffle_16,independence,True,True,,0.06381485611200333,0.06394077092409134,0.0001259148120880127,0.06381485611200333,0.06394077092409134,0.0001259148120880127,False
graph_02,water_treatment_system,3,shuffled_full,shuffle_16,bridge,True,True,,0.0,0.0,0.0,0.0,0.0,0.0,False
graph_02,water_treatment_system,3,shuffled_full,shuffle_16,norm,True,True,,0.002398501383140683,0.006065865978598595,0.0036673645954579115,0.002398501383140683,0.006065865978598595,0.0036673645954579115,False
graph_02,water_treatment_system,3,shuffled_full,shuffle_17,generation,True,True,,2.4022481441497803,0.3435963988304138,-2.0586517453193665,2.4022481441497803,0.3435963988304138,-2.0586517453193665,False
graph_02,water_treatment_system,3,shuffled_full,shuffle_17,residual_norm,True,True,,0.00401132320985198,0.47035735845565796,0.466346035245806,0.00401132320985198,0.47035735845565796,0.466346035245806,False
graph_02,water_treatment_system,3,shuffled_full,shuffle_17,residual_alignment,True,True,,0.049393121153116226,0.08181647211313248,0.03242335096001625,0.049393121153116226,0.08181647211313248,0.03242335096001625,False
graph_02,water_treatment_system,3,shuffled_full,shuffle_17,independence,True,True,,0.06286552548408508,0.047341179102659225,-0.015524346381425858,0.06286552548408508,0.047341179102659225,-0.015524346381425858,False
graph_02,water_treatment_system,3,shuffled_full,shuffle_17,bridge,True,True,,0.0,0.0,0.0,0.0,0.0,0.0,False
graph_02,water_treatment_system,3,shuffled_full,shuffle_17,norm,True,True,,0.002568305702880025,0.02801690809428692,0.025448602391406894,0.002568305702880025,0.02801690809428692,0.025448602391406894,False
graph_02,water_treatment_system,3,shuffled_full,shuffle_18,generation,True,True,,2.2782905101776123,0.2963462471961975,-1.9819442629814148,2.2782905101776123,0.2963462471961975,-1.9819442629814148,False
graph_02,water_treatment_system,3,shuffled_full,shuffle_18,residual_norm,True,True,,0.0040374561212956905,0.44761213660240173,0.44357468048110604,0.0040374561212956905,0.44761213660240173,0.44357468048110604,False
graph_02,water_treatment_system,3,shuffled_full,shuffle_18,residual_alignment,True,True,,0.05391446873545647,0.048771973699331284,-0.005142495036125183,0.05391446873545647,0.048771973699331284,-0.005142495036125183,False
graph_02,water_treatment_system,3,shuffled_full,shuffle_18,independence,True,True,,0.06521674990653992,0.06360659003257751,-0.0016101598739624023,0.06521674990653992,0.06360659003257751,-0.0016101598739624023,False
graph_02,water_treatment_system,3,shuffled_full,shuffle_18,bridge,True,True,,0.0,0.0,0.0,0.0,0.0,0.0,False
graph_02,water_treatment_system,3,shuffled_full,shuffle_18,norm,True,True,,0.002412603236734867,0.011672546155750751,0.009259942919015884,0.002412603236734867,0.011672546155750751,0.009259942919015884,False
graph_02,water_treatment_system,3,shuffled_full,shuffle_19,generation,True,True,,1.99299156665802,0.33991628885269165,-1.6530752778053284,1.99299156665802,0.33991628885269165,-1.6530752778053284,False
graph_02,water_treatment_system,3,shuffled_full,shuffle_19,residual_norm,True,True,,0.00407308479771018,0.43212035298347473,0.42804726818576455,0.00407308479771018,0.43212035298347473,0.42804726818576455,False
graph_02,water_treatment_system,3,shuffled_full,shuffle_19,residual_alignment,True,True,,0.0384848527610302,0.05626792833209038,0.01778307557106018,0.0384848527610302,0.05626792833209038,0.01778307557106018,False
graph_02,water_treatment_system,3,shuffled_full,shuffle_19,independence,True,True,,0.05497138947248459,0.03957551717758179,-0.015395872294902802,0.05497138947248459,0.03957551717758179,-0.015395872294902802,False
graph_02,water_treatment_system,3,shuffled_full,shuffle_19,bridge,True,True,,0.0,7.958312926348299e-05,7.958312926348299e-05,0.0,7.958312926348299e-05,7.958312926348299e-05,False
graph_02,water_treatment_system,3,shuffled_full,shuffle_19,norm,True,True,,0.002527567557990551,0.0011345722014084458,-0.0013929953565821052,0.002527567557990551,0.0011345722014084458,-0.0013929953565821052,False
graph_02,water_treatment_system,3,raw_correlation,,generation,False,False,not_applicable_closed_form_baseline,,,,,,,False
graph_02,water_treatment_system,3,raw_correlation,,residual_norm,False,False,not_applicable_closed_form_baseline,,,,,,,False
graph_02,water_treatment_system,3,raw_correlation,,residual_alignment,False,False,not_applicable_closed_form_baseline,,,,,,,False
graph_02,water_treatment_system,3,raw_correlation,,independence,False,False,not_applicable_closed_form_baseline,,,,,,,False
graph_02,water_treatment_system,3,raw_correlation,,bridge,False,False,not_applicable_closed_form_baseline,,,,,,,False
graph_02,water_treatment_system,3,raw_correlation,,norm,False,False,not_applicable_closed_form_baseline,,,,,,,False
graph_02,water_treatment_system,3,uniform,,generation,False,False,not_applicable_closed_form_baseline,,,,,,,False
graph_02,water_treatment_system,3,uniform,,residual_norm,False,False,not_applicable_closed_form_baseline,,,,,,,False
graph_02,water_treatment_system,3,uniform,,residual_alignment,False,False,not_applicable_closed_form_baseline,,,,,,,False
graph_02,water_treatment_system,3,uniform,,independence,False,False,not_applicable_closed_form_baseline,,,,,,,False
graph_02,water_treatment_system,3,uniform,,bridge,False,False,not_applicable_closed_form_baseline,,,,,,,False
graph_02,water_treatment_system,3,uniform,,norm,False,False,not_applicable_closed_form_baseline,,,,,,,False
graph_02,water_treatment_system,4,full_oracle,,generation,True,True,,2.191636085510254,0.38502800464630127,-1.8066080808639526,2.191636085510254,0.38502800464630127,-1.8066080808639526,False
graph_02,water_treatment_system,4,full_oracle,,residual_norm,True,True,,0.004108308814466,0.5373987555503845,0.5332904467359185,0.004108308814466,0.5373987555503845,0.5332904467359185,False
graph_02,water_treatment_system,4,full_oracle,,residual_alignment,True,True,,0.0015891477232798934,0.03739634528756142,0.03580719756428152,0.0015891477232798934,0.03739634528756142,0.03580719756428152,False
graph_02,water_treatment_system,4,full_oracle,,independence,True,True,,0.0353073887526989,0.03245944157242775,-0.0028479471802711487,0.0353073887526989,0.03245944157242775,-0.0028479471802711487,False
graph_02,water_treatment_system,4,full_oracle,,bridge,True,True,,0.0,0.0,0.0,0.0,0.0,0.0,False
graph_02,water_treatment_system,4,full_oracle,,norm,True,True,,0.0025371366646140814,0.0019784297328442335,-0.0005587069317698479,0.0025371366646140814,0.0019784297328442335,-0.0005587069317698479,False
graph_02,water_treatment_system,4,generation_only_oracle,,generation,True,True,,2.191636085510254,0.0026350778061896563,-2.1890010077040642,2.191636085510254,0.0026350778061896563,-2.1890010077040642,False
graph_02,water_treatment_system,4,generation_only_oracle,,residual_norm,False,True,,0.004108308814466,1.5738149881362915,1.5697066793218255,0.0,0.0,0.0,False
graph_02,water_treatment_system,4,generation_only_oracle,,residual_alignment,False,True,,0.0015891477232798934,0.061458561569452286,0.05986941384617239,0.0,0.0,0.0,False
graph_02,water_treatment_system,4,generation_only_oracle,,independence,False,True,,0.0353073887526989,0.034638598561286926,-0.000668790191411972,0.0,0.0,0.0,False
graph_02,water_treatment_system,4,generation_only_oracle,,bridge,False,True,,0.0,0.0,0.0,0.0,0.0,0.0,False
graph_02,water_treatment_system,4,generation_only_oracle,,norm,False,True,,0.0025371366646140814,0.0024327076971530914,-0.00010442896746098995,0.0,0.0,0.0,False
graph_02,water_treatment_system,4,oracle_without_generation,,generation,False,True,,2.191636085510254,3.87654972076416,1.6849136352539062,0.0,0.0,0.0,False
graph_02,water_treatment_system,4,oracle_without_generation,,residual_norm,True,True,,0.004108308814466,0.0804019495844841,0.0762936407700181,0.004108308814466,0.0804019495844841,0.0762936407700181,False
graph_02,water_treatment_system,4,oracle_without_generation,,residual_alignment,True,True,,0.0015891477232798934,0.030407652258872986,0.028818504535593092,0.0015891477232798934,0.030407652258872986,0.028818504535593092,False
graph_02,water_treatment_system,4,oracle_without_generation,,independence,True,True,,0.0353073887526989,0.01908329501748085,-0.016224093735218048,0.0353073887526989,0.01908329501748085,-0.016224093735218048,False
graph_02,water_treatment_system,4,oracle_without_generation,,bridge,True,True,,0.0,2.8752967864420498e-06,2.8752967864420498e-06,0.0,2.8752967864420498e-06,2.8752967864420498e-06,False
graph_02,water_treatment_system,4,oracle_without_generation,,norm,True,True,,0.0025371366646140814,1.1069023457821459e-06,-0.0025360297622682992,0.0025371366646140814,1.1069023457821459e-06,-0.0025360297622682992,False
graph_02,water_treatment_system,4,residual_only_oracle,,generation,False,True,,2.191636085510254,2.2897417545318604,0.09810566902160645,0.0,0.0,0.0,False
graph_02,water_treatment_system,4,residual_only_oracle,,residual_norm,True,True,,0.004108308814466,0.0804019495844841,0.0762936407700181,0.004108308814466,0.0804019495844841,0.0762936407700181,False
graph_02,water_treatment_system,4,residual_only_oracle,,residual_alignment,True,True,,0.0015891477232798934,0.030407652258872986,0.028818504535593092,0.0015891477232798934,0.030407652258872986,0.028818504535593092,False
graph_02,water_treatment_system,4,residual_only_oracle,,independence,False,True,,0.0353073887526989,0.0353073887526989,0.0,0.0,0.0,0.0,False
graph_02,water_treatment_system,4,residual_only_oracle,,bridge,False,True,,0.0,0.0,0.0,0.0,0.0,0.0,False
graph_02,water_treatment_system,4,residual_only_oracle,,norm,False,True,,0.0025371366646140814,0.0025371366646140814,0.0,0.0,0.0,0.0,False
graph_02,water_treatment_system,4,independence_only_oracle,,generation,False,True,,2.191636085510254,41.43519973754883,39.243563652038574,0.0,0.0,0.0,False
graph_02,water_treatment_system,4,independence_only_oracle,,residual_norm,False,True,,0.004108308814466,0.004108308814466,0.0,0.0,0.0,0.0,False
graph_02,water_treatment_system,4,independence_only_oracle,,residual_alignment,False,True,,0.0015891477232798934,0.0015891477232798934,0.0,0.0,0.0,0.0,False
graph_02,water_treatment_system,4,independence_only_oracle,,independence,True,True,,0.0353073887526989,0.019093215465545654,-0.016214173287153244,0.0353073887526989,0.019093215465545654,-0.016214173287153244,False
graph_02,water_treatment_system,4,independence_only_oracle,,bridge,True,True,,0.0,9.770114957063925e-06,9.770114957063925e-06,0.0,9.770114957063925e-06,9.770114957063925e-06,False
graph_02,water_treatment_system,4,independence_only_oracle,,norm,False,True,,0.0025371366646140814,0.5920429825782776,0.5895058459136635,0.0,0.0,0.0,False
graph_02,water_treatment_system,4,symmetrized_oracle,,generation,True,True,,13.101959228515625,1.2245792150497437,-11.877380013465881,13.101959228515625,1.2245792150497437,-11.877380013465881,False
graph_02,water_treatment_system,4,symmetrized_oracle,,residual_norm,True,True,,0.004103962332010269,2.4509005546569824,2.446796592324972,0.004103962332010269,2.4509005546569824,2.446796592324972,False
graph_02,water_treatment_system,4,symmetrized_oracle,,residual_alignment,True,True,,0.018757084384560585,0.3062463402748108,0.2874892558902502,0.018757084384560585,0.3062463402748108,0.2874892558902502,False
graph_02,water_treatment_system,4,symmetrized_oracle,,independence,True,True,,0.0,0.0,0.0,0.0,0.0,0.0,False
graph_02,water_treatment_system,4,symmetrized_oracle,,bridge,True,True,,0.0,0.0,0.0,0.0,0.0,0.0,False
graph_02,water_treatment_system,4,symmetrized_oracle,,norm,True,True,,0.0024513646494597197,0.006128566339612007,0.0036772016901522875,0.0024513646494597197,0.006128566339612007,0.0036772016901522875,False
graph_02,water_treatment_system,4,markov_blanket_oracle,,generation,True,True,,22.05217933654785,2.0501890182495117,-20.00199031829834,22.05217933654785,2.0501890182495117,-20.00199031829834,False
graph_02,water_treatment_system,4,markov_blanket_oracle,,residual_norm,True,True,,0.004104042891412973,4.119839668273926,4.115735625382513,0.004104042891412973,4.119839668273926,4.115735625382513,False
graph_02,water_treatment_system,4,markov_blanket_oracle,,residual_alignment,True,True,,0.029816079884767532,0.3931523263454437,0.3633362464606762,0.029816079884767532,0.3931523263454437,0.3633362464606762,False
graph_02,water_treatment_system,4,markov_blanket_oracle,,independence,True,True,,0.0,0.0,0.0,0.0,0.0,0.0,False
graph_02,water_treatment_system,4,markov_blanket_oracle,,bridge,True,True,,0.0,0.0,0.0,0.0,0.0,0.0,False
graph_02,water_treatment_system,4,markov_blanket_oracle,,norm,True,True,,0.0024374378845095634,0.008491367101669312,0.006053929217159748,0.0024374378845095634,0.008491367101669312,0.006053929217159748,False
graph_02,water_treatment_system,4,same_module_graph,,generation,True,True,,9.220453262329102,0.8148148655891418,-8.40563839673996,9.220453262329102,0.8148148655891418,-8.40563839673996,False
graph_02,water_treatment_system,4,same_module_graph,,residual_norm,True,True,,0.004092230461537838,1.5370184183120728,1.532926187850535,0.004092230461537838,1.5370184183120728,1.532926187850535,False
graph_02,water_treatment_system,4,same_module_graph,,residual_alignment,True,True,,0.036201611161231995,0.22864000499248505,0.19243839383125305,0.036201611161231995,0.22864000499248505,0.19243839383125305,False
graph_02,water_treatment_system,4,same_module_graph,,independence,True,True,,0.04809606075286865,0.05131398141384125,0.003217920660972595,0.04809606075286865,0.05131398141384125,0.003217920660972595,False
graph_02,water_treatment_system,4,same_module_graph,,bridge,True,True,,0.0,0.0,0.0,0.0,0.0,0.0,False
graph_02,water_treatment_system,4,same_module_graph,,norm,True,True,,0.0024402940180152655,0.007155498024076223,0.004715204006060958,0.0024402940180152655,0.007155498024076223,0.004715204006060958,False
graph_02,water_treatment_system,4,reversed_full,,generation,True,True,,4.002424716949463,0.2390589416027069,-3.763365775346756,4.002424716949463,0.2390589416027069,-3.763365775346756,False
graph_02,water_treatment_system,4,reversed_full,,residual_norm,True,True,,0.004056835547089577,0.47616517543792725,0.47210833989083767,0.004056835547089577,0.47616517543792725,0.47210833989083767,False
graph_02,water_treatment_system,4,reversed_full,,residual_alignment,True,True,,0.019971473142504692,0.04733172804117203,0.027360254898667336,0.019971473142504692,0.04733172804117203,0.027360254898667336,False
graph_02,water_treatment_system,4,reversed_full,,independence,True,True,,0.0,0.0,0.0,0.0,0.0,0.0,False
graph_02,water_treatment_system,4,reversed_full,,bridge,True,True,,0.0,0.0,0.0,0.0,0.0,0.0,False
graph_02,water_treatment_system,4,reversed_full,,norm,True,True,,0.00249689444899559,0.005537574179470539,0.003040679730474949,0.00249689444899559,0.005537574179470539,0.003040679730474949,False
graph_02,water_treatment_system,4,shuffled_full,shuffle_00,generation,True,True,,3.4439525604248047,0.3540056645870209,-3.089946895837784,3.4439525604248047,0.3540056645870209,-3.089946895837784,False
graph_02,water_treatment_system,4,shuffled_full,shuffle_00,residual_norm,True,True,,0.00407013762742281,0.4878471791744232,0.4837770415470004,0.00407013762742281,0.4878471791744232,0.4837770415470004,False
graph_02,water_treatment_system,4,shuffled_full,shuffle_00,residual_alignment,True,True,,0.05041418597102165,0.06284753978252411,0.012433353811502457,0.05041418597102165,0.06284753978252411,0.012433353811502457,False
graph_02,water_treatment_system,4,shuffled_full,shuffle_00,independence,True,True,,0.05600724741816521,0.0448879636824131,-0.011119283735752106,0.05600724741816521,0.0448879636824131,-0.011119283735752106,False
graph_02,water_treatment_system,4,shuffled_full,shuffle_00,bridge,True,True,,0.0,0.0,0.0,0.0,0.0,0.0,False
graph_02,water_treatment_system,4,shuffled_full,shuffle_00,norm,True,True,,0.0024731550365686417,0.00993367563933134,0.007460520602762699,0.0024731550365686417,0.00993367563933134,0.007460520602762699,False
graph_02,water_treatment_system,4,shuffled_full,shuffle_01,generation,True,True,,3.026017189025879,0.3146529197692871,-2.711364269256592,3.026017189025879,0.3146529197692871,-2.711364269256592,False
graph_02,water_treatment_system,4,shuffled_full,shuffle_01,residual_norm,True,True,,0.004080194979906082,0.4223458170890808,0.41826562210917473,0.004080194979906082,0.4223458170890808,0.41826562210917473,False
graph_02,water_treatment_system,4,shuffled_full,shuffle_01,residual_alignment,True,True,,0.04339859262108803,0.06113924831151962,0.017740655690431595,0.04339859262108803,0.06113924831151962,0.017740655690431595,False
graph_02,water_treatment_system,4,shuffled_full,shuffle_01,independence,True,True,,0.06198842450976372,0.0645439550280571,0.0025555305182933807,0.06198842450976372,0.0645439550280571,0.0025555305182933807,False
graph_02,water_treatment_system,4,shuffled_full,shuffle_01,bridge,True,True,,0.0,0.0,0.0,0.0,0.0,0.0,False
graph_02,water_treatment_system,4,shuffled_full,shuffle_01,norm,True,True,,0.002439206000417471,0.003188173519447446,0.0007489675190299749,0.002439206000417471,0.003188173519447446,0.0007489675190299749,False
graph_02,water_treatment_system,4,shuffled_full,shuffle_02,generation,True,True,,3.035855293273926,0.2509004473686218,-2.784954845905304,3.035855293273926,0.2509004473686218,-2.784954845905304,False
graph_02,water_treatment_system,4,shuffled_full,shuffle_02,residual_norm,True,True,,0.004047620575875044,0.3545210063457489,0.35047338576987386,0.004047620575875044,0.3545210063457489,0.35047338576987386,False
graph_02,water_treatment_system,4,shuffled_full,shuffle_02,residual_alignment,True,True,,0.054282329976558685,0.03728021681308746,-0.017002113163471222,0.054282329976558685,0.03728021681308746,-0.017002113163471222,False
graph_02,water_treatment_system,4,shuffled_full,shuffle_02,independence,True,True,,0.06448967009782791,0.05658477917313576,-0.007904890924692154,0.06448967009782791,0.05658477917313576,-0.007904890924692154,False
graph_02,water_treatment_system,4,shuffled_full,shuffle_02,bridge,True,True,,0.0,0.0,0.0,0.0,0.0,0.0,False
graph_02,water_treatment_system,4,shuffled_full,shuffle_02,norm,True,True,,0.0026082852855324745,0.01610279642045498,0.013494511134922504,0.0026082852855324745,0.01610279642045498,0.013494511134922504,False
graph_02,water_treatment_system,4,shuffled_full,shuffle_03,generation,True,True,,3.2293083667755127,0.3394566476345062,-2.8898517191410065,3.2293083667755127,0.3394566476345062,-2.8898517191410065,False
graph_02,water_treatment_system,4,shuffled_full,shuffle_03,residual_norm,True,True,,0.004098380450159311,0.437076598405838,0.4329782179556787,0.004098380450159311,0.437076598405838,0.4329782179556787,False
graph_02,water_treatment_system,4,shuffled_full,shuffle_03,residual_alignment,True,True,,0.055289823561906815,0.061749428510665894,0.006459604948759079,0.055289823561906815,0.061749428510665894,0.006459604948759079,False
graph_02,water_treatment_system,4,shuffled_full,shuffle_03,independence,True,True,,0.04921960458159447,0.04818379506468773,-0.0010358095169067383,0.04921960458159447,0.04818379506468773,-0.0010358095169067383,False
graph_02,water_treatment_system,4,shuffled_full,shuffle_03,bridge,True,True,,0.0,0.0,0.0,0.0,0.0,0.0,False
graph_02,water_treatment_system,4,shuffled_full,shuffle_03,norm,True,True,,0.0025296001695096493,0.013304367661476135,0.010774767491966486,0.0025296001695096493,0.013304367661476135,0.010774767491966486,False
graph_02,water_treatment_system,4,shuffled_full,shuffle_04,generation,True,True,,3.5994157791137695,0.30793076753616333,-3.291485011577606,3.5994157791137695,0.30793076753616333,-3.291485011577606,False
graph_02,water_treatment_system,4,shuffled_full,shuffle_04,residual_norm,True,True,,0.00402818201109767,0.40359577536582947,0.3995675933547318,0.00402818201109767,0.40359577536582947,0.3995675933547318,False
graph_02,water_treatment_system,4,shuffled_full,shuffle_04,residual_alignment,True,True,,0.03997701779007912,0.053060006350278854,0.013082988560199738,0.03997701779007912,0.053060006350278854,0.013082988560199738,False
graph_02,water_treatment_system,4,shuffled_full,shuffle_04,independence,True,True,,0.061404988169670105,0.05926794931292534,-0.0021370388567447662,0.061404988169670105,0.05926794931292534,-0.0021370388567447662,False
graph_02,water_treatment_system,4,shuffled_full,shuffle_04,bridge,True,True,,0.0,0.0,0.0,0.0,0.0,0.0,False
graph_02,water_treatment_system,4,shuffled_full,shuffle_04,norm,True,True,,0.0025038549210876226,0.019002532586455345,0.016498677665367723,0.0025038549210876226,0.019002532586455345,0.016498677665367723,False
graph_02,water_treatment_system,4,shuffled_full,shuffle_05,generation,True,True,,3.8795037269592285,0.3021436631679535,-3.577360063791275,3.8795037269592285,0.3021436631679535,-3.577360063791275,False
graph_02,water_treatment_system,4,shuffled_full,shuffle_05,residual_norm,True,True,,0.004074824042618275,0.41047146916389465,0.4063966451212764,0.004074824042618275,0.41047146916389465,0.4063966451212764,False
graph_02,water_treatment_system,4,shuffled_full,shuffle_05,residual_alignment,True,True,,0.045425958931446075,0.06149740889668465,0.01607144996523857,0.045425958931446075,0.06149740889668465,0.01607144996523857,False
graph_02,water_treatment_system,4,shuffled_full,shuffle_05,independence,True,True,,0.0636352077126503,0.05949976667761803,-0.004135441035032272,0.0636352077126503,0.05949976667761803,-0.004135441035032272,False
graph_02,water_treatment_system,4,shuffled_full,shuffle_05,bridge,True,True,,0.0,9.725625460532683e-08,9.725625460532683e-08,0.0,9.725625460532683e-08,9.725625460532683e-08,False
graph_02,water_treatment_system,4,shuffled_full,shuffle_05,norm,True,True,,0.0024617111776024103,0.017010068520903587,0.014548357343301177,0.0024617111776024103,0.017010068520903587,0.014548357343301177,False
graph_02,water_treatment_system,4,shuffled_full,shuffle_06,generation,True,True,,2.9219720363616943,0.45006829500198364,-2.4719037413597107,2.9219720363616943,0.45006829500198364,-2.4719037413597107,False
graph_02,water_treatment_system,4,shuffled_full,shuffle_06,residual_norm,True,True,,0.004048693925142288,0.6165489554405212,0.612500261515379,0.004048693925142288,0.6165489554405212,0.612500261515379,False
graph_02,water_treatment_system,4,shuffled_full,shuffle_06,residual_alignment,True,True,,0.06166188418865204,0.09974316507577896,0.03808128088712692,0.06166188418865204,0.09974316507577896,0.03808128088712692,False
graph_02,water_treatment_system,4,shuffled_full,shuffle_06,independence,True,True,,0.05362366512417793,0.04153323173522949,-0.01209043338894844,0.05362366512417793,0.04153323173522949,-0.01209043338894844,False
graph_02,water_treatment_system,4,shuffled_full,shuffle_06,bridge,True,True,,0.0,8.423392864642665e-05,8.423392864642665e-05,0.0,8.423392864642665e-05,8.423392864642665e-05,False
graph_02,water_treatment_system,4,shuffled_full,shuffle_06,norm,True,True,,0.002722540171816945,0.01677003502845764,0.014047494856640697,0.002722540171816945,0.01677003502845764,0.014047494856640697,False
graph_02,water_treatment_system,4,shuffled_full,shuffle_07,generation,True,True,,3.2607972621917725,0.29199254512786865,-2.968804717063904,3.2607972621917725,0.29199254512786865,-2.968804717063904,False
graph_02,water_treatment_system,4,shuffled_full,shuffle_07,residual_norm,True,True,,0.00407232902944088,0.4102174937725067,0.40614516474306583,0.00407232902944088,0.4102174937725067,0.40614516474306583,False
graph_02,water_treatment_system,4,shuffled_full,shuffle_07,residual_alignment,True,True,,0.040385399013757706,0.049534864723682404,0.009149465709924698,0.040385399013757706,0.049534864723682404,0.009149465709924698,False
graph_02,water_treatment_system,4,shuffled_full,shuffle_07,independence,True,True,,0.06301885098218918,0.06118837371468544,-0.0018304772675037384,0.06301885098218918,0.06118837371468544,-0.0018304772675037384,False
graph_02,water_treatment_system,4,shuffled_full,shuffle_07,bridge,True,True,,0.0,0.0,0.0,0.0,0.0,0.0,False
graph_02,water_treatment_system,4,shuffled_full,shuffle_07,norm,True,True,,0.002625107066705823,0.011472361162304878,0.008847254095599055,0.002625107066705823,0.011472361162304878,0.008847254095599055,False
graph_02,water_treatment_system,4,shuffled_full,shuffle_08,generation,True,True,,3.254868507385254,0.2991138696670532,-2.9557546377182007,3.254868507385254,0.2991138696670532,-2.9557546377182007,False
graph_02,water_treatment_system,4,shuffled_full,shuffle_08,residual_norm,True,True,,0.0040321010164916515,0.43213754892349243,0.4281054479070008,0.0040321010164916515,0.43213754892349243,0.4281054479070008,False
graph_02,water_treatment_system,4,shuffled_full,shuffle_08,residual_alignment,True,True,,0.039951469749212265,0.04914527013897896,0.009193800389766693,0.039951469749212265,0.04914527013897896,0.009193800389766693,False
graph_02,water_treatment_system,4,shuffled_full,shuffle_08,independence,True,True,,0.0606767013669014,0.038924768567085266,-0.02175193279981613,0.0606767013669014,0.038924768567085266,-0.02175193279981613,False
graph_02,water_treatment_system,4,shuffled_full,shuffle_08,bridge,True,True,,0.0,3.68164620567768e-07,3.68164620567768e-07,0.0,3.68164620567768e-07,3.68164620567768e-07,False
graph_02,water_treatment_system,4,shuffled_full,shuffle_08,norm,True,True,,0.002598784165456891,0.01364369411021471,0.01104490994475782,0.002598784165456891,0.01364369411021471,0.01104490994475782,False
graph_02,water_treatment_system,4,shuffled_full,shuffle_09,generation,True,True,,2.7821991443634033,0.3740985095500946,-2.4081006348133087,2.7821991443634033,0.3740985095500946,-2.4081006348133087,False
graph_02,water_treatment_system,4,shuffled_full,shuffle_09,residual_norm,True,True,,0.004032627213746309,0.5287546515464783,0.524722024332732,0.004032627213746309,0.5287546515464783,0.524722024332732,False
graph_02,water_treatment_system,4,shuffled_full,shuffle_09,residual_alignment,True,True,,0.04172568395733833,0.06413762271404266,0.02241193875670433,0.04172568395733833,0.06413762271404266,0.02241193875670433,False
graph_02,water_treatment_system,4,shuffled_full,shuffle_09,independence,True,True,,0.05313415080308914,0.04608706384897232,-0.007047086954116821,0.05313415080308914,0.04608706384897232,-0.007047086954116821,False
graph_02,water_treatment_system,4,shuffled_full,shuffle_09,bridge,True,True,,0.0,0.0,0.0,0.0,0.0,0.0,False
graph_02,water_treatment_system,4,shuffled_full,shuffle_09,norm,True,True,,0.0027161387261003256,0.018073203042149544,0.015357064316049218,0.0027161387261003256,0.018073203042149544,0.015357064316049218,False
graph_02,water_treatment_system,4,shuffled_full,shuffle_10,generation,True,True,,2.8558201789855957,0.24621814489364624,-2.6096020340919495,2.8558201789855957,0.24621814489364624,-2.6096020340919495,False
graph_02,water_treatment_system,4,shuffled_full,shuffle_10,residual_norm,True,True,,0.004064676817506552,0.35332736372947693,0.3492626869119704,0.004064676817506552,0.35332736372947693,0.3492626869119704,False
graph_02,water_treatment_system,4,shuffled_full,shuffle_10,residual_alignment,True,True,,0.04808115214109421,0.033119212836027145,-0.014961939305067062,0.04808115214109421,0.033119212836027145,-0.014961939305067062,False
graph_02,water_treatment_system,4,shuffled_full,shuffle_10,independence,True,True,,0.06646102666854858,0.06191941350698471,-0.004541613161563873,0.06646102666854858,0.06191941350698471,-0.004541613161563873,False
graph_02,water_treatment_system,4,shuffled_full,shuffle_10,bridge,True,True,,0.0,0.0,0.0,0.0,0.0,0.0,False
graph_02,water_treatment_system,4,shuffled_full,shuffle_10,norm,True,True,,0.0026612754445523024,0.018716735765337944,0.01605546032078564,0.0026612754445523024,0.018716735765337944,0.01605546032078564,False
graph_02,water_treatment_system,4,shuffled_full,shuffle_11,generation,True,True,,3.050046920776367,0.3538806140422821,-2.696166306734085,3.050046920776367,0.3538806140422821,-2.696166306734085,False
graph_02,water_treatment_system,4,shuffled_full,shuffle_11,residual_norm,True,True,,0.004091182257980108,0.4872312843799591,0.483140102121979,0.004091182257980108,0.4872312843799591,0.483140102121979,False
graph_02,water_treatment_system,4,shuffled_full,shuffle_11,residual_alignment,True,True,,0.052612267434597015,0.048667583614587784,-0.003944683820009232,0.052612267434597015,0.048667583614587784,-0.003944683820009232,False
graph_02,water_treatment_system,4,shuffled_full,shuffle_11,independence,True,True,,0.04977890104055405,0.04056005924940109,-0.009218841791152954,0.04977890104055405,0.04056005924940109,-0.009218841791152954,False
graph_02,water_treatment_system,4,shuffled_full,shuffle_11,bridge,True,True,,0.0,1.704788883216679e-05,1.704788883216679e-05,0.0,1.704788883216679e-05,1.704788883216679e-05,False
graph_02,water_treatment_system,4,shuffled_full,shuffle_11,norm,True,True,,0.0025754421949386597,0.005963013041764498,0.003387570846825838,0.0025754421949386597,0.005963013041764498,0.003387570846825838,False
graph_02,water_treatment_system,4,shuffled_full,shuffle_12,generation,True,True,,3.274611234664917,0.29629936814308167,-2.9783118665218353,3.274611234664917,0.29629936814308167,-2.9783118665218353,False
graph_02,water_treatment_system,4,shuffled_full,shuffle_12,residual_norm,True,True,,0.004084092099219561,0.4054584205150604,0.40137432841584086,0.004084092099219561,0.4054584205150604,0.40137432841584086,False
graph_02,water_treatment_system,4,shuffled_full,shuffle_12,residual_alignment,True,True,,0.04139406979084015,0.037054482847452164,-0.004339586943387985,0.04139406979084015,0.037054482847452164,-0.004339586943387985,False
graph_02,water_treatment_system,4,shuffled_full,shuffle_12,independence,True,True,,0.061116572469472885,0.06524917483329773,0.004132602363824844,0.061116572469472885,0.06524917483329773,0.004132602363824844,False
graph_02,water_treatment_system,4,shuffled_full,shuffle_12,bridge,True,True,,0.0,0.0,0.0,0.0,0.0,0.0,False
graph_02,water_treatment_system,4,shuffled_full,shuffle_12,norm,True,True,,0.0024967279750853777,0.03664908930659294,0.034152361331507564,0.0024967279750853777,0.03664908930659294,0.034152361331507564,False
graph_02,water_treatment_system,4,shuffled_full,shuffle_13,generation,True,True,,2.8671505451202393,0.3218928277492523,-2.545257717370987,2.8671505451202393,0.3218928277492523,-2.545257717370987,False
graph_02,water_treatment_system,4,shuffled_full,shuffle_13,residual_norm,True,True,,0.004067062865942717,0.4347988963127136,0.4307318334467709,0.004067062865942717,0.4347988963127136,0.4307318334467709,False
graph_02,water_treatment_system,4,shuffled_full,shuffle_13,residual_alignment,True,True,,0.04155726730823517,0.05795331671833992,0.01639604941010475,0.04155726730823517,0.05795331671833992,0.01639604941010475,False
graph_02,water_treatment_system,4,shuffled_full,shuffle_13,independence,True,True,,0.053592439740896225,0.04062044620513916,-0.012971993535757065,0.053592439740896225,0.04062044620513916,-0.012971993535757065,False
graph_02,water_treatment_system,4,shuffled_full,shuffle_13,bridge,True,True,,0.0,0.0,0.0,0.0,0.0,0.0,False
graph_02,water_treatment_system,4,shuffled_full,shuffle_13,norm,True,True,,0.002713628811761737,0.008301490917801857,0.00558786210604012,0.002713628811761737,0.008301490917801857,0.00558786210604012,False
graph_02,water_treatment_system,4,shuffled_full,shuffle_14,generation,True,True,,3.4013233184814453,0.38078540563583374,-3.0205379128456116,3.4013233184814453,0.38078540563583374,-3.0205379128456116,False
graph_02,water_treatment_system,4,shuffled_full,shuffle_14,residual_norm,True,True,,0.004083600826561451,0.5264316201210022,0.5223480192944407,0.004083600826561451,0.5264316201210022,0.5223480192944407,False
graph_02,water_treatment_system,4,shuffled_full,shuffle_14,residual_alignment,True,True,,0.056550879031419754,0.06649191677570343,0.009941037744283676,0.056550879031419754,0.06649191677570343,0.009941037744283676,False
graph_02,water_treatment_system,4,shuffled_full,shuffle_14,independence,True,True,,0.05838526040315628,0.04992104321718216,-0.008464217185974121,0.05838526040315628,0.04992104321718216,-0.008464217185974121,False
graph_02,water_treatment_system,4,shuffled_full,shuffle_14,bridge,True,True,,0.0,0.0,0.0,0.0,0.0,0.0,False
graph_02,water_treatment_system,4,shuffled_full,shuffle_14,norm,True,True,,0.002500270027667284,0.005927593447268009,0.003427323419600725,0.002500270027667284,0.005927593447268009,0.003427323419600725,False
graph_02,water_treatment_system,4,shuffled_full,shuffle_15,generation,True,True,,3.712653875350952,0.3701465427875519,-3.3425073325634003,3.712653875350952,0.3701465427875519,-3.3425073325634003,False
graph_02,water_treatment_system,4,shuffled_full,shuffle_15,residual_norm,True,True,,0.004065439570695162,0.5281516909599304,0.5240862513892353,0.004065439570695162,0.5281516909599304,0.5240862513892353,False
graph_02,water_treatment_system,4,shuffled_full,shuffle_15,residual_alignment,True,True,,0.0567723773419857,0.0855182632803917,0.02874588593840599,0.0567723773419857,0.0855182632803917,0.02874588593840599,False
graph_02,water_treatment_system,4,shuffled_full,shuffle_15,independence,True,True,,0.057238735258579254,0.0469641350209713,-0.010274600237607956,0.057238735258579254,0.0469641350209713,-0.010274600237607956,False
graph_02,water_treatment_system,4,shuffled_full,shuffle_15,bridge,True,True,,0.0,0.0,0.0,0.0,0.0,0.0,False
graph_02,water_treatment_system,4,shuffled_full,shuffle_15,norm,True,True,,0.0024956129491329193,0.009776819497346878,0.007281206548213959,0.0024956129491329193,0.009776819497346878,0.007281206548213959,False
graph_02,water_treatment_system,4,shuffled_full,shuffle_16,generation,True,True,,2.9894540309906006,0.3482441008090973,-2.6412099301815033,2.9894540309906006,0.3482441008090973,-2.6412099301815033,False
graph_02,water_treatment_system,4,shuffled_full,shuffle_16,residual_norm,True,True,,0.004081053659319878,0.4771718382835388,0.47309078462421894,0.004081053659319878,0.4771718382835388,0.47309078462421894,False
graph_02,water_treatment_system,4,shuffled_full,shuffle_16,residual_alignment,True,True,,0.04963841661810875,0.053591445088386536,0.003953028470277786,0.04963841661810875,0.053591445088386536,0.003953028470277786,False
graph_02,water_treatment_system,4,shuffled_full,shuffle_16,independence,True,True,,0.04979320615530014,0.03897916525602341,-0.010814040899276733,0.04979320615530014,0.03897916525602341,-0.010814040899276733,False
graph_02,water_treatment_system,4,shuffled_full,shuffle_16,bridge,True,True,,0.0,3.9202113839564845e-06,3.9202113839564845e-06,0.0,3.9202113839564845e-06,3.9202113839564845e-06,False
graph_02,water_treatment_system,4,shuffled_full,shuffle_16,norm,True,True,,0.0024805336724966764,0.0023027544375509024,-0.00017777923494577408,0.0024805336724966764,0.0023027544375509024,-0.00017777923494577408,False
graph_02,water_treatment_system,4,shuffled_full,shuffle_17,generation,True,True,,3.195737600326538,0.3002113699913025,-2.8955262303352356,3.195737600326538,0.3002113699913025,-2.8955262303352356,False
graph_02,water_treatment_system,4,shuffled_full,shuffle_17,residual_norm,True,True,,0.00405959552153945,0.39846763014793396,0.3944080346263945,0.00405959552153945,0.39846763014793396,0.3944080346263945,False
graph_02,water_treatment_system,4,shuffled_full,shuffle_17,residual_alignment,True,True,,0.045906372368335724,0.06098589673638344,0.015079524368047714,0.045906372368335724,0.06098589673638344,0.015079524368047714,False
graph_02,water_treatment_system,4,shuffled_full,shuffle_17,independence,True,True,,0.06027011573314667,0.04878728836774826,-0.011482827365398407,0.06027011573314667,0.04878728836774826,-0.011482827365398407,False
graph_02,water_treatment_system,4,shuffled_full,shuffle_17,bridge,True,True,,0.0,0.0,0.0,0.0,0.0,0.0,False
graph_02,water_treatment_system,4,shuffled_full,shuffle_17,norm,True,True,,0.002640019403770566,0.039321739226579666,0.0366817198228091,0.002640019403770566,0.039321739226579666,0.0366817198228091,False
graph_02,water_treatment_system,4,shuffled_full,shuffle_18,generation,True,True,,3.2355940341949463,0.3357430398464203,-2.899850994348526,3.2355940341949463,0.3357430398464203,-2.899850994348526,False
graph_02,water_treatment_system,4,shuffled_full,shuffle_18,residual_norm,True,True,,0.004025838803499937,0.5141453146934509,0.510119475889951,0.004025838803499937,0.5141453146934509,0.510119475889951,False
graph_02,water_treatment_system,4,shuffled_full,shuffle_18,residual_alignment,True,True,,0.05601387098431587,0.04471265524625778,-0.01130121573805809,0.05601387098431587,0.04471265524625778,-0.01130121573805809,False
graph_02,water_treatment_system,4,shuffled_full,shuffle_18,independence,True,True,,0.056758441030979156,0.04471128061413765,-0.012047160416841507,0.056758441030979156,0.04471128061413765,-0.012047160416841507,False
graph_02,water_treatment_system,4,shuffled_full,shuffle_18,bridge,True,True,,0.0,0.0,0.0,0.0,0.0,0.0,False
graph_02,water_treatment_system,4,shuffled_full,shuffle_18,norm,True,True,,0.0027125582564622164,0.006995366420596838,0.004282808164134622,0.0027125582564622164,0.006995366420596838,0.004282808164134622,False
graph_02,water_treatment_system,4,shuffled_full,shuffle_19,generation,True,True,,2.6441218852996826,0.29677078127861023,-2.3473511040210724,2.6441218852996826,0.29677078127861023,-2.3473511040210724,False
graph_02,water_treatment_system,4,shuffled_full,shuffle_19,residual_norm,True,True,,0.004048785660415888,0.38598236441612244,0.38193357875570655,0.004048785660415888,0.38598236441612244,0.38193357875570655,False
graph_02,water_treatment_system,4,shuffled_full,shuffle_19,residual_alignment,True,True,,0.03782133758068085,0.05662938952445984,0.01880805194377899,0.03782133758068085,0.05662938952445984,0.01880805194377899,False
graph_02,water_treatment_system,4,shuffled_full,shuffle_19,independence,True,True,,0.04854530468583107,0.04784644395112991,-0.0006988607347011566,0.04854530468583107,0.04784644395112991,-0.0006988607347011566,False
graph_02,water_treatment_system,4,shuffled_full,shuffle_19,bridge,True,True,,0.0,0.0,0.0,0.0,0.0,0.0,False
graph_02,water_treatment_system,4,shuffled_full,shuffle_19,norm,True,True,,0.002490726998075843,0.007179003208875656,0.004688276210799813,0.002490726998075843,0.007179003208875656,0.004688276210799813,False
graph_02,water_treatment_system,4,raw_correlation,,generation,False,False,not_applicable_closed_form_baseline,,,,,,,False
graph_02,water_treatment_system,4,raw_correlation,,residual_norm,False,False,not_applicable_closed_form_baseline,,,,,,,False
graph_02,water_treatment_system,4,raw_correlation,,residual_alignment,False,False,not_applicable_closed_form_baseline,,,,,,,False
graph_02,water_treatment_system,4,raw_correlation,,independence,False,False,not_applicable_closed_form_baseline,,,,,,,False
graph_02,water_treatment_system,4,raw_correlation,,bridge,False,False,not_applicable_closed_form_baseline,,,,,,,False
graph_02,water_treatment_system,4,raw_correlation,,norm,False,False,not_applicable_closed_form_baseline,,,,,,,False
graph_02,water_treatment_system,4,uniform,,generation,False,False,not_applicable_closed_form_baseline,,,,,,,False
graph_02,water_treatment_system,4,uniform,,residual_norm,False,False,not_applicable_closed_form_baseline,,,,,,,False
graph_02,water_treatment_system,4,uniform,,residual_alignment,False,False,not_applicable_closed_form_baseline,,,,,,,False
graph_02,water_treatment_system,4,uniform,,independence,False,False,not_applicable_closed_form_baseline,,,,,,,False
graph_02,water_treatment_system,4,uniform,,bridge,False,False,not_applicable_closed_form_baseline,,,,,,,False
graph_02,water_treatment_system,4,uniform,,norm,False,False,not_applicable_closed_form_baseline,,,,,,,False
